[2026-06-09 20:08:46] prepare wikitalk_bs12000_fanout20_50ep_4gpu_featcuda_memshare_public_historical
[2026-06-09 20:08:47,950] torch.distributed.run: [WARNING] master_addr is only used for static rdzv_backend and when rdzv_endpoint is not specified.
[2026-06-09 20:08:47,950] torch.distributed.run: [WARNING] 
[2026-06-09 20:08:47,950] torch.distributed.run: [WARNING] *****************************************
[2026-06-09 20:08:47,950] torch.distributed.run: [WARNING] Setting OMP_NUM_THREADS environment variable for each process to be 1 in default, to avoid your system being overloaded, please further tune the variable for optimal performance in your application as needed. 
[2026-06-09 20:08:47,950] torch.distributed.run: [WARNING] *****************************************
Convert a graph into a bidirected graph: 0.025 seconds, peak memory: 27.028 GB
Construct multi-constraint weights: 0.000 seconds, peak memory: 27.028 GB
[20:16:05] /opt/dgl/src/graph/transform/metis_partition_hetero.cc:89: Partition a graph with 299054 nodes and 833203 edges into 2 parts and get 40058 edge cuts
Metis partitioning: 0.172 seconds, peak memory: 27.028 GB
Convert a graph into a bidirected graph: 0.021 seconds, peak memory: 27.028 GB
Construct multi-constraint weights: 0.000 seconds, peak memory: 27.028 GB
[20:16:06] /opt/dgl/src/graph/transform/metis_partition_hetero.cc:89: Partition a graph with 267424 nodes and 743124 edges into 2 parts and get 30753 edge cuts
Metis partitioning: 0.148 seconds, peak memory: 27.028 GB
Convert a graph into a bidirected graph: 0.023 seconds, peak memory: 27.028 GB
Construct multi-constraint weights: 0.000 seconds, peak memory: 27.028 GB
[20:16:06] /opt/dgl/src/graph/transform/metis_partition_hetero.cc:89: Partition a graph with 300581 nodes and 845668 edges into 2 parts and get 33679 edge cuts
Metis partitioning: 0.166 seconds, peak memory: 27.028 GB
Convert a graph into a bidirected graph: 0.022 seconds, peak memory: 27.028 GB
Construct multi-constraint weights: 0.000 seconds, peak memory: 27.028 GB
[20:16:07] /opt/dgl/src/graph/transform/metis_partition_hetero.cc:89: Partition a graph with 273090 nodes and 752757 edges into 2 parts and get 37090 edge cuts
Metis partitioning: 0.156 seconds, peak memory: 27.028 GB
libibverbs: Warning: couldn't load driver 'libsiw-rdmav34.so': libsiw-rdmav34.so: cannot open shared object file: No such file or directory
libibverbs: Warning: couldn't load driver 'libsiw-rdmav34.so': libsiw-rdmav34.so: cannot open shared object file: No such file or directory
libibverbs: Warning: couldn't load driver 'libbnxt_re-rdmav34.so': libbnxt_re-rdmav34.so: cannot open shared object file: No such file or directory
libibverbs: Warning: couldn't load driver 'libbnxt_re-rdmav34.so': libbnxt_re-rdmav34.so: cannot open shared object file: No such file or directory
libibverbs: Warning: couldn't load driver 'libhns-rdmav34.so': libhns-rdmav34.so: cannot open shared object file: No such file or directory
libibverbs: Warning: couldn't load driver 'libhns-rdmav34.so': libhns-rdmav34.so: cannot open shared object file: No such file or directory
libibverbs: Warning: couldn't load driver 'libqedr-rdmav34.so': libqedr-rdmav34.so: cannot open shared object file: No such file or directory
libibverbs: Warning: couldn't load driver 'libqedr-rdmav34.so': libqedr-rdmav34.so: cannot open shared object file: No such file or directory
libibverbs: Warning: couldn't load driver 'libmthca-rdmav34.so': libmthca-rdmav34.so: cannot open shared object file: No such file or directory
libibverbs: Warning: couldn't load driver 'libmthca-rdmav34.so': libmthca-rdmav34.so: cannot open shared object file: No such file or directory
libibverbs: Warning: couldn't load driver 'libcxgb4-rdmav34.so': libcxgb4-rdmav34.so: cannot open shared object file: No such file or directory
libibverbs: Warning: couldn't load driver 'libcxgb4-rdmav34.so': libcxgb4-rdmav34.so: cannot open shared object file: No such file or directory
libibverbs: Warning: couldn't load driver 'libhfi1verbs-rdmav34.so': libhfi1verbs-rdmav34.so: cannot open shared object file: No such file or directory
libibverbs: Warning: couldn't load driver 'libhfi1verbs-rdmav34.so': libhfi1verbs-rdmav34.so: cannot open shared object file: No such file or directory
libibverbs: Warning: couldn't load driver 'libsiw-rdmav34.so': libsiw-rdmav34.so: cannot open shared object file: No such file or directory
libibverbs: Warning: couldn't load driver 'libmlx4-rdmav34.so': libmlx4-rdmav34.so: cannot open shared object file: No such file or directory
libibverbs: Warning: couldn't load driver 'libmlx4-rdmav34.so': libmlx4-rdmav34.so: cannot open shared object file: No such file or directory
libibverbs: Warning: couldn't load driver 'libbnxt_re-rdmav34.so': libbnxt_re-rdmav34.so: cannot open shared object file: No such file or directory
libibverbs: Warning: couldn't load driver 'libefa-rdmav34.so': libefa-rdmav34.so: cannot open shared object file: No such file or directory
libibverbs: Warning: couldn't load driver 'libefa-rdmav34.so': libefa-rdmav34.so: cannot open shared object file: No such file or directory
libibverbs: Warning: couldn't load driver 'libhns-rdmav34.so': libhns-rdmav34.so: cannot open shared object file: No such file or directory
libibverbs: Warning: couldn't load driver 'libipathverbs-rdmav34.so': libipathverbs-rdmav34.so: cannot open shared object file: No such file or directory
libibverbs: Warning: couldn't load driver 'libipathverbs-rdmav34.so': libipathverbs-rdmav34.so: cannot open shared object file: No such file or directory
libibverbs: Warning: couldn't load driver 'libqedr-rdmav34.so': libqedr-rdmav34.so: cannot open shared object file: No such file or directory
libibverbs: Warning: couldn't load driver 'libocrdma-rdmav34.so': libocrdma-rdmav34.so: cannot open shared object file: No such file or directory
libibverbs: Warning: couldn't load driver 'libocrdma-rdmav34.so': libocrdma-rdmav34.so: cannot open shared object file: No such file or directory
libibverbs: Warning: couldn't load driver 'libmthca-rdmav34.so': libmthca-rdmav34.so: cannot open shared object file: No such file or directory
libibverbs: Warning: couldn't load driver 'libvmw_pvrdma-rdmav34.so': libvmw_pvrdma-rdmav34.so: cannot open shared object file: No such file or directory
libibverbs: Warning: couldn't load driver 'libvmw_pvrdma-rdmav34.so': libvmw_pvrdma-rdmav34.so: cannot open shared object file: No such file or directory
libibverbs: Warning: couldn't load driver 'libcxgb4-rdmav34.so': libcxgb4-rdmav34.so: cannot open shared object file: No such file or directory
libibverbs: Warning: couldn't load driver 'libhfi1verbs-rdmav34.so': libhfi1verbs-rdmav34.so: cannot open shared object file: No such file or directory
libibverbs: Warning: couldn't load driver 'librxe-rdmav34.so': librxe-rdmav34.so: cannot open shared object file: No such file or directory
libibverbs: Warning: couldn't load driver 'librxe-rdmav34.so': librxe-rdmav34.so: cannot open shared object file: No such file or directory
libibverbs: Warning: couldn't load driver 'libmlx4-rdmav34.so': libmlx4-rdmav34.so: cannot open shared object file: No such file or directory
libibverbs: Warning: couldn't load driver 'libefa-rdmav34.so': libefa-rdmav34.so: cannot open shared object file: No such file or directory
libibverbs: Warning: couldn't load driver 'libipathverbs-rdmav34.so': libipathverbs-rdmav34.so: cannot open shared object file: No such file or directory
libibverbs: Warning: couldn't load driver 'libocrdma-rdmav34.so': libocrdma-rdmav34.so: cannot open shared object file: No such file or directory
libibverbs: Warning: couldn't load driver 'libvmw_pvrdma-rdmav34.so': libvmw_pvrdma-rdmav34.so: cannot open shared object file: No such file or directory
libibverbs: Warning: couldn't load driver 'librxe-rdmav34.so': librxe-rdmav34.so: cannot open shared object file: No such file or directory
libibverbs: Warning: couldn't load driver 'libsiw-rdmav34.so': libsiw-rdmav34.so: cannot open shared object file: No such file or directory
libibverbs: Warning: couldn't load driver 'libbnxt_re-rdmav34.so': libbnxt_re-rdmav34.so: cannot open shared object file: No such file or directory
libibverbs: Warning: couldn't load driver 'libhns-rdmav34.so': libhns-rdmav34.so: cannot open shared object file: No such file or directory
libibverbs: Warning: couldn't load driver 'libqedr-rdmav34.so': libqedr-rdmav34.so: cannot open shared object file: No such file or directory
libibverbs: Warning: couldn't load driver 'libmthca-rdmav34.so': libmthca-rdmav34.so: cannot open shared object file: No such file or directory
libibverbs: Warning: couldn't load driver 'libcxgb4-rdmav34.so': libcxgb4-rdmav34.so: cannot open shared object file: No such file or directory
libibverbs: Warning: couldn't load driver 'libhfi1verbs-rdmav34.so': libhfi1verbs-rdmav34.so: cannot open shared object file: No such file or directory
libibverbs: Warning: couldn't load driver 'libmlx4-rdmav34.so': libmlx4-rdmav34.so: cannot open shared object file: No such file or directory
libibverbs: Warning: couldn't load driver 'libefa-rdmav34.so': libefa-rdmav34.so: cannot open shared object file: No such file or directory
libibverbs: Warning: couldn't load driver 'libipathverbs-rdmav34.so': libipathverbs-rdmav34.so: cannot open shared object file: No such file or directory
libibverbs: Warning: couldn't load driver 'libocrdma-rdmav34.so': libocrdma-rdmav34.so: cannot open shared object file: No such file or directory
libibverbs: Warning: couldn't load driver 'libvmw_pvrdma-rdmav34.so': libvmw_pvrdma-rdmav34.so: cannot open shared object file: No such file or directory
libibverbs: Warning: couldn't load driver 'librxe-rdmav34.so': librxe-rdmav34.so: cannot open shared object file: No such file or directory
[2026-06-09 20:16:38] run wikitalk_bs12000_fanout20_50ep_4gpu_featcuda_memshare_public_historical
[2026-06-09 20:16:39,959] torch.distributed.run: [WARNING] master_addr is only used for static rdzv_backend and when rdzv_endpoint is not specified.
[2026-06-09 20:16:39,959] torch.distributed.run: [WARNING] 
[2026-06-09 20:16:39,959] torch.distributed.run: [WARNING] *****************************************
[2026-06-09 20:16:39,959] torch.distributed.run: [WARNING] Setting OMP_NUM_THREADS environment variable for each process to be 1 in default, to avoid your system being overloaded, please further tune the variable for optimal performance in your application as needed. 
[2026-06-09 20:16:39,959] torch.distributed.run: [WARNING] *****************************************
libibverbs: Warning: couldn't load driver 'libsiw-rdmav34.so': libsiw-rdmav34.so: cannot open shared object file: No such file or directory
libibverbs: Warning: couldn't load driver 'libbnxt_re-rdmav34.so': libbnxt_re-rdmav34.so: cannot open shared object file: No such file or directory
libibverbs: Warning: couldn't load driver 'libhns-rdmav34.so': libhns-rdmav34.so: cannot open shared object file: No such file or directory
libibverbs: Warning: couldn't load driver 'libqedr-rdmav34.so': libqedr-rdmav34.so: cannot open shared object file: No such file or directory
libibverbs: Warning: couldn't load driver 'libmthca-rdmav34.so': libmthca-rdmav34.so: cannot open shared object file: No such file or directory
libibverbs: Warning: couldn't load driver 'libcxgb4-rdmav34.so': libcxgb4-rdmav34.so: cannot open shared object file: No such file or directory
libibverbs: Warning: couldn't load driver 'libhfi1verbs-rdmav34.so': libhfi1verbs-rdmav34.so: cannot open shared object file: No such file or directory
libibverbs: Warning: couldn't load driver 'libmlx4-rdmav34.so': libmlx4-rdmav34.so: cannot open shared object file: No such file or directory
libibverbs: Warning: couldn't load driver 'libefa-rdmav34.so': libefa-rdmav34.so: cannot open shared object file: No such file or directory
libibverbs: Warning: couldn't load driver 'libipathverbs-rdmav34.so': libipathverbs-rdmav34.so: cannot open shared object file: No such file or directory
libibverbs: Warning: couldn't load driver 'libocrdma-rdmav34.so': libocrdma-rdmav34.so: cannot open shared object file: No such file or directory
libibverbs: Warning: couldn't load driver 'libvmw_pvrdma-rdmav34.so': libvmw_pvrdma-rdmav34.so: cannot open shared object file: No such file or directory
libibverbs: Warning: couldn't load driver 'librxe-rdmav34.so': librxe-rdmav34.so: cannot open shared object file: No such file or directory
libibverbs: Warning: couldn't load driver 'libsiw-rdmav34.so': libsiw-rdmav34.so: cannot open shared object file: No such file or directory
libibverbs: Warning: couldn't load driver 'libbnxt_re-rdmav34.so': libbnxt_re-rdmav34.so: cannot open shared object file: No such file or directory
libibverbs: Warning: couldn't load driver 'libhns-rdmav34.so': libhns-rdmav34.so: cannot open shared object file: No such file or directory
libibverbs: Warning: couldn't load driver 'libqedr-rdmav34.so': libqedr-rdmav34.so: cannot open shared object file: No such file or directory
libibverbs: Warning: couldn't load driver 'libmthca-rdmav34.so': libmthca-rdmav34.so: cannot open shared object file: No such file or directory
libibverbs: Warning: couldn't load driver 'libcxgb4-rdmav34.so': libcxgb4-rdmav34.so: cannot open shared object file: No such file or directory
libibverbs: Warning: couldn't load driver 'libhfi1verbs-rdmav34.so': libhfi1verbs-rdmav34.so: cannot open shared object file: No such file or directory
libibverbs: Warning: couldn't load driver 'libmlx4-rdmav34.so': libmlx4-rdmav34.so: cannot open shared object file: No such file or directory
libibverbs: Warning: couldn't load driver 'libefa-rdmav34.so': libefa-rdmav34.so: cannot open shared object file: No such file or directory
libibverbs: Warning: couldn't load driver 'libipathverbs-rdmav34.so': libipathverbs-rdmav34.so: cannot open shared object file: No such file or directory
libibverbs: Warning: couldn't load driver 'libocrdma-rdmav34.so': libocrdma-rdmav34.so: cannot open shared object file: No such file or directory
libibverbs: Warning: couldn't load driver 'libvmw_pvrdma-rdmav34.so': libvmw_pvrdma-rdmav34.so: cannot open shared object file: No such file or directory
libibverbs: Warning: couldn't load driver 'librxe-rdmav34.so': librxe-rdmav34.so: cannot open shared object file: No such file or directory
libibverbs: Warning: couldn't load driver 'libsiw-rdmav34.so': libsiw-rdmav34.so: cannot open shared object file: No such file or directory
libibverbs: Warning: couldn't load driver 'libsiw-rdmav34.so': libsiw-rdmav34.so: cannot open shared object file: No such file or directory
libibverbs: Warning: couldn't load driver 'libbnxt_re-rdmav34.so': libbnxt_re-rdmav34.so: cannot open shared object file: No such file or directory
libibverbs: Warning: couldn't load driver 'libbnxt_re-rdmav34.so': libbnxt_re-rdmav34.so: cannot open shared object file: No such file or directory
libibverbs: Warning: couldn't load driver 'libhns-rdmav34.so': libhns-rdmav34.so: cannot open shared object file: No such file or directory
libibverbs: Warning: couldn't load driver 'libhns-rdmav34.so': libhns-rdmav34.so: cannot open shared object file: No such file or directory
libibverbs: Warning: couldn't load driver 'libqedr-rdmav34.so': libqedr-rdmav34.so: cannot open shared object file: No such file or directory
libibverbs: Warning: couldn't load driver 'libqedr-rdmav34.so': libqedr-rdmav34.so: cannot open shared object file: No such file or directory
libibverbs: Warning: couldn't load driver 'libmthca-rdmav34.so': libmthca-rdmav34.so: cannot open shared object file: No such file or directory
libibverbs: Warning: couldn't load driver 'libmthca-rdmav34.so': libmthca-rdmav34.so: cannot open shared object file: No such file or directory
libibverbs: Warning: couldn't load driver 'libcxgb4-rdmav34.so': libcxgb4-rdmav34.so: cannot open shared object file: No such file or directory
libibverbs: Warning: couldn't load driver 'libcxgb4-rdmav34.so': libcxgb4-rdmav34.so: cannot open shared object file: No such file or directory
libibverbs: Warning: couldn't load driver 'libhfi1verbs-rdmav34.so': libhfi1verbs-rdmav34.so: cannot open shared object file: No such file or directory
libibverbs: Warning: couldn't load driver 'libhfi1verbs-rdmav34.so': libhfi1verbs-rdmav34.so: cannot open shared object file: No such file or directory
libibverbs: Warning: couldn't load driver 'libmlx4-rdmav34.so': libmlx4-rdmav34.so: cannot open shared object file: No such file or directory
libibverbs: Warning: couldn't load driver 'libmlx4-rdmav34.so': libmlx4-rdmav34.so: cannot open shared object file: No such file or directory
libibverbs: Warning: couldn't load driver 'libefa-rdmav34.so': libefa-rdmav34.so: cannot open shared object file: No such file or directory
libibverbs: Warning: couldn't load driver 'libefa-rdmav34.so': libefa-rdmav34.so: cannot open shared object file: No such file or directory
libibverbs: Warning: couldn't load driver 'libipathverbs-rdmav34.so': libipathverbs-rdmav34.so: cannot open shared object file: No such file or directory
libibverbs: Warning: couldn't load driver 'libipathverbs-rdmav34.so': libipathverbs-rdmav34.so: cannot open shared object file: No such file or directory
libibverbs: Warning: couldn't load driver 'libocrdma-rdmav34.so': libocrdma-rdmav34.so: cannot open shared object file: No such file or directory
libibverbs: Warning: couldn't load driver 'libocrdma-rdmav34.so': libocrdma-rdmav34.so: cannot open shared object file: No such file or directory
libibverbs: Warning: couldn't load driver 'libvmw_pvrdma-rdmav34.so': libvmw_pvrdma-rdmav34.so: cannot open shared object file: No such file or directory
libibverbs: Warning: couldn't load driver 'libvmw_pvrdma-rdmav34.so': libvmw_pvrdma-rdmav34.so: cannot open shared object file: No such file or directory
libibverbs: Warning: couldn't load driver 'librxe-rdmav34.so': librxe-rdmav34.so: cannot open shared object file: No such file or directory
libibverbs: Warning: couldn't load driver 'librxe-rdmav34.so': librxe-rdmav34.so: cannot open shared object file: No such file or directory
get_neighbors consume: 1.20911s
get_neighbors consume: 1.21758s
get_neighbors consume: 1.25351s
get_neighbors consume: 1.22635s
{"epoch": 0, "rank": 0, "test": {"ap": 0.9466320552482295, "auc": 0.9426628272986881, "loss": 0.7166299154473976}, "timing": {"epoch_wall_seconds": 21.1175953540951, "other_wall_seconds": 0.008180174045264721, "test_wall_seconds": 2.9707189751788974, "train_call_wall_seconds": 15.187407014891505, "train_metrics_reduce_wall_seconds": 0.007102447561919689, "train_reported_seconds": 15.55169811565429, "train_wrapper_gap_seconds": 0.0, "val_wall_seconds": 2.951289189979434}, "train": {"backend_batch_build_seconds": 4.435382962226868, "backend_batches": 1688.0, "backend_build_edge_feature_layout_seconds": 0.006797906942665577, "backend_build_mailbox_layout_seconds": 0.004472367465496063, "backend_build_memory_layout_seconds": 0.6864267131313682, "backend_build_node_feature_layout_seconds": 0.7406089063733816, "backend_compact_fill_seconds": 0.16312412917613983, "backend_compact_index_edges": 42778475.75, "backend_compact_index_frontier_nodes": 10255045.5, "backend_compact_index_seconds": 2.932996107265353, "backend_compact_index_unique_edges": 9936261.75, "backend_compact_index_unique_nodes": 10255045.5, "backend_compact_root_seconds": 0.7210495211184025, "backend_compact_total_seconds": 3.9744988130405545, "backend_convert_sampling_output_seconds": 0.7773489989340305, "backend_get_sampling_output_seconds": 4.971907760947943, "backend_materialize_create_seconds": 0.688607694581151, "backend_materialize_move_seconds": 0.18635667767375708, "backend_materialize_seconds": 0.8443009126931429, "backend_negative_attach_seconds": 0.9830849869176745, "backend_neighbor_sample_from_nodes_seconds": 2.594970536418259, "backend_patch_inputs_seconds": 0.8933213679119945, "backend_remap_dst_mismatch_count": 0.0, "backend_remap_src_mismatch_count": 0.0, "backend_root_remap_seconds": 0.09552308171987534, "backend_sampling_native_seconds": 8.330839704722166, "backend_sampling_request_seconds": 0.12764598429203033, "backend_sampling_seconds": 8.434500928968191, "backend_submit_edge_feature_seconds": 0.4487882945686579, "backend_submit_mailbox_seconds": 0.0, "backend_submit_memory_mailbox_seconds": 0.750466974452138, "backend_submit_memory_seconds": 0.0, "backend_submit_node_feature_seconds": 1.0557085433974862, "backend_submit_reads_seconds": 2.1522180661559105, "backend_train_edge_filter_dropped_edges": 0.0, "backend_train_edge_filter_input_edges": 0.0, "backend_train_edge_filter_kept_edges": 0.0, "backend_wait_edge_feature_seconds": 0.08613189868628979, "backend_wait_mailbox_seconds": 0.0, "backend_wait_memory_mailbox_seconds": 0.148741670884192, "backend_wait_memory_seconds": 0.0, "backend_wait_node_feature_seconds": 0.0936635797843337, "backend_wait_patch_seconds": 0.3752640597522259, "component_communication_seconds": 7.709630987606943, "component_sampling_seconds": 13.62252862751484, "component_training_seconds": 9.079114924184978, "component_unaccounted_seconds": 0.0, "loss": 1.1235950057046107, "mailbox_replica_index_build_wall_seconds": 0.0, "memory_commit_hook_build_wall_seconds": 2.6413239538669586e-05, "memory_replica_index_build_wall_seconds": 0.0, "seconds": 15.55169811565429, "stage_accounted_seconds": 10.303151325322688, "stage_backward_seconds": 1.5023481575772166, "stage_batch_wait_seconds": 4.363472008146346, "stage_batches": 1688.0, "stage_encode_seconds": 3.2292011147364974, "stage_finalize_seconds": 0.0001514032483100891, "stage_head_loss_seconds": 0.3686132961884141, "stage_mailbox_commit_row_fallback_count": 0.0, "stage_mailbox_commit_row_path_count": 0.0, "stage_memory_commit_build_seconds": 3.7746566608548164, "stage_memory_commit_mailbox_edge_select_seconds": 0.019446765072643757, "stage_memory_commit_replica_build_seconds": 0.0006658313795924187, "stage_memory_commit_row_fallback_count": 0.0, "stage_memory_commit_row_path_count": 422.0, "stage_memory_commit_seconds": 0.001640375703573227, "stage_memory_commit_submit_seconds": 1.05716706905514, "stage_memory_commit_wait_sync_seconds": 3.7340637631714344, "stage_metrics_seconds": 0.0, "stage_optimizer_all_reduce_seconds": 0.056795367039740086, "stage_optimizer_copyback_seconds": 0.249799276702106, "stage_optimizer_flatten_seconds": 0.1473418278619647, "stage_optimizer_step_seconds": 0.9705984136089683, "stage_optimizer_steps": 422.0, "stage_optimizer_sync_seconds": 0.46765061747282743, "stage_sync_backward_seconds": 0.00018752925097942352, "stage_sync_batch_wait_seconds": 0.00027571525424718857, "stage_sync_encode_seconds": 0.00033990107476711273, "stage_sync_epoch_tail_seconds": 1.4621764421463013e-07, "stage_sync_finalize_seconds": 3.25031578540802e-07, "stage_sync_head_loss_seconds": 0.00030377693474292755, "stage_sync_memory_commit_seconds": 0.0003130631521344185, "stage_sync_metrics_seconds": 0.0, "stage_sync_optimizer_step_seconds": 0.000254032202064991, "stage_unaccounted_seconds": 6.038744644261897, "stage_wall_seconds": 15.55169811565429, "train_epoch_call_wall_seconds": 15.552064348012209, "train_metrics_reduce_wall_seconds": 0.007102447561919689}, "val": {"ap": 0.9526518030559459, "auc": 0.9470107752130629, "loss": 0.6904401823200963}}
{"epoch": 1, "rank": 0, "test": {"ap": 0.9565739394886141, "auc": 0.9533711742851261, "loss": 0.6598566530103034}, "timing": {"epoch_wall_seconds": 18.70947124157101, "other_wall_seconds": 0.008597592823207378, "test_wall_seconds": 2.8028362579643726, "train_call_wall_seconds": 13.319791166111827, "train_metrics_reduce_wall_seconds": 0.007113944739103317, "train_reported_seconds": 13.319598908536136, "train_wrapper_gap_seconds": 0.0001922575756907463, "val_wall_seconds": 2.5782462246716022}, "train": {"backend_batch_build_seconds": 1.5625949166715145, "backend_batches": 1688.0, "backend_build_edge_feature_layout_seconds": 0.007756449282169342, "backend_build_mailbox_layout_seconds": 0.003991561941802502, "backend_build_memory_layout_seconds": 0.6647921893745661, "backend_build_node_feature_layout_seconds": 0.7661654278635979, "backend_compact_fill_seconds": 0.16518348641693592, "backend_compact_index_edges": 42781723.25, "backend_compact_index_frontier_nodes": 10258566.0, "backend_compact_index_seconds": 2.974564758129418, "backend_compact_index_unique_edges": 9939692.75, "backend_compact_index_unique_nodes": 10258566.0, "backend_compact_root_seconds": 0.7158948900178075, "backend_compact_total_seconds": 4.023316890001297, "backend_convert_sampling_output_seconds": 0.7863310426473618, "backend_get_sampling_output_seconds": 4.9737178813666105, "backend_materialize_create_seconds": 0.5928602246567607, "backend_materialize_move_seconds": 0.16049928311258554, "backend_materialize_seconds": 0.7309536756947637, "backend_negative_attach_seconds": 0.7378695858642459, "backend_neighbor_sample_from_nodes_seconds": 2.25736088398844, "backend_patch_inputs_seconds": 0.8072647368535399, "backend_remap_dst_mismatch_count": 0.0, "backend_remap_src_mismatch_count": 0.0, "backend_root_remap_seconds": 0.09610041044652462, "backend_sampling_native_seconds": 7.991707033477724, "backend_sampling_request_seconds": 0.14775653835386038, "backend_sampling_seconds": 8.099488450214267, "backend_submit_edge_feature_seconds": 0.5222253166139126, "backend_submit_mailbox_seconds": 0.0, "backend_submit_memory_mailbox_seconds": 0.37441116012632847, "backend_submit_memory_seconds": 0.0, "backend_submit_node_feature_seconds": 0.673098212108016, "backend_submit_reads_seconds": 1.4722765758633614, "backend_train_edge_filter_dropped_edges": 0.0, "backend_train_edge_filter_input_edges": 0.0, "backend_train_edge_filter_kept_edges": 0.0, "backend_wait_edge_feature_seconds": 0.08581090159714222, "backend_wait_mailbox_seconds": 0.0, "backend_wait_memory_mailbox_seconds": 0.18193593714386225, "backend_wait_memory_seconds": 0.0, "backend_wait_node_feature_seconds": 0.08611303009092808, "backend_wait_patch_seconds": 0.3379170596599579, "component_communication_seconds": 5.213977987878025, "component_sampling_seconds": 10.142940315417945, "component_training_seconds": 8.985353809781373, "component_unaccounted_seconds": 0.0, "loss": 0.9251263705369137, "mailbox_replica_index_build_wall_seconds": 0.0, "memory_commit_hook_build_wall_seconds": 2.397969365119934e-05, "memory_replica_index_build_wall_seconds": 0.0, "seconds": 13.319598908536136, "stage_accounted_seconds": 10.411273271776736, "stage_backward_seconds": 2.224622715264559, "stage_batch_wait_seconds": 3.6360939033329487, "stage_batches": 1688.0, "stage_encode_seconds": 3.3025513170287013, "stage_finalize_seconds": 0.00010654143989086151, "stage_head_loss_seconds": 0.3795960685238242, "stage_mailbox_commit_row_fallback_count": 0.0, "stage_mailbox_commit_row_path_count": 176.0, "stage_memory_commit_build_seconds": 2.3464072216302156, "stage_memory_commit_mailbox_edge_select_seconds": 0.014753522351384163, "stage_memory_commit_replica_build_seconds": 0.0006610080599784851, "stage_memory_commit_row_fallback_count": 0.0, "stage_memory_commit_row_path_count": 598.0, "stage_memory_commit_seconds": 0.0015895981341600418, "stage_memory_commit_submit_seconds": 0.6281218845397234, "stage_memory_commit_wait_sync_seconds": 2.3044989928603172, "stage_metrics_seconds": 0.0, "stage_optimizer_all_reduce_seconds": 0.0613380279392004, "stage_optimizer_copyback_seconds": 0.265884748660028, "stage_optimizer_flatten_seconds": 0.15123509615659714, "stage_optimizer_step_seconds": 1.0083110518753529, "stage_optimizer_steps": 422.0, "stage_optimizer_sync_seconds": 0.4936432223767042, "stage_sync_backward_seconds": 0.00017425231635570526, "stage_sync_batch_wait_seconds": 0.00024587102234363556, "stage_sync_encode_seconds": 0.0003285389393568039, "stage_sync_epoch_tail_seconds": 1.7695128917694092e-07, "stage_sync_finalize_seconds": 2.654269337654114e-07, "stage_sync_head_loss_seconds": 0.0002862280234694481, "stage_sync_memory_commit_seconds": 0.0002850610762834549, "stage_sync_metrics_seconds": 0.0, "stage_sync_optimizer_step_seconds": 0.00022863782942295074, "stage_unaccounted_seconds": 3.0995573457330465, "stage_wall_seconds": 13.319598908536136, "train_epoch_call_wall_seconds": 13.319980191998184, "train_metrics_reduce_wall_seconds": 0.007113944739103317}, "val": {"ap": 0.9596128256118082, "auc": 0.9548808722675814, "loss": 0.6389200813560323}}
{"epoch": 2, "rank": 0, "test": {"ap": 0.9632824662389565, "auc": 0.9614802723358629, "loss": 0.615532554008744}, "timing": {"epoch_wall_seconds": 18.59756134543568, "other_wall_seconds": 0.01037196908146143, "test_wall_seconds": 2.670192027464509, "train_call_wall_seconds": 13.372954805381596, "train_metrics_reduce_wall_seconds": 0.0069406041875481606, "train_reported_seconds": 13.372753539122641, "train_wrapper_gap_seconds": 0.00020126625895500183, "val_wall_seconds": 2.5440425435081124}, "train": {"backend_batch_build_seconds": 1.521089168265462, "backend_batches": 1688.0, "backend_build_edge_feature_layout_seconds": 0.006815807893872261, "backend_build_mailbox_layout_seconds": 0.002770204097032547, "backend_build_memory_layout_seconds": 0.6036274870857596, "backend_build_node_feature_layout_seconds": 0.6837715953588486, "backend_compact_fill_seconds": 0.1684835134074092, "backend_compact_index_edges": 42781533.5, "backend_compact_index_frontier_nodes": 10257648.0, "backend_compact_index_seconds": 2.942123201675713, "backend_compact_index_unique_edges": 9938844.75, "backend_compact_index_unique_nodes": 10257648.0, "backend_compact_root_seconds": 0.7247963408008218, "backend_compact_total_seconds": 3.990811975672841, "backend_convert_sampling_output_seconds": 0.7869988428428769, "backend_get_sampling_output_seconds": 4.983665400184691, "backend_materialize_create_seconds": 0.6761756120249629, "backend_materialize_move_seconds": 0.15107085835188627, "backend_materialize_seconds": 0.8272464703768492, "backend_negative_attach_seconds": 0.8433674154803157, "backend_neighbor_sample_from_nodes_seconds": 2.2618221044540405, "backend_patch_inputs_seconds": 0.8124038446694613, "backend_remap_dst_mismatch_count": 0.0, "backend_remap_src_mismatch_count": 0.0, "backend_root_remap_seconds": 0.09824252407997847, "backend_sampling_native_seconds": 8.051506099291146, "backend_sampling_request_seconds": 0.11853778082877398, "backend_sampling_seconds": 8.142950705252588, "backend_submit_edge_feature_seconds": 0.4316610526293516, "backend_submit_mailbox_seconds": 0.0, "backend_submit_memory_mailbox_seconds": 0.37918590009212494, "backend_submit_memory_seconds": 0.0, "backend_submit_node_feature_seconds": 0.7929584188386798, "backend_submit_reads_seconds": 1.5923578934744, "backend_train_edge_filter_dropped_edges": 0.0, "backend_train_edge_filter_input_edges": 0.0, "backend_train_edge_filter_kept_edges": 0.0, "backend_wait_edge_feature_seconds": 0.08319513779133558, "backend_wait_mailbox_seconds": 0.0, "backend_wait_memory_mailbox_seconds": 0.14061726815998554, "backend_wait_memory_seconds": 0.0, "backend_wait_node_feature_seconds": 0.0790110556408763, "backend_wait_patch_seconds": 0.36729181464761496, "component_communication_seconds": 5.281835618428886, "component_sampling_seconds": 10.507407288998365, "component_training_seconds": 8.988483908586204, "component_unaccounted_seconds": 0.0, "loss": 0.8595933286358395, "mailbox_replica_index_build_wall_seconds": 0.0, "memory_commit_hook_build_wall_seconds": 3.0462630093097687e-05, "memory_replica_index_build_wall_seconds": 0.0, "seconds": 13.372753539122641, "stage_accounted_seconds": 10.458060998469591, "stage_backward_seconds": 2.2647938448935747, "stage_batch_wait_seconds": 3.6571518471464515, "stage_batches": 1688.0, "stage_encode_seconds": 3.2672748332843184, "stage_finalize_seconds": 0.00011033378541469574, "stage_head_loss_seconds": 0.3798599364235997, "stage_mailbox_commit_row_fallback_count": 0.0, "stage_mailbox_commit_row_path_count": 176.0, "stage_memory_commit_build_seconds": 2.3175441762432456, "stage_memory_commit_mailbox_edge_select_seconds": 0.015380952507257462, "stage_memory_commit_replica_build_seconds": 0.0005359631031751633, "stage_memory_commit_row_fallback_count": 0.0, "stage_memory_commit_row_path_count": 598.0, "stage_memory_commit_seconds": 0.001622767187654972, "stage_memory_commit_submit_seconds": 0.6482670987024903, "stage_memory_commit_wait_sync_seconds": 2.2801459077745676, "stage_metrics_seconds": 0.0, "stage_optimizer_all_reduce_seconds": 0.06589562259614468, "stage_optimizer_copyback_seconds": 0.25408228393644094, "stage_optimizer_flatten_seconds": 0.16127608064562082, "stage_optimizer_step_seconds": 1.0208729058504105, "stage_optimizer_steps": 422.0, "stage_optimizer_sync_seconds": 0.48133128974586725, "stage_sync_backward_seconds": 0.00017093587666749954, "stage_sync_batch_wait_seconds": 0.00024676136672496796, "stage_sync_encode_seconds": 0.0003197295591235161, "stage_sync_epoch_tail_seconds": 1.7508864402770996e-07, "stage_sync_finalize_seconds": 2.9709190130233765e-07, "stage_sync_head_loss_seconds": 0.00027545634657144547, "stage_sync_memory_commit_seconds": 0.00027437787503004074, "stage_sync_metrics_seconds": 0.0, "stage_sync_optimizer_step_seconds": 0.00022391881793737411, "stage_unaccounted_seconds": 3.121500141918659, "stage_wall_seconds": 13.372753539122641, "train_epoch_call_wall_seconds": 13.373123141936958, "train_metrics_reduce_wall_seconds": 0.0069406041875481606}, "val": {"ap": 0.9646488775761398, "auc": 0.9611897406988239, "loss": 0.6053088537671348}}
{"epoch": 3, "rank": 0, "test": {"ap": 0.9672161238976059, "auc": 0.9659013445641644, "loss": 0.5637875024059956}, "timing": {"epoch_wall_seconds": 18.477341038174927, "other_wall_seconds": 0.007901987060904503, "test_wall_seconds": 2.6741764610633254, "train_call_wall_seconds": 13.268624044023454, "train_metrics_reduce_wall_seconds": 0.0069229984655976295, "train_reported_seconds": 13.26836605090648, "train_wrapper_gap_seconds": 0.00025799311697483063, "val_wall_seconds": 2.526638546027243}, "train": {"backend_batch_build_seconds": 1.3704344583675265, "backend_batches": 1688.0, "backend_build_edge_feature_layout_seconds": 0.007862526923418045, "backend_build_mailbox_layout_seconds": 0.003161507658660412, "backend_build_memory_layout_seconds": 0.6174246231094003, "backend_build_node_feature_layout_seconds": 0.7381558194756508, "backend_compact_fill_seconds": 0.1616143099963665, "backend_compact_index_edges": 42783846.25, "backend_compact_index_frontier_nodes": 10260930.75, "backend_compact_index_seconds": 2.911919392645359, "backend_compact_index_unique_edges": 9942107.5, "backend_compact_index_unique_nodes": 10260930.75, "backend_compact_root_seconds": 0.726698643527925, "backend_compact_total_seconds": 3.9628787813708186, "backend_convert_sampling_output_seconds": 0.7809924008324742, "backend_get_sampling_output_seconds": 4.903500366024673, "backend_materialize_create_seconds": 0.6091375490650535, "backend_materialize_move_seconds": 0.13795545976608992, "backend_materialize_seconds": 0.7440326204523444, "backend_negative_attach_seconds": 0.7061504628509283, "backend_neighbor_sample_from_nodes_seconds": 2.191877090372145, "backend_patch_inputs_seconds": 0.803207254037261, "backend_remap_dst_mismatch_count": 0.0, "backend_remap_src_mismatch_count": 0.0, "backend_root_remap_seconds": 0.0933677377179265, "backend_sampling_native_seconds": 7.8740278063341975, "backend_sampling_request_seconds": 0.1074973251670599, "backend_sampling_seconds": 7.982481311075389, "backend_submit_edge_feature_seconds": 0.43128013890236616, "backend_submit_mailbox_seconds": 0.0, "backend_submit_memory_mailbox_seconds": 0.36240155529230833, "backend_submit_memory_seconds": 0.0, "backend_submit_node_feature_seconds": 0.6892787953838706, "backend_submit_reads_seconds": 1.465691776946187, "backend_train_edge_filter_dropped_edges": 0.0, "backend_train_edge_filter_input_edges": 0.0, "backend_train_edge_filter_kept_edges": 0.0, "backend_wait_edge_feature_seconds": 0.08632583823055029, "backend_wait_mailbox_seconds": 0.0, "backend_wait_memory_mailbox_seconds": 0.14353395905345678, "backend_wait_memory_seconds": 0.0, "backend_wait_node_feature_seconds": 0.08093099296092987, "backend_wait_patch_seconds": 0.34285880997776985, "component_communication_seconds": 5.258714806288481, "component_sampling_seconds": 9.905122031457722, "component_training_seconds": 8.983095586299896, "component_unaccounted_seconds": 0.0, "loss": 0.8110376923075784, "mailbox_replica_index_build_wall_seconds": 0.0, "memory_commit_hook_build_wall_seconds": 2.9958784580230713e-05, "memory_replica_index_build_wall_seconds": 0.0, "seconds": 13.26836605090648, "stage_accounted_seconds": 10.345122555270791, "stage_backward_seconds": 2.204021598212421, "stage_batch_wait_seconds": 3.556384440511465, "stage_batches": 1688.0, "stage_encode_seconds": 3.2817566487938166, "stage_finalize_seconds": 0.0001186830922961235, "stage_head_loss_seconds": 0.37510733027011156, "stage_mailbox_commit_row_fallback_count": 0.0, "stage_mailbox_commit_row_path_count": 176.0, "stage_memory_commit_build_seconds": 2.3448902489617467, "stage_memory_commit_mailbox_edge_select_seconds": 0.014734025113284588, "stage_memory_commit_replica_build_seconds": 0.000539509579539299, "stage_memory_commit_row_fallback_count": 0.0, "stage_memory_commit_row_path_count": 598.0, "stage_memory_commit_seconds": 0.0016419626772403717, "stage_memory_commit_submit_seconds": 0.6255932720378041, "stage_memory_commit_wait_sync_seconds": 2.307607834227383, "stage_metrics_seconds": 0.0, "stage_optimizer_all_reduce_seconds": 0.06426526699215174, "stage_optimizer_copyback_seconds": 0.26838772743940353, "stage_optimizer_flatten_seconds": 0.17396319936960936, "stage_optimizer_step_seconds": 1.010794522240758, "stage_optimizer_steps": 422.0, "stage_optimizer_sync_seconds": 0.4983155243098736, "stage_sync_backward_seconds": 0.0001618778333067894, "stage_sync_batch_wait_seconds": 0.0002422509714961052, "stage_sync_encode_seconds": 0.0003089066594839096, "stage_sync_epoch_tail_seconds": 1.6670674085617065e-07, "stage_sync_finalize_seconds": 2.915039658546448e-07, "stage_sync_head_loss_seconds": 0.0002629505470395088, "stage_sync_memory_commit_seconds": 0.00027434341609477997, "stage_sync_metrics_seconds": 0.0, "stage_sync_optimizer_step_seconds": 0.00022309180349111557, "stage_unaccounted_seconds": 3.12033124640584, "stage_wall_seconds": 13.26836605090648, "train_epoch_call_wall_seconds": 13.268746316432953, "train_metrics_reduce_wall_seconds": 0.0069229984655976295}, "val": {"ap": 0.9683062161818686, "auc": 0.9654039249081061, "loss": 0.5559710311618717}}
{"epoch": 4, "rank": 0, "test": {"ap": 0.9689981884392525, "auc": 0.9676802731922592, "loss": 0.5532399493015625}, "timing": {"epoch_wall_seconds": 18.373397530056536, "other_wall_seconds": 0.007898606359958649, "test_wall_seconds": 2.6676565166562796, "train_call_wall_seconds": 13.150770861655474, "train_metrics_reduce_wall_seconds": 0.006938355974853039, "train_reported_seconds": 13.150555022992194, "train_wrapper_gap_seconds": 0.00021583866328001022, "val_wall_seconds": 2.5470715453848243}, "train": {"backend_batch_build_seconds": 1.2608061218634248, "backend_batches": 1688.0, "backend_build_edge_feature_layout_seconds": 0.004696948453783989, "backend_build_mailbox_layout_seconds": 0.0027229320257902145, "backend_build_memory_layout_seconds": 0.5238776681944728, "backend_build_node_feature_layout_seconds": 0.6119018401950598, "backend_compact_fill_seconds": 0.16168359573930502, "backend_compact_index_edges": 42780777.25, "backend_compact_index_frontier_nodes": 10258416.25, "backend_compact_index_seconds": 2.893351203761995, "backend_compact_index_unique_edges": 9939564.0, "backend_compact_index_unique_nodes": 10258416.25, "backend_compact_root_seconds": 0.719908757135272, "backend_compact_total_seconds": 3.931995435617864, "backend_convert_sampling_output_seconds": 0.7772774994373322, "backend_get_sampling_output_seconds": 4.875661585479975, "backend_materialize_create_seconds": 0.5900952871888876, "backend_materialize_move_seconds": 0.13767090439796448, "backend_materialize_seconds": 0.7201099321246147, "backend_negative_attach_seconds": 0.6805676026269794, "backend_neighbor_sample_from_nodes_seconds": 2.2011972442269325, "backend_patch_inputs_seconds": 0.7912356676533818, "backend_remap_dst_mismatch_count": 0.0, "backend_remap_src_mismatch_count": 0.0, "backend_root_remap_seconds": 0.09447658341377974, "backend_sampling_native_seconds": 7.852009154856205, "backend_sampling_request_seconds": 0.10161287430673838, "backend_sampling_seconds": 7.9467494180426, "backend_submit_edge_feature_seconds": 0.39620667323470116, "backend_submit_mailbox_seconds": 0.0, "backend_submit_memory_mailbox_seconds": 0.3622476775199175, "backend_submit_memory_seconds": 0.0, "backend_submit_node_feature_seconds": 0.6716203466057777, "backend_submit_reads_seconds": 1.4026167709380388, "backend_train_edge_filter_dropped_edges": 0.0, "backend_train_edge_filter_input_edges": 0.0, "backend_train_edge_filter_kept_edges": 0.0, "backend_wait_edge_feature_seconds": 0.08361369837075472, "backend_wait_mailbox_seconds": 0.0, "backend_wait_memory_mailbox_seconds": 0.1344556650146842, "backend_wait_memory_seconds": 0.0, "backend_wait_node_feature_seconds": 0.07846826780587435, "backend_wait_patch_seconds": 0.3367476724088192, "component_communication_seconds": 5.0696552991867065, "component_sampling_seconds": 9.82601249217987, "component_training_seconds": 8.956351896747947, "component_unaccounted_seconds": 0.0, "loss": 0.7882898637927821, "mailbox_replica_index_build_wall_seconds": 0.0, "memory_commit_hook_build_wall_seconds": 2.250541001558304e-05, "memory_replica_index_build_wall_seconds": 0.0, "seconds": 13.150555022992194, "stage_accounted_seconds": 10.261560766026378, "stage_backward_seconds": 2.282213198952377, "stage_batch_wait_seconds": 3.449647990986705, "stage_batches": 1688.0, "stage_encode_seconds": 3.2792430529370904, "stage_finalize_seconds": 0.00017476361244916916, "stage_head_loss_seconds": 0.37759400717914104, "stage_mailbox_commit_row_fallback_count": 0.0, "stage_mailbox_commit_row_path_count": 176.0, "stage_memory_commit_build_seconds": 2.232005319558084, "stage_memory_commit_mailbox_edge_select_seconds": 0.015456125140190125, "stage_memory_commit_replica_build_seconds": 0.0005348129197955132, "stage_memory_commit_row_fallback_count": 0.0, "stage_memory_commit_row_path_count": 598.0, "stage_memory_commit_seconds": 0.0016521979123353958, "stage_memory_commit_submit_seconds": 0.6216383678838611, "stage_memory_commit_wait_sync_seconds": 2.1939100110903382, "stage_metrics_seconds": 0.0, "stage_optimizer_all_reduce_seconds": 0.0647067278623581, "stage_optimizer_copyback_seconds": 0.2625747434794903, "stage_optimizer_flatten_seconds": 0.15392031986266375, "stage_optimizer_step_seconds": 1.0271633444353938, "stage_optimizer_steps": 422.0, "stage_optimizer_sync_seconds": 0.4879745990037918, "stage_sync_backward_seconds": 0.00016782619059085846, "stage_sync_batch_wait_seconds": 0.00023312121629714966, "stage_sync_encode_seconds": 0.0003077555447816849, "stage_sync_epoch_tail_seconds": 1.778826117515564e-07, "stage_sync_finalize_seconds": 2.9243528842926025e-07, "stage_sync_head_loss_seconds": 0.0002741347998380661, "stage_sync_memory_commit_seconds": 0.00027314014732837677, "stage_sync_metrics_seconds": 0.0, "stage_sync_optimizer_step_seconds": 0.00021978840231895447, "stage_unaccounted_seconds": 3.0012165317311883, "stage_wall_seconds": 13.150555022992194, "train_epoch_call_wall_seconds": 13.150986834429204, "train_metrics_reduce_wall_seconds": 0.006938355974853039}, "val": {"ap": 0.9692000022229847, "auc": 0.9663159029407136, "loss": 0.5498362551866607}}
{"epoch": 5, "rank": 0, "test": {"ap": 0.9697031836861246, "auc": 0.9687161810347706, "loss": 0.5391563205048442}, "timing": {"epoch_wall_seconds": 18.441600809805095, "other_wall_seconds": 0.00799053069204092, "test_wall_seconds": 2.689554654993117, "train_call_wall_seconds": 13.218137620948255, "train_metrics_reduce_wall_seconds": 0.0070288581773638725, "train_reported_seconds": 13.217932434752584, "train_wrapper_gap_seconds": 0.00020518619567155838, "val_wall_seconds": 2.5259180031716824}, "train": {"backend_batch_build_seconds": 1.3386400155723095, "backend_batches": 1688.0, "backend_build_edge_feature_layout_seconds": 0.00747715774923563, "backend_build_mailbox_layout_seconds": 0.0035943323746323586, "backend_build_memory_layout_seconds": 0.6595224011689425, "backend_build_node_feature_layout_seconds": 0.7650003684684634, "backend_compact_fill_seconds": 0.16264118067920208, "backend_compact_index_edges": 42781970.25, "backend_compact_index_frontier_nodes": 10258450.25, "backend_compact_index_seconds": 2.9667204916477203, "backend_compact_index_unique_edges": 9939482.25, "backend_compact_index_unique_nodes": 10258450.25, "backend_compact_root_seconds": 0.7240941291674972, "backend_compact_total_seconds": 4.0220972234383225, "backend_convert_sampling_output_seconds": 0.7804871033877134, "backend_get_sampling_output_seconds": 4.964268554002047, "backend_materialize_create_seconds": 0.5877211969345808, "backend_materialize_move_seconds": 0.13559254631400108, "backend_materialize_seconds": 0.718753146007657, "backend_negative_attach_seconds": 0.6874617608264089, "backend_neighbor_sample_from_nodes_seconds": 2.199364542029798, "backend_patch_inputs_seconds": 0.7941858610138297, "backend_remap_dst_mismatch_count": 0.0, "backend_remap_src_mismatch_count": 0.0, "backend_root_remap_seconds": 0.0963212437927723, "backend_sampling_native_seconds": 7.918556892313063, "backend_sampling_request_seconds": 0.11132654827088118, "backend_sampling_seconds": 8.03080346249044, "backend_submit_edge_feature_seconds": 0.4209874989464879, "backend_submit_mailbox_seconds": 0.0, "backend_submit_memory_mailbox_seconds": 0.3787376880645752, "backend_submit_memory_seconds": 0.0, "backend_submit_node_feature_seconds": 0.6739842444658279, "backend_submit_reads_seconds": 1.473843171261251, "backend_train_edge_filter_dropped_edges": 0.0, "backend_train_edge_filter_input_edges": 0.0, "backend_train_edge_filter_kept_edges": 0.0, "backend_wait_edge_feature_seconds": 0.08458786644041538, "backend_wait_mailbox_seconds": 0.0, "backend_wait_memory_mailbox_seconds": 0.1356874816119671, "backend_wait_memory_seconds": 0.0, "backend_wait_node_feature_seconds": 0.08573553524911404, "backend_wait_patch_seconds": 0.3306410890072584, "component_communication_seconds": 5.209812441840768, "component_sampling_seconds": 9.991376470774412, "component_training_seconds": 8.995775893330574, "component_unaccounted_seconds": 0.0, "loss": 0.7685079446053618, "mailbox_replica_index_build_wall_seconds": 0.0, "memory_commit_hook_build_wall_seconds": 2.3300759494304657e-05, "memory_replica_index_build_wall_seconds": 0.0, "seconds": 13.217932434752584, "stage_accounted_seconds": 10.285436326637864, "stage_backward_seconds": 2.2830364760011435, "stage_batch_wait_seconds": 3.5201614359393716, "stage_batches": 1688.0, "stage_encode_seconds": 3.2904194220900536, "stage_finalize_seconds": 0.00011131446808576584, "stage_head_loss_seconds": 0.3766596084460616, "stage_mailbox_commit_row_fallback_count": 0.0, "stage_mailbox_commit_row_path_count": 176.0, "stage_memory_commit_build_seconds": 2.3082912685349584, "stage_memory_commit_mailbox_edge_select_seconds": 0.015459048561751842, "stage_memory_commit_replica_build_seconds": 0.0005495501682162285, "stage_memory_commit_row_fallback_count": 0.0, "stage_memory_commit_row_path_count": 598.0, "stage_memory_commit_seconds": 0.0016501061618328094, "stage_memory_commit_submit_seconds": 0.6242693802341819, "stage_memory_commit_wait_sync_seconds": 2.2709596026688814, "stage_metrics_seconds": 0.0, "stage_optimizer_all_reduce_seconds": 0.06134193204343319, "stage_optimizer_copyback_seconds": 0.2837113309651613, "stage_optimizer_flatten_seconds": 0.1455932417884469, "stage_optimizer_step_seconds": 1.0125457607209682, "stage_optimizer_steps": 422.0, "stage_optimizer_sync_seconds": 0.500478888861835, "stage_sync_backward_seconds": 0.00016188062727451324, "stage_sync_batch_wait_seconds": 0.00024123303592205048, "stage_sync_encode_seconds": 0.0003262050449848175, "stage_sync_epoch_tail_seconds": 1.6391277313232422e-07, "stage_sync_finalize_seconds": 2.7567148208618164e-07, "stage_sync_head_loss_seconds": 0.000269436277449131, "stage_sync_memory_commit_seconds": 0.000278690829873085, "stage_sync_metrics_seconds": 0.0, "stage_sync_optimizer_step_seconds": 0.00022724736481904984, "stage_unaccounted_seconds": 3.064530871808529, "stage_wall_seconds": 13.217932434752584, "train_epoch_call_wall_seconds": 13.218312880024314, "train_metrics_reduce_wall_seconds": 0.0070288581773638725}, "val": {"ap": 0.9702904521635267, "auc": 0.9677764615028372, "loss": 0.5305225640874017}}
{"epoch": 6, "rank": 0, "test": {"ap": 0.9713335067782477, "auc": 0.9703941378109837, "loss": 0.5415736173533581}, "timing": {"epoch_wall_seconds": 18.338053511455655, "other_wall_seconds": 0.009947791695594788, "test_wall_seconds": 2.6837968854233623, "train_call_wall_seconds": 13.114623947069049, "train_metrics_reduce_wall_seconds": 0.008986852131783962, "train_reported_seconds": 13.11443535424769, "train_wrapper_gap_seconds": 0.0001885928213596344, "val_wall_seconds": 2.529684887267649}, "train": {"backend_batch_build_seconds": 1.2142765270546079, "backend_batches": 1688.0, "backend_build_edge_feature_layout_seconds": 0.005032595247030258, "backend_build_mailbox_layout_seconds": 0.002544872462749481, "backend_build_memory_layout_seconds": 0.5245832093060017, "backend_build_node_feature_layout_seconds": 0.5958613622933626, "backend_compact_fill_seconds": 0.16113738622516394, "backend_compact_index_edges": 42779001.75, "backend_compact_index_frontier_nodes": 10256372.0, "backend_compact_index_seconds": 2.8941077357158065, "backend_compact_index_unique_edges": 9937374.25, "backend_compact_index_unique_nodes": 10256372.0, "backend_compact_root_seconds": 0.7236639885231853, "backend_compact_total_seconds": 3.9390526972711086, "backend_convert_sampling_output_seconds": 0.7781097115948796, "backend_get_sampling_output_seconds": 4.879727396182716, "backend_materialize_create_seconds": 0.6053975308313966, "backend_materialize_move_seconds": 0.13608626276254654, "backend_materialize_seconds": 0.73831916321069, "backend_negative_attach_seconds": 0.6877486538141966, "backend_neighbor_sample_from_nodes_seconds": 2.1695647593587637, "backend_patch_inputs_seconds": 0.7995463097468019, "backend_remap_dst_mismatch_count": 0.0, "backend_remap_src_mismatch_count": 0.0, "backend_root_remap_seconds": 0.09515821747481823, "backend_sampling_native_seconds": 7.838868641294539, "backend_sampling_request_seconds": 0.10784770734608173, "backend_sampling_seconds": 7.947656683623791, "backend_submit_edge_feature_seconds": 0.37900975067168474, "backend_submit_mailbox_seconds": 0.0, "backend_submit_memory_mailbox_seconds": 0.3631238052621484, "backend_submit_memory_seconds": 0.0, "backend_submit_node_feature_seconds": 0.6771870981901884, "backend_submit_reads_seconds": 1.399824288673699, "backend_train_edge_filter_dropped_edges": 0.0, "backend_train_edge_filter_input_edges": 0.0, "backend_train_edge_filter_kept_edges": 0.0, "backend_wait_edge_feature_seconds": 0.08312972355633974, "backend_wait_mailbox_seconds": 0.0, "backend_wait_memory_mailbox_seconds": 0.13311847392469645, "backend_wait_memory_seconds": 0.0, "backend_wait_node_feature_seconds": 0.07732743676751852, "backend_wait_patch_seconds": 0.3402905110269785, "component_communication_seconds": 5.014214774593711, "component_sampling_seconds": 9.726063999347389, "component_training_seconds": 8.946721977554262, "component_unaccounted_seconds": 0.0, "loss": 0.7579504167793487, "mailbox_replica_index_build_wall_seconds": 0.0, "memory_commit_hook_build_wall_seconds": 2.629682421684265e-05, "memory_replica_index_build_wall_seconds": 0.0, "seconds": 13.11443535424769, "stage_accounted_seconds": 10.220531845465302, "stage_backward_seconds": 2.256222179159522, "stage_batch_wait_seconds": 3.4327947134152055, "stage_batches": 1688.0, "stage_encode_seconds": 3.2742241844534874, "stage_finalize_seconds": 0.00010703504085540771, "stage_head_loss_seconds": 0.38090427964925766, "stage_mailbox_commit_row_fallback_count": 0.0, "stage_mailbox_commit_row_path_count": 176.0, "stage_memory_commit_build_seconds": 2.1955763017758727, "stage_memory_commit_mailbox_edge_select_seconds": 0.015436244197189808, "stage_memory_commit_replica_build_seconds": 0.0005388185381889343, "stage_memory_commit_row_fallback_count": 0.0, "stage_memory_commit_row_path_count": 598.0, "stage_memory_commit_seconds": 0.0016385717317461967, "stage_memory_commit_submit_seconds": 0.6193072702735662, "stage_memory_commit_wait_sync_seconds": 2.158158822916448, "stage_metrics_seconds": 0.0, "stage_optimizer_all_reduce_seconds": 0.06882691197097301, "stage_optimizer_copyback_seconds": 0.2736021652817726, "stage_optimizer_flatten_seconds": 0.1576140969991684, "stage_optimizer_step_seconds": 1.040356995537877, "stage_optimizer_steps": 422.0, "stage_optimizer_sync_seconds": 0.5090572303161025, "stage_sync_backward_seconds": 0.00016247760504484177, "stage_sync_batch_wait_seconds": 0.00023934990167617798, "stage_sync_encode_seconds": 0.0003182617947459221, "stage_sync_epoch_tail_seconds": 1.778826117515564e-07, "stage_sync_finalize_seconds": 2.896413207054138e-07, "stage_sync_head_loss_seconds": 0.000263419933617115, "stage_sync_memory_commit_seconds": 0.000272105447947979, "stage_sync_metrics_seconds": 0.0, "stage_sync_optimizer_step_seconds": 0.00021975114941596985, "stage_unaccounted_seconds": 2.9582684617489576, "stage_wall_seconds": 13.11443535424769, "train_epoch_call_wall_seconds": 13.114808464422822, "train_metrics_reduce_wall_seconds": 0.008986852131783962}, "val": {"ap": 0.9712362162837395, "auc": 0.96869951241183, "loss": 0.5369083767079494}}
{"epoch": 7, "rank": 0, "test": {"ap": 0.9722580133516739, "auc": 0.9714016932934773, "loss": 0.5264133287763054}, "timing": {"epoch_wall_seconds": 18.324107190594077, "other_wall_seconds": 0.0093672601506114, "test_wall_seconds": 2.673726674169302, "train_call_wall_seconds": 13.124533087015152, "train_metrics_reduce_wall_seconds": 0.006822453811764717, "train_reported_seconds": 13.124281534925103, "train_wrapper_gap_seconds": 0.00025155209004879, "val_wall_seconds": 2.5164801692590117}, "train": {"backend_batch_build_seconds": 1.2557546673342586, "backend_batches": 1688.0, "backend_build_edge_feature_layout_seconds": 0.005024301819503307, "backend_build_mailbox_layout_seconds": 0.0027431175112724304, "backend_build_memory_layout_seconds": 0.5218910221010447, "backend_build_node_feature_layout_seconds": 0.6211589965969324, "backend_compact_fill_seconds": 0.16293972358107567, "backend_compact_index_edges": 42782484.75, "backend_compact_index_frontier_nodes": 10260131.75, "backend_compact_index_seconds": 2.8832838656380773, "backend_compact_index_unique_edges": 9941139.0, "backend_compact_index_unique_nodes": 10260131.75, "backend_compact_root_seconds": 0.716347741894424, "backend_compact_total_seconds": 3.917139873839915, "backend_convert_sampling_output_seconds": 0.7792280567809939, "backend_get_sampling_output_seconds": 4.860029109753668, "backend_materialize_create_seconds": 0.6139258118346334, "backend_materialize_move_seconds": 0.13672569394111633, "backend_materialize_seconds": 0.7473623296245933, "backend_negative_attach_seconds": 0.6393230017274618, "backend_neighbor_sample_from_nodes_seconds": 2.326233657076955, "backend_patch_inputs_seconds": 0.7983929673209786, "backend_remap_dst_mismatch_count": 0.0, "backend_remap_src_mismatch_count": 0.0, "backend_root_remap_seconds": 0.09788035787642002, "backend_sampling_native_seconds": 7.971465602517128, "backend_sampling_request_seconds": 0.10459159966558218, "backend_sampling_seconds": 8.07695279084146, "backend_submit_edge_feature_seconds": 0.36540585197508335, "backend_submit_mailbox_seconds": 0.0, "backend_submit_memory_mailbox_seconds": 0.3617294440045953, "backend_submit_memory_seconds": 0.0, "backend_submit_node_feature_seconds": 0.6745461681857705, "backend_submit_reads_seconds": 1.372670571319759, "backend_train_edge_filter_dropped_edges": 0.0, "backend_train_edge_filter_input_edges": 0.0, "backend_train_edge_filter_kept_edges": 0.0, "backend_wait_edge_feature_seconds": 0.08293754700571299, "backend_wait_mailbox_seconds": 0.0, "backend_wait_memory_mailbox_seconds": 0.13748943991959095, "backend_wait_memory_seconds": 0.0, "backend_wait_node_feature_seconds": 0.07716242037713528, "backend_wait_patch_seconds": 0.33845404535532, "component_communication_seconds": 5.0653833495453, "component_sampling_seconds": 9.805826283991337, "component_training_seconds": 8.946696528233588, "component_unaccounted_seconds": 0.0, "loss": 0.7464622979480507, "mailbox_replica_index_build_wall_seconds": 0.0, "memory_commit_hook_build_wall_seconds": 2.3584812879562378e-05, "memory_replica_index_build_wall_seconds": 0.0, "seconds": 13.124281534925103, "stage_accounted_seconds": 10.23601608350873, "stage_backward_seconds": 2.277287958189845, "stage_batch_wait_seconds": 3.4369835536926985, "stage_batches": 1688.0, "stage_encode_seconds": 3.2650838820263743, "stage_finalize_seconds": 0.0001359144225716591, "stage_head_loss_seconds": 0.3743263091892004, "stage_mailbox_commit_row_fallback_count": 0.0, "stage_mailbox_commit_row_path_count": 176.0, "stage_memory_commit_build_seconds": 2.2315006628632545, "stage_memory_commit_mailbox_edge_select_seconds": 0.015647387132048607, "stage_memory_commit_replica_build_seconds": 0.0005432507023215294, "stage_memory_commit_row_fallback_count": 0.0, "stage_memory_commit_row_path_count": 598.0, "stage_memory_commit_seconds": 0.0016605937853455544, "stage_memory_commit_submit_seconds": 0.6222558990120888, "stage_memory_commit_wait_sync_seconds": 2.1931568579748273, "stage_metrics_seconds": 0.0, "stage_optimizer_all_reduce_seconds": 0.06782915722578764, "stage_optimizer_copyback_seconds": 0.2667022868990898, "stage_optimizer_flatten_seconds": 0.15067648142576218, "stage_optimizer_step_seconds": 1.0199158294126391, "stage_optimizer_steps": 422.0, "stage_optimizer_sync_seconds": 0.48834371473640203, "stage_sync_backward_seconds": 0.00016458239406347275, "stage_sync_batch_wait_seconds": 0.0002404702827334404, "stage_sync_encode_seconds": 0.00031735561788082123, "stage_sync_epoch_tail_seconds": 1.4901161193847656e-07, "stage_sync_finalize_seconds": 3.026798367500305e-07, "stage_sync_head_loss_seconds": 0.0002640374004840851, "stage_sync_memory_commit_seconds": 0.00027875229716300964, "stage_sync_metrics_seconds": 0.0, "stage_sync_optimizer_step_seconds": 0.0002227630466222763, "stage_unaccounted_seconds": 2.9939329102635384, "stage_wall_seconds": 13.124281534925103, "train_epoch_call_wall_seconds": 13.124619824811816, "train_metrics_reduce_wall_seconds": 0.006822453811764717}, "val": {"ap": 0.9723663626249749, "auc": 0.9700189042956598, "loss": 0.5197994747114452}}
{"epoch": 8, "rank": 0, "test": {"ap": 0.9731856622564105, "auc": 0.9724695469316043, "loss": 0.5128899688239802}, "timing": {"epoch_wall_seconds": 18.57744533661753, "other_wall_seconds": 0.00800357386469841, "test_wall_seconds": 2.675716239027679, "train_call_wall_seconds": 13.34110243152827, "train_metrics_reduce_wall_seconds": 0.007002297788858414, "train_reported_seconds": 13.340890086255968, "train_wrapper_gap_seconds": 0.00021234527230262756, "val_wall_seconds": 2.5526230921968818}, "train": {"backend_batch_build_seconds": 1.3283142112195492, "backend_batches": 1688.0, "backend_build_edge_feature_layout_seconds": 0.0071418071165680885, "backend_build_mailbox_layout_seconds": 0.003039693459868431, "backend_build_memory_layout_seconds": 0.6513398485258222, "backend_build_node_feature_layout_seconds": 0.782860828563571, "backend_compact_fill_seconds": 0.1627982910722494, "backend_compact_index_edges": 42782257.25, "backend_compact_index_frontier_nodes": 10260117.75, "backend_compact_index_seconds": 2.884259461425245, "backend_compact_index_unique_edges": 9941095.25, "backend_compact_index_unique_nodes": 10260117.75, "backend_compact_root_seconds": 0.7149732671678066, "backend_compact_total_seconds": 3.920405048877001, "backend_convert_sampling_output_seconds": 0.7798094665631652, "backend_get_sampling_output_seconds": 4.8828299371525645, "backend_materialize_create_seconds": 0.7359560485929251, "backend_materialize_move_seconds": 0.1601046919822693, "backend_materialize_seconds": 0.8960607405751944, "backend_negative_attach_seconds": 0.8857442978769541, "backend_neighbor_sample_from_nodes_seconds": 2.19414815120399, "backend_patch_inputs_seconds": 0.8360129073262215, "backend_remap_dst_mismatch_count": 0.0, "backend_remap_src_mismatch_count": 0.0, "backend_root_remap_seconds": 0.10139271803200245, "backend_sampling_native_seconds": 7.866220555268228, "backend_sampling_request_seconds": 0.11624743789434433, "backend_sampling_seconds": 7.9665448646992445, "backend_submit_edge_feature_seconds": 0.41278798319399357, "backend_submit_mailbox_seconds": 0.0, "backend_submit_memory_mailbox_seconds": 0.3675419054925442, "backend_submit_memory_seconds": 0.0, "backend_submit_node_feature_seconds": 0.8752720383927226, "backend_submit_reads_seconds": 1.62878389749676, "backend_train_edge_filter_dropped_edges": 0.0, "backend_train_edge_filter_input_edges": 0.0, "backend_train_edge_filter_kept_edges": 0.0, "backend_wait_edge_feature_seconds": 0.08336037490516901, "backend_wait_mailbox_seconds": 0.0, "backend_wait_memory_mailbox_seconds": 0.139053157530725, "backend_wait_memory_seconds": 0.0, "backend_wait_node_feature_seconds": 0.07309169415384531, "backend_wait_patch_seconds": 0.38600565399974585, "component_communication_seconds": 5.279577585868537, "component_sampling_seconds": 10.02302655018866, "component_training_seconds": 8.930666382424533, "component_unaccounted_seconds": 0.0, "loss": 0.7394926859622036, "mailbox_replica_index_build_wall_seconds": 0.0, "memory_commit_hook_build_wall_seconds": 2.1710991859436035e-05, "memory_replica_index_build_wall_seconds": 0.0, "seconds": 13.340890086255968, "stage_accounted_seconds": 10.495459316298366, "stage_backward_seconds": 2.2406254271045327, "stage_batch_wait_seconds": 3.6959612173959613, "stage_batches": 1688.0, "stage_encode_seconds": 3.264872470870614, "stage_finalize_seconds": 0.00011168327182531357, "stage_head_loss_seconds": 0.38195085152983665, "stage_mailbox_commit_row_fallback_count": 0.0, "stage_mailbox_commit_row_path_count": 176.0, "stage_memory_commit_build_seconds": 2.2243979070335627, "stage_memory_commit_mailbox_edge_select_seconds": 0.015154240652918816, "stage_memory_commit_replica_build_seconds": 0.0005386397242546082, "stage_memory_commit_row_fallback_count": 0.0, "stage_memory_commit_row_path_count": 598.0, "stage_memory_commit_seconds": 0.0016428623348474503, "stage_memory_commit_submit_seconds": 0.623952011577785, "stage_memory_commit_wait_sync_seconds": 2.186638337559998, "stage_metrics_seconds": 0.0, "stage_optimizer_all_reduce_seconds": 0.06825593765825033, "stage_optimizer_copyback_seconds": 0.27086582873016596, "stage_optimizer_flatten_seconds": 0.15909792017191648, "stage_optimizer_step_seconds": 1.0403899820521474, "stage_optimizer_steps": 422.0, "stage_optimizer_sync_seconds": 0.5084022423252463, "stage_sync_backward_seconds": 0.00016390439122915268, "stage_sync_batch_wait_seconds": 0.00024799443781375885, "stage_sync_encode_seconds": 0.0003137374296784401, "stage_sync_epoch_tail_seconds": 1.73225998878479e-07, "stage_sync_finalize_seconds": 3.1385570764541626e-07, "stage_sync_head_loss_seconds": 0.0002741292119026184, "stage_sync_memory_commit_seconds": 0.00026899296790361404, "stage_sync_metrics_seconds": 0.0, "stage_sync_optimizer_step_seconds": 0.00021948013454675674, "stage_unaccounted_seconds": 3.0007379008457065, "stage_wall_seconds": 13.340890086255968, "train_epoch_call_wall_seconds": 13.341272802092135, "train_metrics_reduce_wall_seconds": 0.007002297788858414}, "val": {"ap": 0.9732153246898505, "auc": 0.9709820773859353, "loss": 0.5102068902924657}}
{"epoch": 9, "rank": 0, "test": {"ap": 0.9735027731692194, "auc": 0.9727178378383226, "loss": 0.5255968740887262}, "timing": {"epoch_wall_seconds": 18.41719522792846, "other_wall_seconds": 0.00794881023466587, "test_wall_seconds": 2.713090921752155, "train_call_wall_seconds": 13.144421366043389, "train_metrics_reduce_wall_seconds": 0.006898454390466213, "train_reported_seconds": 13.144189038313925, "train_wrapper_gap_seconds": 0.00023232772946357727, "val_wall_seconds": 2.55173412989825}, "train": {"backend_batch_build_seconds": 1.2168404450640082, "backend_batches": 1688.0, "backend_build_edge_feature_layout_seconds": 0.008283725939691067, "backend_build_mailbox_layout_seconds": 0.0026985472068190575, "backend_build_memory_layout_seconds": 0.589942280203104, "backend_build_node_feature_layout_seconds": 0.6313978405669332, "backend_compact_fill_seconds": 0.1667304653674364, "backend_compact_index_edges": 42783486.75, "backend_compact_index_frontier_nodes": 10259533.5, "backend_compact_index_seconds": 2.9065967286005616, "backend_compact_index_unique_edges": 9940653.5, "backend_compact_index_unique_nodes": 10259533.5, "backend_compact_root_seconds": 0.7209947537630796, "backend_compact_total_seconds": 3.94087737146765, "backend_convert_sampling_output_seconds": 0.7804285818710923, "backend_get_sampling_output_seconds": 4.91638767439872, "backend_materialize_create_seconds": 0.6189139289781451, "backend_materialize_move_seconds": 0.1386405322700739, "backend_materialize_seconds": 0.75187021587044, "backend_negative_attach_seconds": 0.7394750798121095, "backend_neighbor_sample_from_nodes_seconds": 2.200773872435093, "backend_patch_inputs_seconds": 0.804510086774826, "backend_remap_dst_mismatch_count": 0.0, "backend_remap_src_mismatch_count": 0.0, "backend_root_remap_seconds": 0.09504242055118084, "backend_sampling_native_seconds": 7.912587379105389, "backend_sampling_request_seconds": 0.10270488634705544, "backend_sampling_seconds": 7.994522696360946, "backend_submit_edge_feature_seconds": 0.36647897213697433, "backend_submit_mailbox_seconds": 0.0, "backend_submit_memory_mailbox_seconds": 0.3531269123777747, "backend_submit_memory_seconds": 0.0, "backend_submit_node_feature_seconds": 0.7197674652561545, "backend_submit_reads_seconds": 1.409168186597526, "backend_train_edge_filter_dropped_edges": 0.0, "backend_train_edge_filter_input_edges": 0.0, "backend_train_edge_filter_kept_edges": 0.0, "backend_wait_edge_feature_seconds": 0.08278078399598598, "backend_wait_mailbox_seconds": 0.0, "backend_wait_memory_mailbox_seconds": 0.13303567841649055, "backend_wait_memory_seconds": 0.0, "backend_wait_node_feature_seconds": 0.07406643964350224, "backend_wait_patch_seconds": 0.3520193537697196, "component_communication_seconds": 5.050291538238525, "component_sampling_seconds": 9.950838221237063, "component_training_seconds": 8.974648565985262, "component_unaccounted_seconds": 0.0, "loss": 0.7362219902435185, "mailbox_replica_index_build_wall_seconds": 0.0, "memory_commit_hook_build_wall_seconds": 2.653989940881729e-05, "memory_replica_index_build_wall_seconds": 0.0, "seconds": 13.144189038313925, "stage_accounted_seconds": 10.252739544026554, "stage_backward_seconds": 2.2819694131612778, "stage_batch_wait_seconds": 3.4623992955312133, "stage_batches": 1688.0, "stage_encode_seconds": 3.270242027938366, "stage_finalize_seconds": 9.862706065177917e-05, "stage_head_loss_seconds": 0.384231879375875, "stage_mailbox_commit_row_fallback_count": 0.0, "stage_mailbox_commit_row_path_count": 176.0, "stage_memory_commit_build_seconds": 2.246789241209626, "stage_memory_commit_mailbox_edge_select_seconds": 0.016368563286960125, "stage_memory_commit_replica_build_seconds": 0.0005502337589859962, "stage_memory_commit_row_fallback_count": 0.0, "stage_memory_commit_row_path_count": 598.0, "stage_memory_commit_seconds": 0.0016482090577483177, "stage_memory_commit_submit_seconds": 0.6239003958180547, "stage_memory_commit_wait_sync_seconds": 2.2090868838131428, "stage_metrics_seconds": 0.0, "stage_optimizer_all_reduce_seconds": 0.06386880949139595, "stage_optimizer_copyback_seconds": 0.26700780913233757, "stage_optimizer_flatten_seconds": 0.14854384027421474, "stage_optimizer_step_seconds": 1.026293852366507, "stage_optimizer_steps": 422.0, "stage_optimizer_sync_seconds": 0.49305502139031887, "stage_sync_backward_seconds": 0.00016430113464593887, "stage_sync_batch_wait_seconds": 0.0002429606392979622, "stage_sync_encode_seconds": 0.00031387247145175934, "stage_sync_epoch_tail_seconds": 1.685693860054016e-07, "stage_sync_finalize_seconds": 3.2782554626464844e-07, "stage_sync_head_loss_seconds": 0.0002675028517842293, "stage_sync_memory_commit_seconds": 0.0002702949568629265, "stage_sync_metrics_seconds": 0.0, "stage_sync_optimizer_step_seconds": 0.0002172747626900673, "stage_unaccounted_seconds": 3.002335133962333, "stage_wall_seconds": 13.144189038313925, "train_epoch_call_wall_seconds": 13.144513883627951, "train_metrics_reduce_wall_seconds": 0.006898454390466213}, "val": {"ap": 0.9733327504725547, "auc": 0.9711101511467362, "loss": 0.5187194115397604}}
{"epoch": 10, "rank": 0, "test": {"ap": 0.9738000811824183, "auc": 0.9730602415640501, "loss": 0.5229959525167942}, "timing": {"epoch_wall_seconds": 18.36925522517413, "other_wall_seconds": 0.008074595592916012, "test_wall_seconds": 2.7077971771359444, "train_call_wall_seconds": 13.112879996187985, "train_metrics_reduce_wall_seconds": 0.007028370164334774, "train_reported_seconds": 13.112706265412271, "train_wrapper_gap_seconds": 0.0001737307757139206, "val_wall_seconds": 2.5405034562572837}, "train": {"backend_batch_build_seconds": 1.263755110092461, "backend_batches": 1688.0, "backend_build_edge_feature_layout_seconds": 0.006989471614360809, "backend_build_mailbox_layout_seconds": 0.002936013974249363, "backend_build_memory_layout_seconds": 0.608179691247642, "backend_build_node_feature_layout_seconds": 0.6454169591888785, "backend_compact_fill_seconds": 0.17053678445518017, "backend_compact_index_edges": 42780371.25, "backend_compact_index_frontier_nodes": 10256756.75, "backend_compact_index_seconds": 2.9318077536299825, "backend_compact_index_unique_edges": 9938104.5, "backend_compact_index_unique_nodes": 10256756.75, "backend_compact_root_seconds": 0.7274409756064415, "backend_compact_total_seconds": 3.9752005971968174, "backend_convert_sampling_output_seconds": 0.7876229174435139, "backend_get_sampling_output_seconds": 4.9586082166060805, "backend_materialize_create_seconds": 0.6105132550001144, "backend_materialize_move_seconds": 0.13776091486215591, "backend_materialize_seconds": 0.7465663785114884, "backend_negative_attach_seconds": 0.673737570643425, "backend_neighbor_sample_from_nodes_seconds": 2.2312203785404563, "backend_patch_inputs_seconds": 0.804864744655788, "backend_remap_dst_mismatch_count": 0.0, "backend_remap_src_mismatch_count": 0.0, "backend_root_remap_seconds": 0.09490425977855921, "backend_sampling_native_seconds": 7.99255586322397, "backend_sampling_request_seconds": 0.10872079338878393, "backend_sampling_seconds": 8.091341089457273, "backend_submit_edge_feature_seconds": 0.39622781053185463, "backend_submit_mailbox_seconds": 0.0, "backend_submit_memory_mailbox_seconds": 0.36843588948249817, "backend_submit_memory_seconds": 0.0, "backend_submit_node_feature_seconds": 0.6586033999919891, "backend_submit_reads_seconds": 1.387335643172264, "backend_train_edge_filter_dropped_edges": 0.0, "backend_train_edge_filter_input_edges": 0.0, "backend_train_edge_filter_kept_edges": 0.0, "backend_wait_edge_feature_seconds": 0.08732155617326498, "backend_wait_mailbox_seconds": 0.0, "backend_wait_memory_mailbox_seconds": 0.12696198094636202, "backend_wait_memory_seconds": 0.0, "backend_wait_node_feature_seconds": 0.0765381446108222, "backend_wait_patch_seconds": 0.3426618529483676, "component_communication_seconds": 5.099686273373663, "component_sampling_seconds": 9.86005592904985, "component_training_seconds": 8.945011982694268, "component_unaccounted_seconds": 0.0, "loss": 0.7287010441741673, "mailbox_replica_index_build_wall_seconds": 0.0, "memory_commit_hook_build_wall_seconds": 2.257712185382843e-05, "memory_replica_index_build_wall_seconds": 0.0, "seconds": 13.112706265412271, "stage_accounted_seconds": 10.303082020021975, "stage_backward_seconds": 2.315715393051505, "stage_batch_wait_seconds": 3.446512060239911, "stage_batches": 1688.0, "stage_encode_seconds": 3.2681991513818502, "stage_finalize_seconds": 0.00010083615779876709, "stage_head_loss_seconds": 0.3794436100870371, "stage_mailbox_commit_row_fallback_count": 0.0, "stage_mailbox_commit_row_path_count": 176.0, "stage_memory_commit_build_seconds": 2.265210758894682, "stage_memory_commit_mailbox_edge_select_seconds": 0.015090174973011017, "stage_memory_commit_replica_build_seconds": 0.0005466043949127197, "stage_memory_commit_row_fallback_count": 0.0, "stage_memory_commit_row_path_count": 598.0, "stage_memory_commit_seconds": 0.001644597388803959, "stage_memory_commit_submit_seconds": 0.6090130470693111, "stage_memory_commit_wait_sync_seconds": 2.227390756830573, "stage_metrics_seconds": 0.0, "stage_optimizer_all_reduce_seconds": 0.06768166273832321, "stage_optimizer_copyback_seconds": 0.2745609022676945, "stage_optimizer_flatten_seconds": 0.15406278613954782, "stage_optimizer_step_seconds": 1.0457852017134428, "stage_optimizer_steps": 422.0, "stage_optimizer_sync_seconds": 0.4931651195511222, "stage_sync_backward_seconds": 0.00017180945724248886, "stage_sync_batch_wait_seconds": 0.00024109985679388046, "stage_sync_encode_seconds": 0.0003235936164855957, "stage_sync_epoch_tail_seconds": 1.7415732145309448e-07, "stage_sync_finalize_seconds": 2.9243528842926025e-07, "stage_sync_head_loss_seconds": 0.0002739289775490761, "stage_sync_memory_commit_seconds": 0.0002713082358241081, "stage_sync_metrics_seconds": 0.0, "stage_sync_optimizer_step_seconds": 0.00021980516612529755, "stage_unaccounted_seconds": 3.0047839349135756, "stage_wall_seconds": 13.112706265412271, "train_epoch_call_wall_seconds": 13.113075458444655, "train_metrics_reduce_wall_seconds": 0.007028370164334774}, "val": {"ap": 0.9735432579262961, "auc": 0.971425398961169, "loss": 0.5156414938074622}}
{"epoch": 11, "rank": 0, "test": {"ap": 0.9739801241546436, "auc": 0.9732767408963027, "loss": 0.5163368970494379}, "timing": {"epoch_wall_seconds": 18.568411450833082, "other_wall_seconds": 0.010531915351748466, "test_wall_seconds": 2.699351013638079, "train_call_wall_seconds": 13.239138587377965, "train_metrics_reduce_wall_seconds": 0.007145795971155167, "train_reported_seconds": 13.241398131474853, "train_wrapper_gap_seconds": 0.0, "val_wall_seconds": 2.619389934465289}, "train": {"backend_batch_build_seconds": 1.2230232451111078, "backend_batches": 1688.0, "backend_build_edge_feature_layout_seconds": 0.006739351898431778, "backend_build_mailbox_layout_seconds": 0.0029544709250330925, "backend_build_memory_layout_seconds": 0.5784281315281987, "backend_build_node_feature_layout_seconds": 0.6581601873040199, "backend_compact_fill_seconds": 0.1627659946680069, "backend_compact_index_edges": 42780529.75, "backend_compact_index_frontier_nodes": 10256095.75, "backend_compact_index_seconds": 2.8914447389543056, "backend_compact_index_unique_edges": 9937175.75, "backend_compact_index_unique_nodes": 10256095.75, "backend_compact_root_seconds": 0.7125763315707445, "backend_compact_total_seconds": 3.9164126021787524, "backend_convert_sampling_output_seconds": 0.7771011237055063, "backend_get_sampling_output_seconds": 4.886988873593509, "backend_materialize_create_seconds": 0.6128262029960752, "backend_materialize_move_seconds": 0.137441567145288, "backend_materialize_seconds": 0.74798933416605, "backend_negative_attach_seconds": 0.7089531272649765, "backend_neighbor_sample_from_nodes_seconds": 2.191961718723178, "backend_patch_inputs_seconds": 0.818556553684175, "backend_remap_dst_mismatch_count": 0.0, "backend_remap_src_mismatch_count": 0.0, "backend_root_remap_seconds": 0.09640471450984478, "backend_sampling_native_seconds": 7.869780992157757, "backend_sampling_request_seconds": 0.1118882866576314, "backend_sampling_seconds": 7.956058906391263, "backend_submit_edge_feature_seconds": 0.3770680418238044, "backend_submit_mailbox_seconds": 0.0, "backend_submit_memory_mailbox_seconds": 0.3769651800394058, "backend_submit_memory_seconds": 0.0, "backend_submit_node_feature_seconds": 0.7143819024786353, "backend_submit_reads_seconds": 1.4416659763082862, "backend_train_edge_filter_dropped_edges": 0.0, "backend_train_edge_filter_input_edges": 0.0, "backend_train_edge_filter_kept_edges": 0.0, "backend_wait_edge_feature_seconds": 0.08312185201793909, "backend_wait_mailbox_seconds": 0.0, "backend_wait_memory_mailbox_seconds": 0.13203771878033876, "backend_wait_memory_seconds": 0.0, "backend_wait_node_feature_seconds": 0.0795169547200203, "backend_wait_patch_seconds": 0.34506077133119106, "component_communication_seconds": 5.192808901891112, "component_sampling_seconds": 9.885641251690686, "component_training_seconds": 9.00875904969871, "component_unaccounted_seconds": 0.0, "loss": 0.7267851973067246, "mailbox_replica_index_build_wall_seconds": 0.0, "memory_commit_hook_build_wall_seconds": 2.504885196685791e-05, "memory_replica_index_build_wall_seconds": 0.0, "seconds": 13.241398131474853, "stage_accounted_seconds": 10.412015771493316, "stage_backward_seconds": 2.303255608305335, "stage_batch_wait_seconds": 3.488896138034761, "stage_batches": 1688.0, "stage_encode_seconds": 3.3009315002709627, "stage_finalize_seconds": 0.00011052004992961884, "stage_head_loss_seconds": 0.39695986546576023, "stage_mailbox_commit_row_fallback_count": 0.0, "stage_mailbox_commit_row_path_count": 176.0, "stage_memory_commit_build_seconds": 2.2967364573851228, "stage_memory_commit_mailbox_edge_select_seconds": 0.015123745426535606, "stage_memory_commit_replica_build_seconds": 0.0005569169297814369, "stage_memory_commit_row_fallback_count": 0.0, "stage_memory_commit_row_path_count": 598.0, "stage_memory_commit_seconds": 0.0016528638079762459, "stage_memory_commit_submit_seconds": 0.6236186930909753, "stage_memory_commit_wait_sync_seconds": 2.2592016514390707, "stage_metrics_seconds": 0.0, "stage_optimizer_all_reduce_seconds": 0.06267618108540773, "stage_optimizer_copyback_seconds": 0.269783285446465, "stage_optimizer_flatten_seconds": 0.17461129743605852, "stage_optimizer_step_seconds": 1.0415633246302605, "stage_optimizer_steps": 422.0, "stage_optimizer_sync_seconds": 0.52168710809201, "stage_sync_backward_seconds": 0.00033144187182188034, "stage_sync_batch_wait_seconds": 0.0002512224018573761, "stage_sync_encode_seconds": 0.00032947398722171783, "stage_sync_epoch_tail_seconds": 1.6670674085617065e-07, "stage_sync_finalize_seconds": 2.9709190130233765e-07, "stage_sync_head_loss_seconds": 0.0002793585881590843, "stage_sync_memory_commit_seconds": 0.00027265679091215134, "stage_sync_metrics_seconds": 0.0, "stage_sync_optimizer_step_seconds": 0.00022900663316249847, "stage_unaccounted_seconds": 3.0693490374833345, "stage_wall_seconds": 13.241398131474853, "train_epoch_call_wall_seconds": 13.241768289357424, "train_metrics_reduce_wall_seconds": 0.007145795971155167}, "val": {"ap": 0.9738115929935575, "auc": 0.9717710447344772, "loss": 0.509062346578999}}
{"epoch": 12, "rank": 0, "test": {"ap": 0.9744730270833358, "auc": 0.9737804906370106, "loss": 0.5309042702005667}, "timing": {"epoch_wall_seconds": 18.49896067660302, "other_wall_seconds": 0.008037389256060123, "test_wall_seconds": 2.710282288491726, "train_call_wall_seconds": 13.240982090122998, "train_metrics_reduce_wall_seconds": 0.006983648985624313, "train_reported_seconds": 13.240805046632886, "train_wrapper_gap_seconds": 0.00017704349011182785, "val_wall_seconds": 2.5396589087322354}, "train": {"backend_batch_build_seconds": 1.4957647724077106, "backend_batches": 1688.0, "backend_build_edge_feature_layout_seconds": 0.0063861701637506485, "backend_build_mailbox_layout_seconds": 0.0026841601356863976, "backend_build_memory_layout_seconds": 0.5857978947460651, "backend_build_node_feature_layout_seconds": 0.6513319034129381, "backend_compact_fill_seconds": 0.16440069675445557, "backend_compact_index_edges": 42777324.75, "backend_compact_index_frontier_nodes": 10254375.75, "backend_compact_index_seconds": 2.9233441576361656, "backend_compact_index_unique_edges": 9935387.25, "backend_compact_index_unique_nodes": 10254375.75, "backend_compact_root_seconds": 0.7225068751722574, "backend_compact_total_seconds": 3.968801743350923, "backend_convert_sampling_output_seconds": 0.7909307656809688, "backend_get_sampling_output_seconds": 4.958187132142484, "backend_materialize_create_seconds": 0.6124356649816036, "backend_materialize_move_seconds": 0.138114714063704, "backend_materialize_seconds": 0.7499712444841862, "backend_negative_attach_seconds": 0.653765550814569, "backend_neighbor_sample_from_nodes_seconds": 2.265048734843731, "backend_patch_inputs_seconds": 0.8081806618720293, "backend_remap_dst_mismatch_count": 0.0, "backend_remap_src_mismatch_count": 0.0, "backend_root_remap_seconds": 0.09209445398300886, "backend_sampling_native_seconds": 8.03305356297642, "backend_sampling_request_seconds": 0.09781605750322342, "backend_sampling_seconds": 8.123357743956149, "backend_submit_edge_feature_seconds": 0.36584660690277815, "backend_submit_mailbox_seconds": 0.0, "backend_submit_memory_mailbox_seconds": 0.366665824316442, "backend_submit_memory_seconds": 0.0, "backend_submit_node_feature_seconds": 0.6798742078244686, "backend_submit_reads_seconds": 1.3865289287641644, "backend_train_edge_filter_dropped_edges": 0.0, "backend_train_edge_filter_input_edges": 0.0, "backend_train_edge_filter_kept_edges": 0.0, "backend_wait_edge_feature_seconds": 0.08627015352249146, "backend_wait_mailbox_seconds": 0.0, "backend_wait_memory_mailbox_seconds": 0.12772439885884523, "backend_wait_memory_seconds": 0.0, "backend_wait_node_feature_seconds": 0.07733521331101656, "backend_wait_patch_seconds": 0.34043753799051046, "component_communication_seconds": 5.136108617298305, "component_sampling_seconds": 10.272888067178428, "component_training_seconds": 9.011721315793693, "component_unaccounted_seconds": 0.0, "loss": 0.7214823656172549, "mailbox_replica_index_build_wall_seconds": 0.0, "memory_commit_hook_build_wall_seconds": 2.677273005247116e-05, "memory_replica_index_build_wall_seconds": 0.0, "seconds": 13.240805046632886, "stage_accounted_seconds": 10.404033948667347, "stage_backward_seconds": 2.276626305654645, "stage_batch_wait_seconds": 3.4652076344937086, "stage_batches": 1688.0, "stage_encode_seconds": 3.3223647652193904, "stage_finalize_seconds": 0.00012544263154268265, "stage_head_loss_seconds": 0.3873041123151779, "stage_mailbox_commit_row_fallback_count": 0.0, "stage_mailbox_commit_row_path_count": 176.0, "stage_memory_commit_build_seconds": 2.3125209202989936, "stage_memory_commit_mailbox_edge_select_seconds": 0.015692943707108498, "stage_memory_commit_replica_build_seconds": 0.0005481215193867683, "stage_memory_commit_row_fallback_count": 0.0, "stage_memory_commit_row_path_count": 598.0, "stage_memory_commit_seconds": 0.0016544703394174576, "stage_memory_commit_submit_seconds": 0.6497464152052999, "stage_memory_commit_wait_sync_seconds": 2.273903305642307, "stage_metrics_seconds": 0.0, "stage_optimizer_all_reduce_seconds": 0.06309543270617723, "stage_optimizer_copyback_seconds": 0.2799475220963359, "stage_optimizer_flatten_seconds": 0.16930441372096539, "stage_optimizer_step_seconds": 1.0286236964166164, "stage_optimizer_steps": 422.0, "stage_optimizer_sync_seconds": 0.5203851731494069, "stage_sync_backward_seconds": 0.00032954756170511246, "stage_sync_batch_wait_seconds": 0.0002443743869662285, "stage_sync_encode_seconds": 0.00033028051257133484, "stage_sync_epoch_tail_seconds": 1.8347054719924927e-07, "stage_sync_finalize_seconds": 2.7101486921310425e-07, "stage_sync_head_loss_seconds": 0.0002773767337203026, "stage_sync_memory_commit_seconds": 0.0002718791365623474, "stage_sync_metrics_seconds": 0.0, "stage_sync_optimizer_step_seconds": 0.00022958125919103622, "stage_unaccounted_seconds": 3.0775043731555343, "stage_wall_seconds": 13.240805046632886, "train_epoch_call_wall_seconds": 13.241190771572292, "train_metrics_reduce_wall_seconds": 0.006983648985624313}, "val": {"ap": 0.9738618144441492, "auc": 0.9718366193856889, "loss": 0.5214091852645982}}
{"epoch": 13, "rank": 0, "test": {"ap": 0.9747949680584451, "auc": 0.9741300062085466, "loss": 0.5142271013253115}, "timing": {"epoch_wall_seconds": 18.69508718699217, "other_wall_seconds": 0.007900597527623177, "test_wall_seconds": 2.7345757531002164, "train_call_wall_seconds": 13.372797791846097, "train_metrics_reduce_wall_seconds": 0.006954400800168514, "train_reported_seconds": 13.372642534784973, "train_wrapper_gap_seconds": 0.00015525706112384796, "val_wall_seconds": 2.5798130445182323}, "train": {"backend_batch_build_seconds": 1.2505042469128966, "backend_batches": 1688.0, "backend_build_edge_feature_layout_seconds": 0.007704566232860088, "backend_build_mailbox_layout_seconds": 0.0026632705703377724, "backend_build_memory_layout_seconds": 0.5999125242233276, "backend_build_node_feature_layout_seconds": 0.634786631911993, "backend_compact_fill_seconds": 0.16727959923446178, "backend_compact_index_edges": 42775645.75, "backend_compact_index_frontier_nodes": 10253526.25, "backend_compact_index_seconds": 2.8946755109354854, "backend_compact_index_unique_edges": 9934739.0, "backend_compact_index_unique_nodes": 10253526.25, "backend_compact_root_seconds": 0.7189890230074525, "backend_compact_total_seconds": 3.930389881134033, "backend_convert_sampling_output_seconds": 0.7805231735110283, "backend_get_sampling_output_seconds": 4.908647439442575, "backend_materialize_create_seconds": 0.6036857273429632, "backend_materialize_move_seconds": 0.14353802613914013, "backend_materialize_seconds": 0.7407979555428028, "backend_negative_attach_seconds": 0.7483002711087465, "backend_neighbor_sample_from_nodes_seconds": 2.2184924194589257, "backend_patch_inputs_seconds": 0.7966289455071092, "backend_remap_dst_mismatch_count": 0.0, "backend_remap_src_mismatch_count": 0.0, "backend_root_remap_seconds": 0.09415112063288689, "backend_sampling_native_seconds": 7.9227170357480645, "backend_sampling_request_seconds": 0.10950258653610945, "backend_sampling_seconds": 8.009173037484288, "backend_submit_edge_feature_seconds": 0.3858378157019615, "backend_submit_mailbox_seconds": 0.0, "backend_submit_memory_mailbox_seconds": 0.3608431564643979, "backend_submit_memory_seconds": 0.0, "backend_submit_node_feature_seconds": 0.7049843678250909, "backend_submit_reads_seconds": 1.4382514217868447, "backend_train_edge_filter_dropped_edges": 0.0, "backend_train_edge_filter_input_edges": 0.0, "backend_train_edge_filter_kept_edges": 0.0, "backend_wait_edge_feature_seconds": 0.08297655917704105, "backend_wait_mailbox_seconds": 0.0, "backend_wait_memory_mailbox_seconds": 0.13055549748241901, "backend_wait_memory_seconds": 0.0, "backend_wait_node_feature_seconds": 0.08171912655234337, "backend_wait_patch_seconds": 0.3377127908170223, "component_communication_seconds": 5.209718992002308, "component_sampling_seconds": 10.007977555505931, "component_training_seconds": 9.129186563193798, "component_unaccounted_seconds": 0.0, "loss": 0.7165681190824057, "mailbox_replica_index_build_wall_seconds": 0.0, "memory_commit_hook_build_wall_seconds": 2.2448599338531494e-05, "memory_replica_index_build_wall_seconds": 0.0, "seconds": 13.372642534784973, "stage_accounted_seconds": 10.447418559342623, "stage_backward_seconds": 2.3259123172611, "stage_batch_wait_seconds": 3.51772010140121, "stage_batches": 1688.0, "stage_encode_seconds": 3.2856512796133757, "stage_finalize_seconds": 0.00010107085108757019, "stage_head_loss_seconds": 0.38243003096431494, "stage_mailbox_commit_row_fallback_count": 0.0, "stage_mailbox_commit_row_path_count": 176.0, "stage_memory_commit_build_seconds": 2.3149369908496737, "stage_memory_commit_mailbox_edge_select_seconds": 0.015929865650832653, "stage_memory_commit_replica_build_seconds": 0.0005428148433566093, "stage_memory_commit_row_fallback_count": 0.0, "stage_memory_commit_row_path_count": 598.0, "stage_memory_commit_seconds": 0.0016535278409719467, "stage_memory_commit_submit_seconds": 0.635567544028163, "stage_memory_commit_wait_sync_seconds": 2.2777882805094123, "stage_metrics_seconds": 0.0, "stage_optimizer_all_reduce_seconds": 0.06458773743361235, "stage_optimizer_copyback_seconds": 0.2687610676512122, "stage_optimizer_flatten_seconds": 0.2478535659611225, "stage_optimizer_step_seconds": 1.132467563264072, "stage_optimizer_steps": 422.0, "stage_optimizer_sync_seconds": 0.581482638604939, "stage_sync_backward_seconds": 0.00016616936773061752, "stage_sync_batch_wait_seconds": 0.0002482142299413681, "stage_sync_encode_seconds": 0.0003278227522969246, "stage_sync_epoch_tail_seconds": 1.6577541828155518e-07, "stage_sync_finalize_seconds": 2.849847078323364e-07, "stage_sync_head_loss_seconds": 0.00027501583099365234, "stage_sync_memory_commit_seconds": 0.0002752672880887985, "stage_sync_metrics_seconds": 0.0, "stage_sync_optimizer_step_seconds": 0.0002189110964536667, "stage_unaccounted_seconds": 3.095210859552026, "stage_wall_seconds": 13.372642534784973, "train_epoch_call_wall_seconds": 13.373010573908687, "train_metrics_reduce_wall_seconds": 0.006954400800168514}, "val": {"ap": 0.9740397351864307, "auc": 0.9720338832077624, "loss": 0.5084106685932388}}
{"epoch": 14, "rank": 0, "test": {"ap": 0.9745932562202975, "auc": 0.973886125010573, "loss": 0.5168575655499643}, "timing": {"epoch_wall_seconds": 18.533050063997507, "other_wall_seconds": 0.007965379394590855, "test_wall_seconds": 2.6636399384588003, "train_call_wall_seconds": 13.322957342490554, "train_metrics_reduce_wall_seconds": 0.006991865113377571, "train_reported_seconds": 13.322783348150551, "train_wrapper_gap_seconds": 0.00017399434000253677, "val_wall_seconds": 2.538487403653562}, "train": {"backend_batch_build_seconds": 1.5491056181490421, "backend_batches": 1688.0, "backend_build_edge_feature_layout_seconds": 0.005454699508845806, "backend_build_mailbox_layout_seconds": 0.0025702817365527153, "backend_build_memory_layout_seconds": 0.5205141231417656, "backend_build_node_feature_layout_seconds": 0.5861540697515011, "backend_compact_fill_seconds": 0.163344400934875, "backend_compact_index_edges": 42779735.75, "backend_compact_index_frontier_nodes": 10255936.5, "backend_compact_index_seconds": 2.9555604867637157, "backend_compact_index_unique_edges": 9937175.75, "backend_compact_index_unique_nodes": 10255936.5, "backend_compact_root_seconds": 0.7194566242396832, "backend_compact_total_seconds": 4.009351929649711, "backend_convert_sampling_output_seconds": 0.7771250093355775, "backend_get_sampling_output_seconds": 4.984700397588313, "backend_materialize_create_seconds": 0.604819018393755, "backend_materialize_move_seconds": 0.14161454141139984, "backend_materialize_seconds": 0.7353374399244785, "backend_negative_attach_seconds": 0.7281084544956684, "backend_neighbor_sample_from_nodes_seconds": 2.247873967513442, "backend_patch_inputs_seconds": 0.7950082803145051, "backend_remap_dst_mismatch_count": 0.0, "backend_remap_src_mismatch_count": 0.0, "backend_root_remap_seconds": 0.09771287441253662, "backend_sampling_native_seconds": 8.028361230157316, "backend_sampling_request_seconds": 0.10315249767154455, "backend_sampling_seconds": 8.11101470515132, "backend_submit_edge_feature_seconds": 0.40799439884722233, "backend_submit_mailbox_seconds": 0.0, "backend_submit_memory_mailbox_seconds": 0.38218774925917387, "backend_submit_memory_seconds": 0.0, "backend_submit_node_feature_seconds": 0.7008378962054849, "backend_submit_reads_seconds": 1.4530595876276493, "backend_train_edge_filter_dropped_edges": 0.0, "backend_train_edge_filter_input_edges": 0.0, "backend_train_edge_filter_kept_edges": 0.0, "backend_wait_edge_feature_seconds": 0.0828249342739582, "backend_wait_mailbox_seconds": 0.0, "backend_wait_memory_mailbox_seconds": 0.13600047025829554, "backend_wait_memory_seconds": 0.0, "backend_wait_node_feature_seconds": 0.08277995698153973, "backend_wait_patch_seconds": 0.3391137346625328, "component_communication_seconds": 5.271916839294136, "component_sampling_seconds": 10.38822877779603, "component_training_seconds": 9.091535463929176, "component_unaccounted_seconds": 0.0, "loss": 0.712615904473298, "mailbox_replica_index_build_wall_seconds": 0.0, "memory_commit_hook_build_wall_seconds": 2.5136396288871765e-05, "memory_replica_index_build_wall_seconds": 0.0, "seconds": 13.322783348150551, "stage_accounted_seconds": 10.416562342084944, "stage_backward_seconds": 2.324167162179947, "stage_batch_wait_seconds": 3.513606673106551, "stage_batches": 1688.0, "stage_encode_seconds": 3.2929482012987137, "stage_finalize_seconds": 9.668711572885513e-05, "stage_head_loss_seconds": 0.3874782584607601, "stage_mailbox_commit_row_fallback_count": 0.0, "stage_mailbox_commit_row_path_count": 176.0, "stage_memory_commit_build_seconds": 2.319729082286358, "stage_memory_commit_mailbox_edge_select_seconds": 0.016094129532575607, "stage_memory_commit_replica_build_seconds": 0.0005433550104498863, "stage_memory_commit_row_fallback_count": 0.0, "stage_memory_commit_row_path_count": 598.0, "stage_memory_commit_seconds": 0.0016480637714266777, "stage_memory_commit_submit_seconds": 0.6381936296820641, "stage_memory_commit_wait_sync_seconds": 2.283027857542038, "stage_metrics_seconds": 0.0, "stage_optimizer_all_reduce_seconds": 0.06535886321216822, "stage_optimizer_copyback_seconds": 0.29134863801300526, "stage_optimizer_flatten_seconds": 0.20472174882888794, "stage_optimizer_step_seconds": 1.0898623280227184, "stage_optimizer_steps": 422.0, "stage_optimizer_sync_seconds": 0.5668392889201641, "stage_sync_backward_seconds": 0.00035531818866729736, "stage_sync_batch_wait_seconds": 0.00024038273841142654, "stage_sync_encode_seconds": 0.00031517818570137024, "stage_sync_epoch_tail_seconds": 1.94646418094635e-07, "stage_sync_finalize_seconds": 2.6263296604156494e-07, "stage_sync_head_loss_seconds": 0.00030397623777389526, "stage_sync_memory_commit_seconds": 0.0002769026905298233, "stage_sync_metrics_seconds": 0.0, "stage_sync_optimizer_step_seconds": 0.0002249535173177719, "stage_unaccounted_seconds": 3.106920641846955, "stage_wall_seconds": 13.322783348150551, "train_epoch_call_wall_seconds": 13.323133613914251, "train_metrics_reduce_wall_seconds": 0.006991865113377571}, "val": {"ap": 0.9743153900813263, "auc": 0.9723367101310828, "loss": 0.5081545307554982}}
{"epoch": 15, "rank": 0, "test": {"ap": 0.9756884899301942, "auc": 0.9751232008909807, "loss": 0.5179859558967026}, "timing": {"epoch_wall_seconds": 18.41639018431306, "other_wall_seconds": 0.008012523874640465, "test_wall_seconds": 2.6913183219730854, "train_call_wall_seconds": 13.188635354861617, "train_metrics_reduce_wall_seconds": 0.006991853937506676, "train_reported_seconds": 13.188431947492063, "train_wrapper_gap_seconds": 0.00020340736955404282, "val_wall_seconds": 2.528423983603716}, "train": {"backend_batch_build_seconds": 1.1692588096484542, "backend_batches": 1688.0, "backend_build_edge_feature_layout_seconds": 0.005213988944888115, "backend_build_mailbox_layout_seconds": 0.0025074826553463936, "backend_build_memory_layout_seconds": 0.5184664241969585, "backend_build_node_feature_layout_seconds": 0.5973432753235102, "backend_compact_fill_seconds": 0.162974719889462, "backend_compact_index_edges": 42780629.0, "backend_compact_index_frontier_nodes": 10256967.0, "backend_compact_index_seconds": 2.9113520244136453, "backend_compact_index_unique_edges": 9938082.5, "backend_compact_index_unique_nodes": 10256967.0, "backend_compact_root_seconds": 0.7209235718473792, "backend_compact_total_seconds": 3.9582032840698957, "backend_convert_sampling_output_seconds": 0.7823573127388954, "backend_get_sampling_output_seconds": 4.909182921983302, "backend_materialize_create_seconds": 0.6149884406477213, "backend_materialize_move_seconds": 0.13484713900834322, "backend_materialize_seconds": 0.7498355796560645, "backend_negative_attach_seconds": 0.6813075635582209, "backend_neighbor_sample_from_nodes_seconds": 2.20540127158165, "backend_patch_inputs_seconds": 0.8046604637056589, "backend_remap_dst_mismatch_count": 0.0, "backend_remap_src_mismatch_count": 0.0, "backend_root_remap_seconds": 0.09688933473080397, "backend_sampling_native_seconds": 7.902238261885941, "backend_sampling_request_seconds": 0.10092629957944155, "backend_sampling_seconds": 7.999581886455417, "backend_submit_edge_feature_seconds": 0.35997093841433525, "backend_submit_mailbox_seconds": 0.0, "backend_submit_memory_mailbox_seconds": 0.36943758372217417, "backend_submit_memory_seconds": 0.0, "backend_submit_node_feature_seconds": 0.6797600919380784, "backend_submit_reads_seconds": 1.3837741259485483, "backend_train_edge_filter_dropped_edges": 0.0, "backend_train_edge_filter_input_edges": 0.0, "backend_train_edge_filter_kept_edges": 0.0, "backend_wait_edge_feature_seconds": 0.0867036646232009, "backend_wait_mailbox_seconds": 0.0, "backend_wait_memory_mailbox_seconds": 0.13247485365718603, "backend_wait_memory_seconds": 0.0, "backend_wait_node_feature_seconds": 0.08155402448028326, "backend_wait_patch_seconds": 0.34284225292503834, "component_communication_seconds": 5.045987319201231, "component_sampling_seconds": 9.784184603951871, "component_training_seconds": 8.987069624476135, "component_unaccounted_seconds": 0.0, "loss": 0.7101531869851018, "mailbox_replica_index_build_wall_seconds": 0.0, "memory_commit_hook_build_wall_seconds": 2.7630478143692017e-05, "memory_replica_index_build_wall_seconds": 0.0, "seconds": 13.188431947492063, "stage_accounted_seconds": 10.436875910498202, "stage_backward_seconds": 2.3305751625448465, "stage_batch_wait_seconds": 3.461127011105418, "stage_batches": 1688.0, "stage_encode_seconds": 3.2952281553298235, "stage_finalize_seconds": 0.0001011798158288002, "stage_head_loss_seconds": 0.38508628588169813, "stage_mailbox_commit_row_fallback_count": 0.0, "stage_mailbox_commit_row_path_count": 176.0, "stage_memory_commit_build_seconds": 2.2190679628401995, "stage_memory_commit_mailbox_edge_select_seconds": 0.017817875370383263, "stage_memory_commit_replica_build_seconds": 0.0005513019859790802, "stage_memory_commit_row_fallback_count": 0.0, "stage_memory_commit_row_path_count": 598.0, "stage_memory_commit_seconds": 0.0016603879630565643, "stage_memory_commit_submit_seconds": 0.6134003615006804, "stage_memory_commit_wait_sync_seconds": 2.1816270695999265, "stage_metrics_seconds": 0.0, "stage_optimizer_all_reduce_seconds": 0.06718003749847412, "stage_optimizer_copyback_seconds": 0.3133317930623889, "stage_optimizer_flatten_seconds": 0.2108379676938057, "stage_optimizer_step_seconds": 1.1248551718890667, "stage_optimizer_steps": 422.0, "stage_optimizer_sync_seconds": 0.6087720980867743, "stage_sync_backward_seconds": 0.00036316365003585815, "stage_sync_batch_wait_seconds": 0.00024494435638189316, "stage_sync_encode_seconds": 0.0003298809751868248, "stage_sync_epoch_tail_seconds": 1.7974525690078735e-07, "stage_sync_finalize_seconds": 2.980232238769531e-07, "stage_sync_head_loss_seconds": 0.0002964874729514122, "stage_sync_memory_commit_seconds": 0.0002713380381464958, "stage_sync_metrics_seconds": 0.0, "stage_sync_optimizer_step_seconds": 0.00022623781114816666, "stage_unaccounted_seconds": 2.98559077270329, "stage_wall_seconds": 13.188431947492063, "train_epoch_call_wall_seconds": 13.18880498316139, "train_metrics_reduce_wall_seconds": 0.006991853937506676}, "val": {"ap": 0.9746417498403849, "auc": 0.9726931177283297, "loss": 0.5102990306913853}}
{"epoch": 16, "rank": 0, "test": {"ap": 0.9756390638688843, "auc": 0.9749987987208325, "loss": 0.519143473949622}, "timing": {"epoch_wall_seconds": 18.455655897036195, "other_wall_seconds": 0.010434968397021294, "test_wall_seconds": 2.6864584144204855, "train_call_wall_seconds": 13.217956660315394, "train_metrics_reduce_wall_seconds": 0.0069384342059493065, "train_reported_seconds": 13.217680313624442, "train_wrapper_gap_seconds": 0.00027634669095277786, "val_wall_seconds": 2.5408058539032936}, "train": {"backend_batch_build_seconds": 1.2327410411089659, "backend_batches": 1688.0, "backend_build_edge_feature_layout_seconds": 0.005269963294267654, "backend_build_mailbox_layout_seconds": 0.0028236256912350655, "backend_build_memory_layout_seconds": 0.5588537780568004, "backend_build_node_feature_layout_seconds": 0.6384842293336987, "backend_compact_fill_seconds": 0.16294532921165228, "backend_compact_index_edges": 42782882.75, "backend_compact_index_frontier_nodes": 10259573.0, "backend_compact_index_seconds": 2.8805561773478985, "backend_compact_index_unique_edges": 9940523.0, "backend_compact_index_unique_nodes": 10259573.0, "backend_compact_root_seconds": 0.72584761492908, "backend_compact_total_seconds": 3.922775919549167, "backend_convert_sampling_output_seconds": 0.7797258263453841, "backend_get_sampling_output_seconds": 4.878208177164197, "backend_materialize_create_seconds": 0.6159699680283666, "backend_materialize_move_seconds": 0.13702974375337362, "backend_materialize_seconds": 0.7509435284882784, "backend_negative_attach_seconds": 0.7315967110916972, "backend_neighbor_sample_from_nodes_seconds": 2.1815696749836206, "backend_patch_inputs_seconds": 0.8024760521948338, "backend_remap_dst_mismatch_count": 0.0, "backend_remap_src_mismatch_count": 0.0, "backend_root_remap_seconds": 0.09763350430876017, "backend_sampling_native_seconds": 7.851371153257787, "backend_sampling_request_seconds": 0.10787562932819128, "backend_sampling_seconds": 7.9314604960381985, "backend_submit_edge_feature_seconds": 0.37776159029453993, "backend_submit_mailbox_seconds": 0.0, "backend_submit_memory_mailbox_seconds": 0.3788237851113081, "backend_submit_memory_seconds": 0.0, "backend_submit_node_feature_seconds": 0.6942006358876824, "backend_submit_reads_seconds": 1.4392283270135522, "backend_train_edge_filter_dropped_edges": 0.0, "backend_train_edge_filter_input_edges": 0.0, "backend_train_edge_filter_kept_edges": 0.0, "backend_wait_edge_feature_seconds": 0.08403044287115335, "backend_wait_mailbox_seconds": 0.0, "backend_wait_memory_mailbox_seconds": 0.13500287290662527, "backend_wait_memory_seconds": 0.0, "backend_wait_node_feature_seconds": 0.07702749781310558, "backend_wait_patch_seconds": 0.3418352687731385, "component_communication_seconds": 5.048817391507328, "component_sampling_seconds": 9.893849325366318, "component_training_seconds": 9.000090781599283, "component_unaccounted_seconds": 0.0, "loss": 0.7076542288488687, "mailbox_replica_index_build_wall_seconds": 0.0, "memory_commit_hook_build_wall_seconds": 2.2061169147491455e-05, "memory_replica_index_build_wall_seconds": 0.0, "seconds": 13.217680313624442, "stage_accounted_seconds": 10.45439488440752, "stage_backward_seconds": 2.314960033632815, "stage_batch_wait_seconds": 3.4961420372128487, "stage_batches": 1688.0, "stage_encode_seconds": 3.288245034404099, "stage_finalize_seconds": 0.00013410300016403198, "stage_head_loss_seconds": 0.38563692942261696, "stage_mailbox_commit_row_fallback_count": 0.0, "stage_mailbox_commit_row_path_count": 176.0, "stage_memory_commit_build_seconds": 2.1858910406008363, "stage_memory_commit_mailbox_edge_select_seconds": 0.015002228319644928, "stage_memory_commit_replica_build_seconds": 0.0005492893978953362, "stage_memory_commit_row_fallback_count": 0.0, "stage_memory_commit_row_path_count": 598.0, "stage_memory_commit_seconds": 0.0016586445271968842, "stage_memory_commit_submit_seconds": 0.6221118979156017, "stage_memory_commit_wait_sync_seconds": 2.148293268866837, "stage_metrics_seconds": 0.0, "stage_optimizer_all_reduce_seconds": 0.07088375557214022, "stage_optimizer_copyback_seconds": 0.2951843375340104, "stage_optimizer_flatten_seconds": 0.20226341113448143, "stage_optimizer_step_seconds": 1.125322999432683, "stage_optimizer_steps": 422.0, "stage_optimizer_sync_seconds": 0.590758666396141, "stage_sync_backward_seconds": 0.00036155618727207184, "stage_sync_batch_wait_seconds": 0.0002488279715180397, "stage_sync_encode_seconds": 0.00032097287476062775, "stage_sync_epoch_tail_seconds": 1.8440186977386475e-07, "stage_sync_finalize_seconds": 2.812594175338745e-07, "stage_sync_head_loss_seconds": 0.0002976255491375923, "stage_sync_memory_commit_seconds": 0.0002744104713201523, "stage_sync_metrics_seconds": 0.0, "stage_sync_optimizer_step_seconds": 0.0002353861927986145, "stage_unaccounted_seconds": 2.959102837368846, "stage_wall_seconds": 13.217680313624442, "train_epoch_call_wall_seconds": 13.218052138574421, "train_metrics_reduce_wall_seconds": 0.0069384342059493065}, "val": {"ap": 0.9748873834408727, "auc": 0.9729505582101741, "loss": 0.5132035348056392}}
{"epoch": 17, "rank": 0, "test": {"ap": 0.9757490161230865, "auc": 0.9751587117912505, "loss": 0.5094540293582461}, "timing": {"epoch_wall_seconds": 18.4299032157287, "other_wall_seconds": 0.009292945265769958, "test_wall_seconds": 2.682034643366933, "train_call_wall_seconds": 13.204318028874695, "train_metrics_reduce_wall_seconds": 0.006952734664082527, "train_reported_seconds": 13.204097390174866, "train_wrapper_gap_seconds": 0.0002206386998295784, "val_wall_seconds": 2.534257598221302}, "train": {"backend_batch_build_seconds": 1.2232448356226087, "backend_batches": 1688.0, "backend_build_edge_feature_layout_seconds": 0.005639468319714069, "backend_build_mailbox_layout_seconds": 0.002792096696794033, "backend_build_memory_layout_seconds": 0.5252554463222623, "backend_build_node_feature_layout_seconds": 0.6465833866968751, "backend_compact_fill_seconds": 0.16314264200627804, "backend_compact_index_edges": 42780508.5, "backend_compact_index_frontier_nodes": 10257589.5, "backend_compact_index_seconds": 2.951566468924284, "backend_compact_index_unique_edges": 9938841.5, "backend_compact_index_unique_nodes": 10257589.5, "backend_compact_root_seconds": 0.726635585539043, "backend_compact_total_seconds": 4.010228523053229, "backend_convert_sampling_output_seconds": 0.7802817644551396, "backend_get_sampling_output_seconds": 4.952447427436709, "backend_materialize_create_seconds": 0.6104136798530817, "backend_materialize_move_seconds": 0.13739569019526243, "backend_materialize_seconds": 0.7448551645502448, "backend_negative_attach_seconds": 0.6833397941663861, "backend_neighbor_sample_from_nodes_seconds": 2.2014745213091373, "backend_patch_inputs_seconds": 0.8052433673292398, "backend_remap_dst_mismatch_count": 0.0, "backend_remap_src_mismatch_count": 0.0, "backend_root_remap_seconds": 0.09414764773100615, "backend_sampling_native_seconds": 7.919748052954674, "backend_sampling_request_seconds": 0.09294934291392565, "backend_sampling_seconds": 8.00832106359303, "backend_submit_edge_feature_seconds": 0.3770963856950402, "backend_submit_mailbox_seconds": 0.0, "backend_submit_memory_mailbox_seconds": 0.3555812081322074, "backend_submit_memory_seconds": 0.0, "backend_submit_node_feature_seconds": 0.6705657569691539, "backend_submit_reads_seconds": 1.377333358861506, "backend_train_edge_filter_dropped_edges": 0.0, "backend_train_edge_filter_input_edges": 0.0, "backend_train_edge_filter_kept_edges": 0.0, "backend_wait_edge_feature_seconds": 0.08422625623643398, "backend_wait_mailbox_seconds": 0.0, "backend_wait_memory_mailbox_seconds": 0.12903527915477753, "backend_wait_memory_seconds": 0.0, "backend_wait_node_feature_seconds": 0.07633386738598347, "backend_wait_patch_seconds": 0.3445820529013872, "component_communication_seconds": 5.099570570513606, "component_sampling_seconds": 9.814166287891567, "component_training_seconds": 9.024772775359452, "component_unaccounted_seconds": 0.0, "loss": 0.7085433934607777, "mailbox_replica_index_build_wall_seconds": 0.0, "memory_commit_hook_build_wall_seconds": 2.589542418718338e-05, "memory_replica_index_build_wall_seconds": 0.0, "seconds": 13.204097390174866, "stage_accounted_seconds": 10.412090744823217, "stage_backward_seconds": 2.392123319208622, "stage_batch_wait_seconds": 3.4475452583283186, "stage_batches": 1688.0, "stage_encode_seconds": 3.291924035176635, "stage_finalize_seconds": 0.00011077802628278732, "stage_head_loss_seconds": 0.38777225092053413, "stage_mailbox_commit_row_fallback_count": 0.0, "stage_mailbox_commit_row_path_count": 176.0, "stage_memory_commit_build_seconds": 2.283383121713996, "stage_memory_commit_mailbox_edge_select_seconds": 0.01496118027716875, "stage_memory_commit_replica_build_seconds": 0.0005551157519221306, "stage_memory_commit_row_fallback_count": 0.0, "stage_memory_commit_row_path_count": 598.0, "stage_memory_commit_seconds": 0.0016414765268564224, "stage_memory_commit_submit_seconds": 0.6170955784618855, "stage_memory_commit_wait_sync_seconds": 2.245738768018782, "stage_metrics_seconds": 0.0, "stage_optimizer_all_reduce_seconds": 0.06903528235852718, "stage_optimizer_copyback_seconds": 0.29386754892766476, "stage_optimizer_flatten_seconds": 0.19969715178012848, "stage_optimizer_step_seconds": 1.1037316918373108, "stage_optimizer_steps": 422.0, "stage_optimizer_sync_seconds": 0.5830118237063289, "stage_sync_backward_seconds": 0.00034404080361127853, "stage_sync_batch_wait_seconds": 0.00023566186428070068, "stage_sync_encode_seconds": 0.00030656997114419937, "stage_sync_epoch_tail_seconds": 1.5832483768463135e-07, "stage_sync_finalize_seconds": 2.7194619178771973e-07, "stage_sync_head_loss_seconds": 0.00028655026108026505, "stage_sync_memory_commit_seconds": 0.0002696821466088295, "stage_sync_metrics_seconds": 0.0, "stage_sync_optimizer_step_seconds": 0.00022778287529945374, "stage_unaccounted_seconds": 3.0507848439738154, "stage_wall_seconds": 13.204097390174866, "train_epoch_call_wall_seconds": 13.204477395862341, "train_metrics_reduce_wall_seconds": 0.006952734664082527}, "val": {"ap": 0.9748697948495135, "auc": 0.9729598738554709, "loss": 0.5024843384427103}}
{"epoch": 18, "rank": 0, "test": {"ap": 0.9751075390668117, "auc": 0.9745566610400769, "loss": 0.5118515247648412}, "timing": {"epoch_wall_seconds": 18.507848571054637, "other_wall_seconds": 0.009069643914699554, "test_wall_seconds": 2.680960960686207, "train_call_wall_seconds": 13.278640783391893, "train_metrics_reduce_wall_seconds": 0.008017723448574543, "train_reported_seconds": 13.278508338145912, "train_wrapper_gap_seconds": 0.00013244524598121643, "val_wall_seconds": 2.539177183061838}, "train": {"backend_batch_build_seconds": 1.540556580759585, "backend_batches": 1688.0, "backend_build_edge_feature_layout_seconds": 0.007236722856760025, "backend_build_mailbox_layout_seconds": 0.00304208230227232, "backend_build_memory_layout_seconds": 0.6006690468639135, "backend_build_node_feature_layout_seconds": 0.7395283989608288, "backend_compact_fill_seconds": 0.16332285571843386, "backend_compact_index_edges": 42779409.75, "backend_compact_index_frontier_nodes": 10255520.25, "backend_compact_index_seconds": 2.981829034164548, "backend_compact_index_unique_edges": 9936708.5, "backend_compact_index_unique_nodes": 10255520.25, "backend_compact_root_seconds": 0.7272813227027655, "backend_compact_total_seconds": 4.043110177852213, "backend_convert_sampling_output_seconds": 0.784093732945621, "backend_get_sampling_output_seconds": 5.00369920860976, "backend_materialize_create_seconds": 0.6100727552548051, "backend_materialize_move_seconds": 0.13815079629421234, "backend_materialize_seconds": 0.7481710240244865, "backend_negative_attach_seconds": 0.6806852845475078, "backend_neighbor_sample_from_nodes_seconds": 2.2527480591088533, "backend_patch_inputs_seconds": 0.8073060410097241, "backend_remap_dst_mismatch_count": 0.0, "backend_remap_src_mismatch_count": 0.0, "backend_root_remap_seconds": 0.09524333570152521, "backend_sampling_native_seconds": 8.049467235803604, "backend_sampling_request_seconds": 0.09311655163764954, "backend_sampling_seconds": 8.135324756614864, "backend_submit_edge_feature_seconds": 0.38521729595959187, "backend_submit_mailbox_seconds": 0.0, "backend_submit_memory_mailbox_seconds": 0.3669891422614455, "backend_submit_memory_seconds": 0.0, "backend_submit_node_feature_seconds": 0.6740375058725476, "backend_submit_reads_seconds": 1.4201090727001429, "backend_train_edge_filter_dropped_edges": 0.0, "backend_train_edge_filter_input_edges": 0.0, "backend_train_edge_filter_kept_edges": 0.0, "backend_wait_edge_feature_seconds": 0.08379449509084225, "backend_wait_mailbox_seconds": 0.0, "backend_wait_memory_mailbox_seconds": 0.1322927623987198, "backend_wait_memory_seconds": 0.0, "backend_wait_node_feature_seconds": 0.08085313811898232, "backend_wait_patch_seconds": 0.3455831976607442, "component_communication_seconds": 5.130307367071509, "component_sampling_seconds": 10.356566621921957, "component_training_seconds": 9.027901768684387, "component_unaccounted_seconds": 0.0, "loss": 0.7061126027521081, "mailbox_replica_index_build_wall_seconds": 0.0, "memory_commit_hook_build_wall_seconds": 2.2917985916137695e-05, "memory_replica_index_build_wall_seconds": 0.0, "seconds": 13.278508338145912, "stage_accounted_seconds": 10.412014023400843, "stage_backward_seconds": 2.355848011560738, "stage_batch_wait_seconds": 3.4883181508630514, "stage_batches": 1688.0, "stage_encode_seconds": 3.2941815303638577, "stage_finalize_seconds": 0.00011132843792438507, "stage_head_loss_seconds": 0.3825051859021187, "stage_mailbox_commit_row_fallback_count": 0.0, "stage_mailbox_commit_row_path_count": 176.0, "stage_memory_commit_build_seconds": 2.290826328098774, "stage_memory_commit_mailbox_edge_select_seconds": 0.016187448985874653, "stage_memory_commit_replica_build_seconds": 0.0005567101761698723, "stage_memory_commit_row_fallback_count": 0.0, "stage_memory_commit_row_path_count": 598.0, "stage_memory_commit_seconds": 0.001638677902519703, "stage_memory_commit_submit_seconds": 0.6414988776668906, "stage_memory_commit_wait_sync_seconds": 2.2512667048722506, "stage_metrics_seconds": 0.0, "stage_optimizer_all_reduce_seconds": 0.06472897622734308, "stage_optimizer_copyback_seconds": 0.26111751329153776, "stage_optimizer_flatten_seconds": 0.17015130259096622, "stage_optimizer_step_seconds": 1.0222250446677208, "stage_optimizer_steps": 422.0, "stage_optimizer_sync_seconds": 0.5043199323117733, "stage_sync_backward_seconds": 0.00019421614706516266, "stage_sync_batch_wait_seconds": 0.0002426309511065483, "stage_sync_encode_seconds": 0.0003069629892706871, "stage_sync_epoch_tail_seconds": 1.564621925354004e-07, "stage_sync_finalize_seconds": 2.8219074010849e-07, "stage_sync_head_loss_seconds": 0.0002751927822828293, "stage_sync_memory_commit_seconds": 0.00027010031044483185, "stage_sync_metrics_seconds": 0.0, "stage_sync_optimizer_step_seconds": 0.00021765846759080887, "stage_unaccounted_seconds": 3.082849958911538, "stage_wall_seconds": 13.278508338145912, "train_epoch_call_wall_seconds": 13.27986593451351, "train_metrics_reduce_wall_seconds": 0.008017723448574543}, "val": {"ap": 0.975035446291713, "auc": 0.973196196160427, "loss": 0.5020493129268289}}
{"epoch": 19, "rank": 0, "test": {"ap": 0.9756975711489106, "auc": 0.9751050267167768, "loss": 0.5041604805737734}, "timing": {"epoch_wall_seconds": 18.63889616727829, "other_wall_seconds": 0.008083490654826164, "test_wall_seconds": 2.6903747795149684, "train_call_wall_seconds": 13.371540574356914, "train_metrics_reduce_wall_seconds": 0.007018078118562698, "train_reported_seconds": 13.371328396722674, "train_wrapper_gap_seconds": 0.00021217763423919678, "val_wall_seconds": 2.5688973227515817}, "train": {"backend_batch_build_seconds": 1.2646786691620946, "backend_batches": 1688.0, "backend_build_edge_feature_layout_seconds": 0.005166447721421719, "backend_build_mailbox_layout_seconds": 0.003009679727256298, "backend_build_memory_layout_seconds": 0.5365449031814933, "backend_build_node_feature_layout_seconds": 0.6515079289674759, "backend_compact_fill_seconds": 0.16332395654171705, "backend_compact_index_edges": 42784528.25, "backend_compact_index_frontier_nodes": 10260710.25, "backend_compact_index_seconds": 2.9720133980736136, "backend_compact_index_unique_edges": 9941869.5, "backend_compact_index_unique_nodes": 10260710.25, "backend_compact_root_seconds": 0.7213782304897904, "backend_compact_total_seconds": 4.025617382489145, "backend_convert_sampling_output_seconds": 0.7818616833537817, "backend_get_sampling_output_seconds": 5.00038486905396, "backend_materialize_create_seconds": 0.7060926184058189, "backend_materialize_move_seconds": 0.15052403043955564, "backend_materialize_seconds": 0.8566166488453746, "backend_negative_attach_seconds": 0.8136677695438266, "backend_neighbor_sample_from_nodes_seconds": 2.211369104683399, "backend_patch_inputs_seconds": 0.8396170865744352, "backend_remap_dst_mismatch_count": 0.0, "backend_remap_src_mismatch_count": 0.0, "backend_root_remap_seconds": 0.101363155990839, "backend_sampling_native_seconds": 8.008199055679142, "backend_sampling_request_seconds": 0.10662195179611444, "backend_sampling_seconds": 8.102380320429802, "backend_submit_edge_feature_seconds": 0.3869693139567971, "backend_submit_mailbox_seconds": 0.0, "backend_submit_memory_mailbox_seconds": 0.3671843633055687, "backend_submit_memory_seconds": 0.0, "backend_submit_node_feature_seconds": 0.8243816923350096, "backend_submit_reads_seconds": 1.5743438769131899, "backend_train_edge_filter_dropped_edges": 0.0, "backend_train_edge_filter_input_edges": 0.0, "backend_train_edge_filter_kept_edges": 0.0, "backend_wait_edge_feature_seconds": 0.08529389556497335, "backend_wait_mailbox_seconds": 0.0, "backend_wait_memory_mailbox_seconds": 0.13149502128362656, "backend_wait_memory_seconds": 0.0, "backend_wait_node_feature_seconds": 0.07835907395929098, "backend_wait_patch_seconds": 0.38059173058718443, "component_communication_seconds": 5.231120143085718, "component_sampling_seconds": 10.1794100003317, "component_training_seconds": 8.979934630915523, "component_unaccounted_seconds": 0.0, "loss": 0.7048414115268755, "mailbox_replica_index_build_wall_seconds": 0.0, "memory_commit_hook_build_wall_seconds": 2.4922192096710205e-05, "memory_replica_index_build_wall_seconds": 0.0, "seconds": 13.371328396722674, "stage_accounted_seconds": 10.546385681256652, "stage_backward_seconds": 2.3446276672184467, "stage_batch_wait_seconds": 3.6490253023803234, "stage_batches": 1688.0, "stage_encode_seconds": 3.2880169795826077, "stage_finalize_seconds": 9.805988520383835e-05, "stage_head_loss_seconds": 0.3879137234762311, "stage_mailbox_commit_row_fallback_count": 0.0, "stage_mailbox_commit_row_path_count": 176.0, "stage_memory_commit_build_seconds": 2.1973475301638246, "stage_memory_commit_mailbox_edge_select_seconds": 0.015458142384886742, "stage_memory_commit_replica_build_seconds": 0.0005471380427479744, "stage_memory_commit_row_fallback_count": 0.0, "stage_memory_commit_row_path_count": 598.0, "stage_memory_commit_seconds": 0.0016548540443181992, "stage_memory_commit_submit_seconds": 0.6330516412854195, "stage_memory_commit_wait_sync_seconds": 2.1598167745396495, "stage_metrics_seconds": 0.0, "stage_optimizer_all_reduce_seconds": 0.06625933200120926, "stage_optimizer_copyback_seconds": 0.2700721714645624, "stage_optimizer_flatten_seconds": 0.16821431834250689, "stage_optimizer_step_seconds": 1.0378300426527858, "stage_optimizer_steps": 422.0, "stage_optimizer_sync_seconds": 0.5064145559445024, "stage_sync_backward_seconds": 0.00016937218606472015, "stage_sync_batch_wait_seconds": 0.0002436470240354538, "stage_sync_encode_seconds": 0.00030034128576517105, "stage_sync_epoch_tail_seconds": 1.695007085800171e-07, "stage_sync_finalize_seconds": 2.551823854446411e-07, "stage_sync_head_loss_seconds": 0.0002741636708378792, "stage_sync_memory_commit_seconds": 0.00026796478778123856, "stage_sync_metrics_seconds": 0.0, "stage_sync_optimizer_step_seconds": 0.00022341962903738022, "stage_unaccounted_seconds": 2.9705658005550504, "stage_wall_seconds": 13.371328396722674, "train_epoch_call_wall_seconds": 13.371686320751905, "train_metrics_reduce_wall_seconds": 0.007018078118562698}, "val": {"ap": 0.9751898798640203, "auc": 0.9733519271864597, "loss": 0.4974498802118681}}
{"epoch": 20, "rank": 0, "test": {"ap": 0.9751986454539712, "auc": 0.974589084565392, "loss": 0.5149056694724343}, "timing": {"epoch_wall_seconds": 18.499513410963118, "other_wall_seconds": 0.009136681444942951, "test_wall_seconds": 2.694828325882554, "train_call_wall_seconds": 13.246665633283556, "train_metrics_reduce_wall_seconds": 0.006963476538658142, "train_reported_seconds": 13.246392633765936, "train_wrapper_gap_seconds": 0.00027299951761960983, "val_wall_seconds": 2.5488827703520656}, "train": {"backend_batch_build_seconds": 1.2986969500780106, "backend_batches": 1688.0, "backend_build_edge_feature_layout_seconds": 0.007168191485106945, "backend_build_mailbox_layout_seconds": 0.003054022789001465, "backend_build_memory_layout_seconds": 0.6125045921653509, "backend_build_node_feature_layout_seconds": 0.6860404340550303, "backend_compact_fill_seconds": 0.16315225418657064, "backend_compact_index_edges": 42780178.0, "backend_compact_index_frontier_nodes": 10256137.75, "backend_compact_index_seconds": 2.9076204262673855, "backend_compact_index_unique_edges": 9937194.0, "backend_compact_index_unique_nodes": 10256137.75, "backend_compact_root_seconds": 0.7251355024054646, "backend_compact_total_seconds": 3.9517355831339955, "backend_convert_sampling_output_seconds": 0.7820257348939776, "backend_get_sampling_output_seconds": 4.922336163930595, "backend_materialize_create_seconds": 0.693721791729331, "backend_materialize_move_seconds": 0.148861569352448, "backend_materialize_seconds": 0.842583361081779, "backend_negative_attach_seconds": 0.7408623285591602, "backend_neighbor_sample_from_nodes_seconds": 2.211496204137802, "backend_patch_inputs_seconds": 0.8169137919321656, "backend_remap_dst_mismatch_count": 0.0, "backend_remap_src_mismatch_count": 0.0, "backend_root_remap_seconds": 0.10486802272498608, "backend_sampling_native_seconds": 7.931332780048251, "backend_sampling_request_seconds": 0.10326361283659935, "backend_sampling_seconds": 8.035551391541958, "backend_submit_edge_feature_seconds": 0.36560949869453907, "backend_submit_mailbox_seconds": 0.0, "backend_submit_memory_mailbox_seconds": 0.3718255842104554, "backend_submit_memory_seconds": 0.0, "backend_submit_node_feature_seconds": 0.7461721729487181, "backend_submit_reads_seconds": 1.4715755237266421, "backend_train_edge_filter_dropped_edges": 0.0, "backend_train_edge_filter_input_edges": 0.0, "backend_train_edge_filter_kept_edges": 0.0, "backend_wait_edge_feature_seconds": 0.08656486682593822, "backend_wait_mailbox_seconds": 0.0, "backend_wait_memory_mailbox_seconds": 0.12881136685609818, "backend_wait_memory_seconds": 0.0, "backend_wait_node_feature_seconds": 0.08422575704753399, "backend_wait_patch_seconds": 0.37091529462486506, "component_communication_seconds": 5.159152089618146, "component_sampling_seconds": 9.838238520547748, "component_training_seconds": 8.97776750009507, "component_unaccounted_seconds": 0.0, "loss": 0.702212965972192, "mailbox_replica_index_build_wall_seconds": 0.0, "memory_commit_hook_build_wall_seconds": 2.9071234166622162e-05, "memory_replica_index_build_wall_seconds": 0.0, "seconds": 13.246392633765936, "stage_accounted_seconds": 10.45067052077502, "stage_backward_seconds": 2.373187281191349, "stage_batch_wait_seconds": 3.5368619337677956, "stage_batches": 1688.0, "stage_encode_seconds": 3.2938146060332656, "stage_finalize_seconds": 0.00010096468031406403, "stage_head_loss_seconds": 0.3864707639440894, "stage_mailbox_commit_row_fallback_count": 0.0, "stage_mailbox_commit_row_path_count": 176.0, "stage_memory_commit_build_seconds": 2.2386674182489514, "stage_memory_commit_mailbox_edge_select_seconds": 0.015922355465590954, "stage_memory_commit_replica_build_seconds": 0.0005519334226846695, "stage_memory_commit_row_fallback_count": 0.0, "stage_memory_commit_row_path_count": 598.0, "stage_memory_commit_seconds": 0.001655828207731247, "stage_memory_commit_submit_seconds": 0.6234692446887493, "stage_memory_commit_wait_sync_seconds": 2.199594283476472, "stage_metrics_seconds": 0.0, "stage_optimizer_all_reduce_seconds": 0.06593366339802742, "stage_optimizer_copyback_seconds": 0.2793505862355232, "stage_optimizer_flatten_seconds": 0.1590374568477273, "stage_optimizer_step_seconds": 1.0614567827433348, "stage_optimizer_steps": 422.0, "stage_optimizer_sync_seconds": 0.5073407692834735, "stage_sync_backward_seconds": 0.00016938429325819016, "stage_sync_batch_wait_seconds": 0.00023951102048158646, "stage_sync_encode_seconds": 0.0003034612163901329, "stage_sync_epoch_tail_seconds": 1.434236764907837e-07, "stage_sync_finalize_seconds": 2.896413207054138e-07, "stage_sync_head_loss_seconds": 0.0002746758982539177, "stage_sync_memory_commit_seconds": 0.0002702884376049042, "stage_sync_metrics_seconds": 0.0, "stage_sync_optimizer_step_seconds": 0.0002152957022190094, "stage_unaccounted_seconds": 3.012418422847986, "stage_wall_seconds": 13.246392633765936, "train_epoch_call_wall_seconds": 13.246764278039336, "train_metrics_reduce_wall_seconds": 0.006963476538658142}, "val": {"ap": 0.9750205651459825, "auc": 0.9731592521283439, "loss": 0.5043871173296463}}
{"epoch": 21, "rank": 0, "test": {"ap": 0.9758312880450264, "auc": 0.9752711496996227, "loss": 0.5118906818838282}, "timing": {"epoch_wall_seconds": 18.48109759297222, "other_wall_seconds": 0.007928986102342606, "test_wall_seconds": 2.6936855847015977, "train_call_wall_seconds": 13.23405528254807, "train_metrics_reduce_wall_seconds": 0.006944175809621811, "train_reported_seconds": 13.233910391107202, "train_wrapper_gap_seconds": 0.00014489144086837769, "val_wall_seconds": 2.5454277396202087}, "train": {"backend_batch_build_seconds": 1.2564396625384688, "backend_batches": 1688.0, "backend_build_edge_feature_layout_seconds": 0.004941999912261963, "backend_build_mailbox_layout_seconds": 0.0030490728095173836, "backend_build_memory_layout_seconds": 0.5394939817488194, "backend_build_node_feature_layout_seconds": 0.6563221197575331, "backend_compact_fill_seconds": 0.1634731600061059, "backend_compact_index_edges": 42779824.25, "backend_compact_index_frontier_nodes": 10256527.5, "backend_compact_index_seconds": 2.891008305363357, "backend_compact_index_unique_edges": 9937697.0, "backend_compact_index_unique_nodes": 10256527.5, "backend_compact_root_seconds": 0.7193998768925667, "backend_compact_total_seconds": 3.9206607844680548, "backend_convert_sampling_output_seconds": 0.7806075280532241, "backend_get_sampling_output_seconds": 4.887032597325742, "backend_materialize_create_seconds": 0.7035398641601205, "backend_materialize_move_seconds": 0.1506081335246563, "backend_materialize_seconds": 0.8541479976847768, "backend_negative_attach_seconds": 0.6856398936361074, "backend_neighbor_sample_from_nodes_seconds": 2.205185520462692, "backend_patch_inputs_seconds": 0.8320701075717807, "backend_remap_dst_mismatch_count": 0.0, "backend_remap_src_mismatch_count": 0.0, "backend_root_remap_seconds": 0.10359202045947313, "backend_sampling_native_seconds": 7.887781065888703, "backend_sampling_request_seconds": 0.10240446217358112, "backend_sampling_seconds": 7.9786682752892375, "backend_submit_edge_feature_seconds": 0.34612397756427526, "backend_submit_mailbox_seconds": 0.0, "backend_submit_memory_mailbox_seconds": 0.37337219063192606, "backend_submit_memory_seconds": 0.0, "backend_submit_node_feature_seconds": 0.7632967429235578, "backend_submit_reads_seconds": 1.466087467968464, "backend_train_edge_filter_dropped_edges": 0.0, "backend_train_edge_filter_input_edges": 0.0, "backend_train_edge_filter_kept_edges": 0.0, "backend_wait_edge_feature_seconds": 0.08396888431161642, "backend_wait_mailbox_seconds": 0.0, "backend_wait_memory_mailbox_seconds": 0.12821638118475676, "backend_wait_memory_seconds": 0.0, "backend_wait_node_feature_seconds": 0.07964840065687895, "backend_wait_patch_seconds": 0.3854566812515259, "component_communication_seconds": 5.103842499665916, "component_sampling_seconds": 9.821686940267682, "component_training_seconds": 8.997851828113198, "component_unaccounted_seconds": 0.0, "loss": 0.7011936774998196, "mailbox_replica_index_build_wall_seconds": 0.0, "memory_commit_hook_build_wall_seconds": 4.91878017783165e-05, "memory_replica_index_build_wall_seconds": 0.0, "seconds": 13.233910391107202, "stage_accounted_seconds": 10.448931337334216, "stage_backward_seconds": 2.3640564074739814, "stage_batch_wait_seconds": 3.5398014010861516, "stage_batches": 1688.0, "stage_encode_seconds": 3.278023114427924, "stage_finalize_seconds": 8.642207831144333e-05, "stage_head_loss_seconds": 0.38807521667331457, "stage_mailbox_commit_row_fallback_count": 0.0, "stage_mailbox_commit_row_path_count": 176.0, "stage_memory_commit_build_seconds": 2.1972135016694665, "stage_memory_commit_mailbox_edge_select_seconds": 0.014669854193925858, "stage_memory_commit_replica_build_seconds": 0.0005532335489988327, "stage_memory_commit_row_fallback_count": 0.0, "stage_memory_commit_row_path_count": 598.0, "stage_memory_commit_seconds": 0.001646425575017929, "stage_memory_commit_submit_seconds": 0.597162033431232, "stage_memory_commit_wait_sync_seconds": 2.1584177911281586, "stage_metrics_seconds": 0.0, "stage_optimizer_all_reduce_seconds": 0.0648169731721282, "stage_optimizer_copyback_seconds": 0.27813463006168604, "stage_optimizer_flatten_seconds": 0.16806253045797348, "stage_optimizer_step_seconds": 1.0262371143326163, "stage_optimizer_steps": 422.0, "stage_optimizer_sync_seconds": 0.5233046989887953, "stage_sync_backward_seconds": 0.00016972795128822327, "stage_sync_batch_wait_seconds": 0.000241205096244812, "stage_sync_encode_seconds": 0.00030733272433280945, "stage_sync_epoch_tail_seconds": 1.6111880540847778e-07, "stage_sync_finalize_seconds": 2.812594175338745e-07, "stage_sync_head_loss_seconds": 0.0002764938399195671, "stage_sync_memory_commit_seconds": 0.00026963185518980026, "stage_sync_metrics_seconds": 0.0, "stage_sync_optimizer_step_seconds": 0.00021758303046226501, "stage_unaccounted_seconds": 2.939892758615315, "stage_wall_seconds": 13.233910391107202, "train_epoch_call_wall_seconds": 13.234250289388001, "train_metrics_reduce_wall_seconds": 0.006944175809621811}, "val": {"ap": 0.9751816668321444, "auc": 0.9733242937775329, "loss": 0.5034093982116743}}
{"epoch": 22, "rank": 0, "test": {"ap": 0.9758742198780244, "auc": 0.9753643320824956, "loss": 0.513220115988092}, "timing": {"epoch_wall_seconds": 18.54396876040846, "other_wall_seconds": 0.007949316874146461, "test_wall_seconds": 2.693840387277305, "train_call_wall_seconds": 13.286678725853562, "train_metrics_reduce_wall_seconds": 0.006960962899029255, "train_reported_seconds": 13.286485367454588, "train_wrapper_gap_seconds": 0.0001933583989739418, "val_wall_seconds": 2.555500330403447}, "train": {"backend_batch_build_seconds": 1.2089081117883325, "backend_batches": 1688.0, "backend_build_edge_feature_layout_seconds": 0.004979407414793968, "backend_build_mailbox_layout_seconds": 0.0029049860313534737, "backend_build_memory_layout_seconds": 0.5406227270141244, "backend_build_node_feature_layout_seconds": 0.637559998780489, "backend_compact_fill_seconds": 0.16283611208200455, "backend_compact_index_edges": 42779095.0, "backend_compact_index_frontier_nodes": 10255388.75, "backend_compact_index_seconds": 2.902337009087205, "backend_compact_index_unique_edges": 9936693.5, "backend_compact_index_unique_nodes": 10255388.75, "backend_compact_root_seconds": 0.7284003896638751, "backend_compact_total_seconds": 3.9537932937964797, "backend_convert_sampling_output_seconds": 0.7810964994132519, "backend_get_sampling_output_seconds": 4.897204606793821, "backend_materialize_create_seconds": 0.7086781673133373, "backend_materialize_move_seconds": 0.15055539552122355, "backend_materialize_seconds": 0.8592335628345609, "backend_negative_attach_seconds": 0.7974281962960958, "backend_neighbor_sample_from_nodes_seconds": 2.184809872880578, "backend_patch_inputs_seconds": 0.838883358053863, "backend_remap_dst_mismatch_count": 0.0, "backend_remap_src_mismatch_count": 0.0, "backend_root_remap_seconds": 0.09982739854604006, "backend_sampling_native_seconds": 7.873211610130966, "backend_sampling_request_seconds": 0.11977034527808428, "backend_sampling_seconds": 7.970999216660857, "backend_submit_edge_feature_seconds": 0.38279822934418917, "backend_submit_mailbox_seconds": 0.0, "backend_submit_memory_mailbox_seconds": 0.3549174917861819, "backend_submit_memory_seconds": 0.0, "backend_submit_node_feature_seconds": 0.7966681644320488, "backend_submit_reads_seconds": 1.5018309550359845, "backend_train_edge_filter_dropped_edges": 0.0, "backend_train_edge_filter_input_edges": 0.0, "backend_train_edge_filter_kept_edges": 0.0, "backend_wait_edge_feature_seconds": 0.08420281577855349, "backend_wait_mailbox_seconds": 0.0, "backend_wait_memory_mailbox_seconds": 0.13207419216632843, "backend_wait_memory_seconds": 0.0, "backend_wait_node_feature_seconds": 0.08181151002645493, "backend_wait_patch_seconds": 0.3871930865570903, "component_communication_seconds": 5.146978806704283, "component_sampling_seconds": 9.969433358870447, "component_training_seconds": 8.951171643100679, "component_unaccounted_seconds": 0.0, "loss": 0.6991888340474305, "mailbox_replica_index_build_wall_seconds": 0.0, "memory_commit_hook_build_wall_seconds": 2.6511959731578827e-05, "memory_replica_index_build_wall_seconds": 0.0, "seconds": 13.286485367454588, "stage_accounted_seconds": 10.492560126818717, "stage_backward_seconds": 2.3476632349193096, "stage_batch_wait_seconds": 3.6031131790950894, "stage_batches": 1688.0, "stage_encode_seconds": 3.2743593407794833, "stage_finalize_seconds": 9.408779442310333e-05, "stage_head_loss_seconds": 0.3829408213496208, "stage_mailbox_commit_row_fallback_count": 0.0, "stage_mailbox_commit_row_path_count": 176.0, "stage_memory_commit_build_seconds": 2.20816414617002, "stage_memory_commit_mailbox_edge_select_seconds": 0.014958611689507961, "stage_memory_commit_replica_build_seconds": 0.0005483534187078476, "stage_memory_commit_row_fallback_count": 0.0, "stage_memory_commit_row_path_count": 598.0, "stage_memory_commit_seconds": 0.001657930202782154, "stage_memory_commit_submit_seconds": 0.6041724635288119, "stage_memory_commit_wait_sync_seconds": 2.170528489165008, "stage_metrics_seconds": 0.0, "stage_optimizer_all_reduce_seconds": 0.0680563086643815, "stage_optimizer_copyback_seconds": 0.26090536918491125, "stage_optimizer_flatten_seconds": 0.1555848428979516, "stage_optimizer_step_seconds": 1.0418949937447906, "stage_optimizer_steps": 422.0, "stage_optimizer_sync_seconds": 0.4999025398865342, "stage_sync_backward_seconds": 0.00016951188445091248, "stage_sync_batch_wait_seconds": 0.00024346448481082916, "stage_sync_encode_seconds": 0.00030484702438116074, "stage_sync_epoch_tail_seconds": 1.9371509552001953e-07, "stage_sync_finalize_seconds": 2.505257725715637e-07, "stage_sync_head_loss_seconds": 0.00027078669518232346, "stage_sync_memory_commit_seconds": 0.00026820413768291473, "stage_sync_metrics_seconds": 0.0, "stage_sync_optimizer_step_seconds": 0.0002186410129070282, "stage_unaccounted_seconds": 2.963258944451809, "stage_wall_seconds": 13.286485367454588, "train_epoch_call_wall_seconds": 13.286858324892819, "train_metrics_reduce_wall_seconds": 0.006960962899029255}, "val": {"ap": 0.9757289336932329, "auc": 0.9739079045223573, "loss": 0.5026426883414388}}
{"epoch": 23, "rank": 0, "test": {"ap": 0.9759667468904105, "auc": 0.9754338760983439, "loss": 0.5013320307162674}, "timing": {"epoch_wall_seconds": 18.53802505042404, "other_wall_seconds": 0.008048857562243938, "test_wall_seconds": 2.717842594720423, "train_call_wall_seconds": 13.263749741949141, "train_metrics_reduce_wall_seconds": 0.0070625972002744675, "train_reported_seconds": 13.263545453548431, "train_wrapper_gap_seconds": 0.00020428840070962906, "val_wall_seconds": 2.548383856192231}, "train": {"backend_batch_build_seconds": 1.218087075278163, "backend_batches": 1688.0, "backend_build_edge_feature_layout_seconds": 0.005189084447920322, "backend_build_mailbox_layout_seconds": 0.0030509568750858307, "backend_build_memory_layout_seconds": 0.5384742906317115, "backend_build_node_feature_layout_seconds": 0.6523212743923068, "backend_compact_fill_seconds": 0.16416523419320583, "backend_compact_index_edges": 42778732.5, "backend_compact_index_frontier_nodes": 10256219.25, "backend_compact_index_seconds": 2.907296513207257, "backend_compact_index_unique_edges": 9937537.25, "backend_compact_index_unique_nodes": 10256219.25, "backend_compact_root_seconds": 0.7201167270541191, "backend_compact_total_seconds": 3.941246625036001, "backend_convert_sampling_output_seconds": 0.7809181679040194, "backend_get_sampling_output_seconds": 4.911791015416384, "backend_materialize_create_seconds": 0.7095957268029451, "backend_materialize_move_seconds": 0.15055547840893269, "backend_materialize_seconds": 0.8601512052118778, "backend_negative_attach_seconds": 0.7279897630214691, "backend_neighbor_sample_from_nodes_seconds": 2.217571754939854, "backend_patch_inputs_seconds": 0.8295008353888988, "backend_remap_dst_mismatch_count": 0.0, "backend_remap_src_mismatch_count": 0.0, "backend_root_remap_seconds": 0.10231783427298069, "backend_sampling_native_seconds": 7.925515850074589, "backend_sampling_request_seconds": 0.09917688369750977, "backend_sampling_seconds": 8.025637682527304, "backend_submit_edge_feature_seconds": 0.35176736023277044, "backend_submit_mailbox_seconds": 0.0, "backend_submit_memory_mailbox_seconds": 0.380602078512311, "backend_submit_memory_seconds": 0.0, "backend_submit_node_feature_seconds": 0.8038470866158605, "backend_submit_reads_seconds": 1.4973953776061535, "backend_train_edge_filter_dropped_edges": 0.0, "backend_train_edge_filter_input_edges": 0.0, "backend_train_edge_filter_kept_edges": 0.0, "backend_wait_edge_feature_seconds": 0.0846455842256546, "backend_wait_mailbox_seconds": 0.0, "backend_wait_memory_mailbox_seconds": 0.12552087660878897, "backend_wait_memory_seconds": 0.0, "backend_wait_node_feature_seconds": 0.08120519295334816, "backend_wait_patch_seconds": 0.3830279130488634, "component_communication_seconds": 5.129373415373266, "component_sampling_seconds": 9.874062400311232, "component_training_seconds": 8.996233352459967, "component_unaccounted_seconds": 0.0, "loss": 0.6993347783506765, "mailbox_replica_index_build_wall_seconds": 0.0, "memory_commit_hook_build_wall_seconds": 3.0093826353549957e-05, "memory_replica_index_build_wall_seconds": 0.0, "seconds": 13.263545453548431, "stage_accounted_seconds": 10.44213749282062, "stage_backward_seconds": 2.3416801849380136, "stage_batch_wait_seconds": 3.5571255162358284, "stage_batches": 1688.0, "stage_encode_seconds": 3.289946299046278, "stage_finalize_seconds": 0.00011100992560386658, "stage_head_loss_seconds": 0.3875646274536848, "stage_mailbox_commit_row_fallback_count": 0.0, "stage_mailbox_commit_row_path_count": 176.0, "stage_memory_commit_build_seconds": 2.1942540407180786, "stage_memory_commit_mailbox_edge_select_seconds": 0.015188523568212986, "stage_memory_commit_replica_build_seconds": 0.000551203265786171, "stage_memory_commit_row_fallback_count": 0.0, "stage_memory_commit_row_path_count": 598.0, "stage_memory_commit_seconds": 0.0016460837796330452, "stage_memory_commit_submit_seconds": 0.6190032446756959, "stage_memory_commit_wait_sync_seconds": 2.1562112579122186, "stage_metrics_seconds": 0.0, "stage_optimizer_all_reduce_seconds": 0.06880146637558937, "stage_optimizer_copyback_seconds": 0.25758374482393265, "stage_optimizer_flatten_seconds": 0.16706797759979963, "stage_optimizer_step_seconds": 1.039526367560029, "stage_optimizer_steps": 422.0, "stage_optimizer_sync_seconds": 0.5097318068146706, "stage_sync_backward_seconds": 0.0001739002764225006, "stage_sync_batch_wait_seconds": 0.0002410421147942543, "stage_sync_encode_seconds": 0.0003143344074487686, "stage_sync_epoch_tail_seconds": 1.4901161193847656e-07, "stage_sync_finalize_seconds": 2.728775143623352e-07, "stage_sync_head_loss_seconds": 0.00027464330196380615, "stage_sync_memory_commit_seconds": 0.0002736654132604599, "stage_sync_metrics_seconds": 0.0, "stage_sync_optimizer_step_seconds": 0.00021881982684135437, "stage_unaccounted_seconds": 2.9618835169821978, "stage_wall_seconds": 13.263545453548431, "train_epoch_call_wall_seconds": 13.263919373974204, "train_metrics_reduce_wall_seconds": 0.0070625972002744675}, "val": {"ap": 0.9755090456081834, "auc": 0.9736965309625732, "loss": 0.49432082702829083}}
{"epoch": 24, "rank": 0, "test": {"ap": 0.9761999533928787, "auc": 0.9756887114836197, "loss": 0.49931274024261674}, "timing": {"epoch_wall_seconds": 18.490386358462274, "other_wall_seconds": 0.007978872396051884, "test_wall_seconds": 2.6863118931651115, "train_call_wall_seconds": 13.248560326173902, "train_metrics_reduce_wall_seconds": 0.006937780417501926, "train_reported_seconds": 13.248362905345857, "train_wrapper_gap_seconds": 0.00019742082804441452, "val_wall_seconds": 2.547535266727209}, "train": {"backend_batch_build_seconds": 1.3252698574215174, "backend_batches": 1688.0, "backend_build_edge_feature_layout_seconds": 0.004981424659490585, "backend_build_mailbox_layout_seconds": 0.0030285725370049477, "backend_build_memory_layout_seconds": 0.5405925121158361, "backend_build_node_feature_layout_seconds": 0.6437789890915155, "backend_compact_fill_seconds": 0.16320599522441626, "backend_compact_index_edges": 42780229.5, "backend_compact_index_frontier_nodes": 10256927.25, "backend_compact_index_seconds": 2.9278677767142653, "backend_compact_index_unique_edges": 9938202.75, "backend_compact_index_unique_nodes": 10256927.25, "backend_compact_root_seconds": 0.7270897552371025, "backend_compact_total_seconds": 3.9833618393167853, "backend_convert_sampling_output_seconds": 0.7809188086539507, "backend_get_sampling_output_seconds": 4.926221556961536, "backend_materialize_create_seconds": 0.6870826641097665, "backend_materialize_move_seconds": 0.1476197289302945, "backend_materialize_seconds": 0.834702393040061, "backend_negative_attach_seconds": 0.7332616355270147, "backend_neighbor_sample_from_nodes_seconds": 2.201285444200039, "backend_patch_inputs_seconds": 0.8182820118963718, "backend_remap_dst_mismatch_count": 0.0, "backend_remap_src_mismatch_count": 0.0, "backend_root_remap_seconds": 0.10448587127029896, "backend_sampling_native_seconds": 7.915134148672223, "backend_sampling_request_seconds": 0.09892577864229679, "backend_sampling_seconds": 8.014992337673903, "backend_submit_edge_feature_seconds": 0.3572958083823323, "backend_submit_mailbox_seconds": 0.0, "backend_submit_memory_mailbox_seconds": 0.35716087091714144, "backend_submit_memory_seconds": 0.0, "backend_submit_node_feature_seconds": 0.7749137850478292, "backend_submit_reads_seconds": 1.4792921347543597, "backend_train_edge_filter_dropped_edges": 0.0, "backend_train_edge_filter_input_edges": 0.0, "backend_train_edge_filter_kept_edges": 0.0, "backend_wait_edge_feature_seconds": 0.08557937294244766, "backend_wait_mailbox_seconds": 0.0, "backend_wait_memory_mailbox_seconds": 0.13517027720808983, "backend_wait_memory_seconds": 0.0, "backend_wait_node_feature_seconds": 0.07606203388422728, "backend_wait_patch_seconds": 0.3725387491285801, "component_communication_seconds": 5.162797472439706, "component_sampling_seconds": 9.939911133609712, "component_training_seconds": 8.995227815583348, "component_unaccounted_seconds": 0.0, "loss": 0.6987064815528019, "mailbox_replica_index_build_wall_seconds": 0.0, "memory_commit_hook_build_wall_seconds": 2.8681010007858276e-05, "memory_replica_index_build_wall_seconds": 0.0, "seconds": 13.248362905345857, "stage_accounted_seconds": 10.424333308823407, "stage_backward_seconds": 2.3341388450935483, "stage_batch_wait_seconds": 3.534429174847901, "stage_batches": 1688.0, "stage_encode_seconds": 3.2722310526296496, "stage_finalize_seconds": 0.00010229367762804031, "stage_head_loss_seconds": 0.38702699448913336, "stage_mailbox_commit_row_fallback_count": 0.0, "stage_mailbox_commit_row_path_count": 176.0, "stage_memory_commit_build_seconds": 2.2368407752364874, "stage_memory_commit_mailbox_edge_select_seconds": 0.015614903531968594, "stage_memory_commit_replica_build_seconds": 0.0005453759804368019, "stage_memory_commit_row_fallback_count": 0.0, "stage_memory_commit_row_path_count": 598.0, "stage_memory_commit_seconds": 0.0016414802521467209, "stage_memory_commit_submit_seconds": 0.6067493380978703, "stage_memory_commit_wait_sync_seconds": 2.1992160230875015, "stage_metrics_seconds": 0.0, "stage_optimizer_all_reduce_seconds": 0.06434823200106621, "stage_optimizer_copyback_seconds": 0.2770185871049762, "stage_optimizer_flatten_seconds": 0.1640754509717226, "stage_optimizer_step_seconds": 1.0471435878425837, "stage_optimizer_steps": 422.0, "stage_optimizer_sync_seconds": 0.5210678055882454, "stage_sync_backward_seconds": 0.00017027556896209717, "stage_sync_batch_wait_seconds": 0.0002446509897708893, "stage_sync_encode_seconds": 0.0003134245052933693, "stage_sync_epoch_tail_seconds": 1.5832483768463135e-07, "stage_sync_finalize_seconds": 2.8312206268310547e-07, "stage_sync_head_loss_seconds": 0.00028040632605552673, "stage_sync_memory_commit_seconds": 0.00026975758373737335, "stage_sync_metrics_seconds": 0.0, "stage_sync_optimizer_step_seconds": 0.00022436119616031647, "stage_unaccounted_seconds": 2.9955856017768383, "stage_wall_seconds": 13.248362905345857, "train_epoch_call_wall_seconds": 13.248725641518831, "train_metrics_reduce_wall_seconds": 0.006937780417501926}, "val": {"ap": 0.975834276362743, "auc": 0.9740751726311956, "loss": 0.4945969247174534}}
{"epoch": 25, "rank": 0, "test": {"ap": 0.9767513384428194, "auc": 0.9761793770319185, "loss": 0.49996561751785606}, "timing": {"epoch_wall_seconds": 18.5245329644531, "other_wall_seconds": 0.008176570758223534, "test_wall_seconds": 2.6809465829283, "train_call_wall_seconds": 13.287051885388792, "train_metrics_reduce_wall_seconds": 0.007165027782320976, "train_reported_seconds": 13.286889717914164, "train_wrapper_gap_seconds": 0.0001621674746274948, "val_wall_seconds": 2.548357925377786}, "train": {"backend_batch_build_seconds": 1.2301566321402788, "backend_batches": 1688.0, "backend_build_edge_feature_layout_seconds": 0.0060611916705966, "backend_build_mailbox_layout_seconds": 0.0028348099440336227, "backend_build_memory_layout_seconds": 0.578573040664196, "backend_build_node_feature_layout_seconds": 0.6643102634698153, "backend_compact_fill_seconds": 0.1637452132999897, "backend_compact_index_edges": 42779407.0, "backend_compact_index_frontier_nodes": 10256288.5, "backend_compact_index_seconds": 2.9508627373725176, "backend_compact_index_unique_edges": 9937245.0, "backend_compact_index_unique_nodes": 10256288.5, "backend_compact_root_seconds": 0.7215338610112667, "backend_compact_total_seconds": 3.995734538882971, "backend_convert_sampling_output_seconds": 0.7917933529242873, "backend_get_sampling_output_seconds": 4.965113471262157, "backend_materialize_create_seconds": 0.6840867698192596, "backend_materialize_move_seconds": 0.1480536675080657, "backend_materialize_seconds": 0.8321404373273253, "backend_negative_attach_seconds": 0.7449716879054904, "backend_neighbor_sample_from_nodes_seconds": 2.1874482771381736, "backend_patch_inputs_seconds": 0.8239380465820432, "backend_remap_dst_mismatch_count": 0.0, "backend_remap_src_mismatch_count": 0.0, "backend_root_remap_seconds": 0.09730933420360088, "backend_sampling_native_seconds": 7.942575334571302, "backend_sampling_request_seconds": 0.12114402465522289, "backend_sampling_seconds": 8.041731632314622, "backend_submit_edge_feature_seconds": 0.3797314176335931, "backend_submit_mailbox_seconds": 0.0, "backend_submit_memory_mailbox_seconds": 0.375958283431828, "backend_submit_memory_seconds": 0.0, "backend_submit_node_feature_seconds": 0.7635404085740447, "backend_submit_reads_seconds": 1.4829053496941924, "backend_train_edge_filter_dropped_edges": 0.0, "backend_train_edge_filter_input_edges": 0.0, "backend_train_edge_filter_kept_edges": 0.0, "backend_wait_edge_feature_seconds": 0.08379631582647562, "backend_wait_mailbox_seconds": 0.0, "backend_wait_memory_mailbox_seconds": 0.13214991614222527, "backend_wait_memory_seconds": 0.0, "backend_wait_node_feature_seconds": 0.08594063483178616, "backend_wait_patch_seconds": 0.3712997371330857, "component_communication_seconds": 5.165889296680689, "component_sampling_seconds": 9.899238523095846, "component_training_seconds": 8.969244742766023, "component_unaccounted_seconds": 0.0, "loss": 0.6979689496211814, "mailbox_replica_index_build_wall_seconds": 0.0, "memory_commit_hook_build_wall_seconds": 2.2377818822860718e-05, "memory_replica_index_build_wall_seconds": 0.0, "seconds": 13.286889717914164, "stage_accounted_seconds": 10.463078477419913, "stage_backward_seconds": 2.3141101729124784, "stage_batch_wait_seconds": 3.568279528990388, "stage_batches": 1688.0, "stage_encode_seconds": 3.2777480697259307, "stage_finalize_seconds": 0.00017252005636692047, "stage_head_loss_seconds": 0.38874977082014084, "stage_mailbox_commit_row_fallback_count": 0.0, "stage_mailbox_commit_row_path_count": 176.0, "stage_memory_commit_build_seconds": 2.212104946374893, "stage_memory_commit_mailbox_edge_select_seconds": 0.01531623862683773, "stage_memory_commit_replica_build_seconds": 0.0005531506612896919, "stage_memory_commit_row_fallback_count": 0.0, "stage_memory_commit_row_path_count": 598.0, "stage_memory_commit_seconds": 0.001631985418498516, "stage_memory_commit_submit_seconds": 0.6337737217545509, "stage_memory_commit_wait_sync_seconds": 2.1750037651509047, "stage_metrics_seconds": 0.0, "stage_optimizer_all_reduce_seconds": 0.07310234475880861, "stage_optimizer_copyback_seconds": 0.2749261138960719, "stage_optimizer_flatten_seconds": 0.1551931519061327, "stage_optimizer_step_seconds": 1.0252937665209174, "stage_optimizer_steps": 422.0, "stage_optimizer_sync_seconds": 0.5127679752185941, "stage_sync_backward_seconds": 0.0001713912934064865, "stage_sync_batch_wait_seconds": 0.00024227239191532135, "stage_sync_encode_seconds": 0.0003132214769721031, "stage_sync_epoch_tail_seconds": 1.816079020500183e-07, "stage_sync_finalize_seconds": 2.905726432800293e-07, "stage_sync_head_loss_seconds": 0.0002841334789991379, "stage_sync_memory_commit_seconds": 0.0002695424482226372, "stage_sync_metrics_seconds": 0.0, "stage_sync_optimizer_step_seconds": 0.00022115185856819153, "stage_unaccounted_seconds": 2.9919904582202435, "stage_wall_seconds": 13.286889717914164, "train_epoch_call_wall_seconds": 13.287332739681005, "train_metrics_reduce_wall_seconds": 0.007165027782320976}, "val": {"ap": 0.9759186787383156, "auc": 0.9741219255696979, "loss": 0.49860396803441376}}
{"epoch": 26, "rank": 0, "test": {"ap": 0.9762249046875874, "auc": 0.9756271568243257, "loss": 0.5039850192313844}, "timing": {"epoch_wall_seconds": 18.374598246067762, "other_wall_seconds": 0.007991787046194077, "test_wall_seconds": 2.683005813509226, "train_call_wall_seconds": 13.149681228213012, "train_metrics_reduce_wall_seconds": 0.007022225297987461, "train_reported_seconds": 13.149479324929416, "train_wrapper_gap_seconds": 0.00020190328359603882, "val_wall_seconds": 2.5339194172993302}, "train": {"backend_batch_build_seconds": 1.2029513344168663, "backend_batches": 1688.0, "backend_build_edge_feature_layout_seconds": 0.005541585385799408, "backend_build_mailbox_layout_seconds": 0.002531128004193306, "backend_build_memory_layout_seconds": 0.51582948025316, "backend_build_node_feature_layout_seconds": 0.5970986261963844, "backend_compact_fill_seconds": 0.1653041960671544, "backend_compact_index_edges": 42780617.0, "backend_compact_index_frontier_nodes": 10257922.75, "backend_compact_index_seconds": 2.904568555764854, "backend_compact_index_unique_edges": 9939187.75, "backend_compact_index_unique_nodes": 10257922.75, "backend_compact_root_seconds": 0.7144923396408558, "backend_compact_total_seconds": 3.9453566037118435, "backend_convert_sampling_output_seconds": 0.7957230620086193, "backend_get_sampling_output_seconds": 4.923792409710586, "backend_materialize_create_seconds": 0.6166988480836153, "backend_materialize_move_seconds": 0.13708545546978712, "backend_materialize_seconds": 0.7537843035534024, "backend_negative_attach_seconds": 0.6841526161879301, "backend_neighbor_sample_from_nodes_seconds": 2.211730247363448, "backend_patch_inputs_seconds": 0.8054132834076881, "backend_remap_dst_mismatch_count": 0.0, "backend_remap_src_mismatch_count": 0.0, "backend_root_remap_seconds": 0.09345071390271187, "backend_sampling_native_seconds": 7.9231393514201045, "backend_sampling_request_seconds": 0.10588443744927645, "backend_sampling_seconds": 8.020467515103519, "backend_submit_edge_feature_seconds": 0.36411755811423063, "backend_submit_mailbox_seconds": 0.0, "backend_submit_memory_mailbox_seconds": 0.3621784681454301, "backend_submit_memory_seconds": 0.0, "backend_submit_node_feature_seconds": 0.7092584325000644, "backend_submit_reads_seconds": 1.4098803801462054, "backend_train_edge_filter_dropped_edges": 0.0, "backend_train_edge_filter_input_edges": 0.0, "backend_train_edge_filter_kept_edges": 0.0, "backend_wait_edge_feature_seconds": 0.08772635366767645, "backend_wait_mailbox_seconds": 0.0, "backend_wait_memory_mailbox_seconds": 0.13933738227933645, "backend_wait_memory_seconds": 0.0, "backend_wait_node_feature_seconds": 0.08270689938217402, "backend_wait_patch_seconds": 0.3446157108992338, "component_communication_seconds": 5.083895269781351, "component_sampling_seconds": 9.741871998645365, "component_training_seconds": 8.984254238195717, "component_unaccounted_seconds": 0.0, "loss": 0.6960482770903698, "mailbox_replica_index_build_wall_seconds": 0.0, "memory_commit_hook_build_wall_seconds": 2.9940158128738403e-05, "memory_replica_index_build_wall_seconds": 0.0, "seconds": 13.149479324929416, "stage_accounted_seconds": 10.332385131157935, "stage_backward_seconds": 2.3409351631999016, "stage_batch_wait_seconds": 3.4489165991544724, "stage_batches": 1688.0, "stage_encode_seconds": 3.3044890435412526, "stage_finalize_seconds": 0.0001116311177611351, "stage_head_loss_seconds": 0.38614035677164793, "stage_mailbox_commit_row_fallback_count": 0.0, "stage_mailbox_commit_row_path_count": 176.0, "stage_memory_commit_build_seconds": 2.2408793782815337, "stage_memory_commit_mailbox_edge_select_seconds": 0.01563647948205471, "stage_memory_commit_replica_build_seconds": 0.000551082193851471, "stage_memory_commit_row_fallback_count": 0.0, "stage_memory_commit_row_path_count": 598.0, "stage_memory_commit_seconds": 0.0016734134405851364, "stage_memory_commit_submit_seconds": 0.6062510022893548, "stage_memory_commit_wait_sync_seconds": 2.203425796702504, "stage_metrics_seconds": 0.0, "stage_optimizer_all_reduce_seconds": 0.062192970886826515, "stage_optimizer_copyback_seconds": 0.2630547443404794, "stage_optimizer_flatten_seconds": 0.15604259818792343, "stage_optimizer_step_seconds": 1.032889073714614, "stage_optimizer_steps": 422.0, "stage_optimizer_sync_seconds": 0.49278418347239494, "stage_sync_backward_seconds": 0.00016910117119550705, "stage_sync_batch_wait_seconds": 0.00023947935551404953, "stage_sync_encode_seconds": 0.0003124093636870384, "stage_sync_epoch_tail_seconds": 1.648440957069397e-07, "stage_sync_finalize_seconds": 2.7194619178771973e-07, "stage_sync_head_loss_seconds": 0.0002683717757463455, "stage_sync_memory_commit_seconds": 0.00026941392570734024, "stage_sync_metrics_seconds": 0.0, "stage_sync_optimizer_step_seconds": 0.00021368637681007385, "stage_unaccounted_seconds": 2.9910445464774966, "stage_wall_seconds": 13.149479324929416, "train_epoch_call_wall_seconds": 13.14985346980393, "train_metrics_reduce_wall_seconds": 0.007022225297987461}, "val": {"ap": 0.9755051115624777, "auc": 0.9736565647440217, "loss": 0.4989891135218468}}
{"epoch": 27, "rank": 0, "test": {"ap": 0.9763070351864895, "auc": 0.9757293221854204, "loss": 0.4916773628104817}, "timing": {"epoch_wall_seconds": 18.38405558746308, "other_wall_seconds": 0.007864349521696568, "test_wall_seconds": 2.6798208812251687, "train_call_wall_seconds": 13.161243662238121, "train_metrics_reduce_wall_seconds": 0.006920452229678631, "train_reported_seconds": 13.160994316451252, "train_wrapper_gap_seconds": 0.0002493457868695259, "val_wall_seconds": 2.5351266944780946}, "train": {"backend_batch_build_seconds": 1.2594182584434748, "backend_batches": 1688.0, "backend_build_edge_feature_layout_seconds": 0.00521487183868885, "backend_build_mailbox_layout_seconds": 0.002556231804192066, "backend_build_memory_layout_seconds": 0.5383819723501801, "backend_build_node_feature_layout_seconds": 0.6662724828347564, "backend_compact_fill_seconds": 0.16327626630663872, "backend_compact_index_edges": 42781219.75, "backend_compact_index_frontier_nodes": 10257564.0, "backend_compact_index_seconds": 2.894120211713016, "backend_compact_index_unique_edges": 9938975.0, "backend_compact_index_unique_nodes": 10257564.0, "backend_compact_root_seconds": 0.7166360467672348, "backend_compact_total_seconds": 3.9255302203819156, "backend_convert_sampling_output_seconds": 0.7785801785066724, "backend_get_sampling_output_seconds": 4.8954719342291355, "backend_materialize_create_seconds": 0.6177820172160864, "backend_materialize_move_seconds": 0.13871186785399914, "backend_materialize_seconds": 0.755373484455049, "backend_negative_attach_seconds": 0.6304973615333438, "backend_neighbor_sample_from_nodes_seconds": 2.1920946277678013, "backend_patch_inputs_seconds": 0.8116754731163383, "backend_remap_dst_mismatch_count": 0.0, "backend_remap_src_mismatch_count": 0.0, "backend_root_remap_seconds": 0.09300105459988117, "backend_sampling_native_seconds": 7.881824586540461, "backend_sampling_request_seconds": 0.09288736619055271, "backend_sampling_seconds": 7.9650334026664495, "backend_submit_edge_feature_seconds": 0.3774276142939925, "backend_submit_mailbox_seconds": 0.0, "backend_submit_memory_mailbox_seconds": 0.36089575476944447, "backend_submit_memory_seconds": 0.0, "backend_submit_node_feature_seconds": 0.6830995855852962, "backend_submit_reads_seconds": 1.406895018182695, "backend_train_edge_filter_dropped_edges": 0.0, "backend_train_edge_filter_input_edges": 0.0, "backend_train_edge_filter_kept_edges": 0.0, "backend_wait_edge_feature_seconds": 0.08420176710933447, "backend_wait_mailbox_seconds": 0.0, "backend_wait_memory_mailbox_seconds": 0.1292793583124876, "backend_wait_memory_seconds": 0.0, "backend_wait_node_feature_seconds": 0.08278523478657007, "backend_wait_patch_seconds": 0.35197282023727894, "component_communication_seconds": 5.058004543185234, "component_sampling_seconds": 9.787863459438086, "component_training_seconds": 8.993200889788568, "component_unaccounted_seconds": 0.0, "loss": 0.6966387888337199, "mailbox_replica_index_build_wall_seconds": 0.0, "memory_commit_hook_build_wall_seconds": 2.3292377591133118e-05, "memory_replica_index_build_wall_seconds": 0.0, "seconds": 13.160994316451252, "stage_accounted_seconds": 10.313199171796441, "stage_backward_seconds": 2.3331955522298813, "stage_batch_wait_seconds": 3.455787254497409, "stage_batches": 1688.0, "stage_encode_seconds": 3.2881455374881625, "stage_finalize_seconds": 9.904149919748306e-05, "stage_head_loss_seconds": 0.3834423627704382, "stage_mailbox_commit_row_fallback_count": 0.0, "stage_mailbox_commit_row_path_count": 176.0, "stage_memory_commit_build_seconds": 2.212755081243813, "stage_memory_commit_mailbox_edge_select_seconds": 0.01641373336315155, "stage_memory_commit_replica_build_seconds": 0.0005595693364739418, "stage_memory_commit_row_fallback_count": 0.0, "stage_memory_commit_row_path_count": 598.0, "stage_memory_commit_seconds": 0.0016554277390241623, "stage_memory_commit_submit_seconds": 0.6062704669311643, "stage_memory_commit_wait_sync_seconds": 2.174159969203174, "stage_metrics_seconds": 0.0, "stage_optimizer_all_reduce_seconds": 0.06753444205969572, "stage_optimizer_copyback_seconds": 0.27064334601163864, "stage_optimizer_flatten_seconds": 0.17853267956525087, "stage_optimizer_step_seconds": 1.053841625340283, "stage_optimizer_steps": 422.0, "stage_optimizer_sync_seconds": 0.5135586000978947, "stage_sync_backward_seconds": 0.00017161201685667038, "stage_sync_batch_wait_seconds": 0.0002399533987045288, "stage_sync_encode_seconds": 0.0003097662702202797, "stage_sync_epoch_tail_seconds": 1.5925616025924683e-07, "stage_sync_finalize_seconds": 2.998858690261841e-07, "stage_sync_head_loss_seconds": 0.00027383212000131607, "stage_sync_memory_commit_seconds": 0.00027283281087875366, "stage_sync_metrics_seconds": 0.0, "stage_sync_optimizer_step_seconds": 0.0002142312005162239, "stage_unaccounted_seconds": 2.964068094268441, "stage_wall_seconds": 13.160994316451252, "train_epoch_call_wall_seconds": 13.161339703947306, "train_metrics_reduce_wall_seconds": 0.006920452229678631}, "val": {"ap": 0.9756885374472635, "auc": 0.9738763136900355, "loss": 0.49253945348953665}}
{"epoch": 28, "rank": 0, "test": {"ap": 0.9763383572874541, "auc": 0.9759288722771, "loss": 0.5028183418749408}, "timing": {"epoch_wall_seconds": 18.501944916322827, "other_wall_seconds": 0.009717503562569618, "test_wall_seconds": 2.699691035784781, "train_call_wall_seconds": 13.25766814686358, "train_metrics_reduce_wall_seconds": 0.006958507001399994, "train_reported_seconds": 13.257528725080192, "train_wrapper_gap_seconds": 0.00013942178338766098, "val_wall_seconds": 2.534868230111897}, "train": {"backend_batch_build_seconds": 1.2694848729297519, "backend_batches": 1688.0, "backend_build_edge_feature_layout_seconds": 0.007234366610646248, "backend_build_mailbox_layout_seconds": 0.003025009296834469, "backend_build_memory_layout_seconds": 0.6053139856085181, "backend_build_node_feature_layout_seconds": 0.7197130359709263, "backend_compact_fill_seconds": 0.16456886380910873, "backend_compact_index_edges": 42780940.75, "backend_compact_index_frontier_nodes": 10257617.0, "backend_compact_index_seconds": 2.9821538776159286, "backend_compact_index_unique_edges": 9938849.75, "backend_compact_index_unique_nodes": 10257617.0, "backend_compact_root_seconds": 0.7237156182527542, "backend_compact_total_seconds": 4.0336033422499895, "backend_convert_sampling_output_seconds": 0.7860153950750828, "backend_get_sampling_output_seconds": 4.996317784301937, "backend_materialize_create_seconds": 0.606694757938385, "backend_materialize_move_seconds": 0.14119725860655308, "backend_materialize_seconds": 0.7478920165449381, "backend_negative_attach_seconds": 0.7551311710849404, "backend_neighbor_sample_from_nodes_seconds": 2.2061981363222003, "backend_patch_inputs_seconds": 0.8021065518260002, "backend_remap_dst_mismatch_count": 0.0, "backend_remap_src_mismatch_count": 0.0, "backend_root_remap_seconds": 0.09493043273687363, "backend_sampling_native_seconds": 7.9913844568654895, "backend_sampling_request_seconds": 0.10383533872663975, "backend_sampling_seconds": 8.092284106649458, "backend_submit_edge_feature_seconds": 0.4025289611890912, "backend_submit_mailbox_seconds": 0.0, "backend_submit_memory_mailbox_seconds": 0.37484608869999647, "backend_submit_memory_seconds": 0.0, "backend_submit_node_feature_seconds": 0.7258904883638024, "backend_submit_reads_seconds": 1.4780645109713078, "backend_train_edge_filter_dropped_edges": 0.0, "backend_train_edge_filter_input_edges": 0.0, "backend_train_edge_filter_kept_edges": 0.0, "backend_wait_edge_feature_seconds": 0.08708908688277006, "backend_wait_mailbox_seconds": 0.0, "backend_wait_memory_mailbox_seconds": 0.13350969273597002, "backend_wait_memory_seconds": 0.0, "backend_wait_node_feature_seconds": 0.07756337430328131, "backend_wait_patch_seconds": 0.34333891700953245, "component_communication_seconds": 5.131613378413022, "component_sampling_seconds": 10.073458284139633, "component_training_seconds": 8.985742163844407, "component_unaccounted_seconds": 0.0, "loss": 0.696707548017468, "mailbox_replica_index_build_wall_seconds": 0.0, "memory_commit_hook_build_wall_seconds": 2.504047006368637e-05, "memory_replica_index_build_wall_seconds": 0.0, "seconds": 13.257528725080192, "stage_accounted_seconds": 10.415953680872917, "stage_backward_seconds": 2.3196810064837337, "stage_batch_wait_seconds": 3.5426850551739335, "stage_batches": 1688.0, "stage_encode_seconds": 3.317901144735515, "stage_finalize_seconds": 9.152106940746307e-05, "stage_head_loss_seconds": 0.38914213329553604, "stage_mailbox_commit_row_fallback_count": 0.0, "stage_mailbox_commit_row_path_count": 176.0, "stage_memory_commit_build_seconds": 2.2644928162917495, "stage_memory_commit_mailbox_edge_select_seconds": 0.015804761089384556, "stage_memory_commit_replica_build_seconds": 0.0005542552098631859, "stage_memory_commit_row_fallback_count": 0.0, "stage_memory_commit_row_path_count": 598.0, "stage_memory_commit_seconds": 0.0016353568062186241, "stage_memory_commit_submit_seconds": 0.6121792225167155, "stage_memory_commit_wait_sync_seconds": 2.22720839176327, "stage_metrics_seconds": 0.0, "stage_optimizer_all_reduce_seconds": 0.060990093275904655, "stage_optimizer_copyback_seconds": 0.27254221867769957, "stage_optimizer_flatten_seconds": 0.16064627841114998, "stage_optimizer_step_seconds": 1.0144777204841375, "stage_optimizer_steps": 422.0, "stage_optimizer_sync_seconds": 0.48559459764510393, "stage_sync_backward_seconds": 0.00016934238374233246, "stage_sync_batch_wait_seconds": 0.00024025607854127884, "stage_sync_encode_seconds": 0.0003122584894299507, "stage_sync_epoch_tail_seconds": 1.8719583749771118e-07, "stage_sync_finalize_seconds": 3.129243850708008e-07, "stage_sync_head_loss_seconds": 0.000272996723651886, "stage_sync_memory_commit_seconds": 0.00027568545192480087, "stage_sync_metrics_seconds": 0.0, "stage_sync_optimizer_step_seconds": 0.0002214927226305008, "stage_unaccounted_seconds": 3.025708387605846, "stage_wall_seconds": 13.257528725080192, "train_epoch_call_wall_seconds": 13.257878520525992, "train_metrics_reduce_wall_seconds": 0.006958507001399994}, "val": {"ap": 0.9757232117596019, "auc": 0.9739637091176211, "loss": 0.4979520270770247}}
{"epoch": 29, "rank": 0, "test": {"ap": 0.9764876221503981, "auc": 0.9760178931158755, "loss": 0.49942461773753166}, "timing": {"epoch_wall_seconds": 18.592692545615137, "other_wall_seconds": 0.008078332059085369, "test_wall_seconds": 2.733184822835028, "train_call_wall_seconds": 13.278218185529113, "train_metrics_reduce_wall_seconds": 0.0070813605561852455, "train_reported_seconds": 13.278021033853292, "train_wrapper_gap_seconds": 0.00019715167582035065, "val_wall_seconds": 2.5732112051919103}, "train": {"backend_batch_build_seconds": 1.1944085601717234, "backend_batches": 1688.0, "backend_build_edge_feature_layout_seconds": 0.007257986813783646, "backend_build_mailbox_layout_seconds": 0.0029956717044115067, "backend_build_memory_layout_seconds": 0.599420371465385, "backend_build_node_feature_layout_seconds": 0.6872291229665279, "backend_compact_fill_seconds": 0.16520569287240505, "backend_compact_index_edges": 42782793.75, "backend_compact_index_frontier_nodes": 10259658.25, "backend_compact_index_seconds": 2.8912743600085378, "backend_compact_index_unique_edges": 9941009.0, "backend_compact_index_unique_nodes": 10259658.25, "backend_compact_root_seconds": 0.7199455685913563, "backend_compact_total_seconds": 3.9250896451994777, "backend_convert_sampling_output_seconds": 0.7814909880980849, "backend_get_sampling_output_seconds": 4.895506042055786, "backend_materialize_create_seconds": 0.7098111575469375, "backend_materialize_move_seconds": 0.1504070507362485, "backend_materialize_seconds": 0.85989685729146, "backend_negative_attach_seconds": 0.7456527203321457, "backend_neighbor_sample_from_nodes_seconds": 2.2105168234556913, "backend_patch_inputs_seconds": 0.8165957052260637, "backend_remap_dst_mismatch_count": 0.0, "backend_remap_src_mismatch_count": 0.0, "backend_root_remap_seconds": 0.11121782567352057, "backend_sampling_native_seconds": 7.9006324373185635, "backend_sampling_request_seconds": 0.09339859709143639, "backend_sampling_seconds": 7.994952763430774, "backend_submit_edge_feature_seconds": 0.35830656718462706, "backend_submit_mailbox_seconds": 0.0, "backend_submit_memory_mailbox_seconds": 0.37242300529032946, "backend_submit_memory_seconds": 0.0, "backend_submit_node_feature_seconds": 0.8136831680312753, "backend_submit_reads_seconds": 1.5280372286215425, "backend_train_edge_filter_dropped_edges": 0.0, "backend_train_edge_filter_input_edges": 0.0, "backend_train_edge_filter_kept_edges": 0.0, "backend_wait_edge_feature_seconds": 0.08566016145050526, "backend_wait_mailbox_seconds": 0.0, "backend_wait_memory_mailbox_seconds": 0.13275012001395226, "backend_wait_memory_seconds": 0.0, "backend_wait_node_feature_seconds": 0.07963663246482611, "backend_wait_patch_seconds": 0.384175606071949, "component_communication_seconds": 5.248247815296054, "component_sampling_seconds": 9.852833388373256, "component_training_seconds": 8.941936112008989, "component_unaccounted_seconds": 0.0, "loss": 0.6956251177106989, "mailbox_replica_index_build_wall_seconds": 0.0, "memory_commit_hook_build_wall_seconds": 2.75392085313797e-05, "memory_replica_index_build_wall_seconds": 0.0, "seconds": 13.278021033853292, "stage_accounted_seconds": 10.484279794618487, "stage_backward_seconds": 2.38252136670053, "stage_batch_wait_seconds": 3.590303333476186, "stage_batches": 1688.0, "stage_encode_seconds": 3.2836486445739865, "stage_finalize_seconds": 0.00010936148464679718, "stage_head_loss_seconds": 0.3864383054897189, "stage_mailbox_commit_row_fallback_count": 0.0, "stage_mailbox_commit_row_path_count": 176.0, "stage_memory_commit_build_seconds": 2.2586505291983485, "stage_memory_commit_mailbox_edge_select_seconds": 0.014985382556915283, "stage_memory_commit_replica_build_seconds": 0.0005424423143267632, "stage_memory_commit_row_fallback_count": 0.0, "stage_memory_commit_row_path_count": 598.0, "stage_memory_commit_seconds": 0.0016220500692725182, "stage_memory_commit_submit_seconds": 0.6143661951646209, "stage_memory_commit_wait_sync_seconds": 2.2212567692622542, "stage_metrics_seconds": 0.0, "stage_optimizer_all_reduce_seconds": 0.07050913292914629, "stage_optimizer_copyback_seconds": 0.2642815541476011, "stage_optimizer_flatten_seconds": 0.15830038394778967, "stage_optimizer_step_seconds": 1.0136980256065726, "stage_optimizer_steps": 422.0, "stage_optimizer_sync_seconds": 0.4963668743148446, "stage_sync_backward_seconds": 0.00017114169895648956, "stage_sync_batch_wait_seconds": 0.00024469755589962006, "stage_sync_encode_seconds": 0.0003140680491924286, "stage_sync_epoch_tail_seconds": 1.6298145055770874e-07, "stage_sync_finalize_seconds": 2.7567148208618164e-07, "stage_sync_head_loss_seconds": 0.0002674125134944916, "stage_sync_memory_commit_seconds": 0.00027185026556253433, "stage_sync_metrics_seconds": 0.0, "stage_sync_optimizer_step_seconds": 0.00021924730390310287, "stage_unaccounted_seconds": 3.020684130489826, "stage_wall_seconds": 13.278021033853292, "train_epoch_call_wall_seconds": 13.278407840058208, "train_metrics_reduce_wall_seconds": 0.0070813605561852455}, "val": {"ap": 0.9755542488130112, "auc": 0.9737804970530951, "loss": 0.49857942929322074}}
{"epoch": 30, "rank": 0, "test": {"ap": 0.9758465553383713, "auc": 0.9752340979842976, "loss": 0.5061853954737836}, "timing": {"epoch_wall_seconds": 18.456496607512236, "other_wall_seconds": 0.007993577979505062, "test_wall_seconds": 2.6974016465246677, "train_call_wall_seconds": 13.208924506790936, "train_metrics_reduce_wall_seconds": 0.006988689303398132, "train_reported_seconds": 13.208698791451752, "train_wrapper_gap_seconds": 0.00022571533918380737, "val_wall_seconds": 2.542176876217127}, "train": {"backend_batch_build_seconds": 1.2279806146398187, "backend_batches": 1688.0, "backend_build_edge_feature_layout_seconds": 0.007236306555569172, "backend_build_mailbox_layout_seconds": 0.002997377887368202, "backend_build_memory_layout_seconds": 0.575786623172462, "backend_build_node_feature_layout_seconds": 0.6556313810870051, "backend_compact_fill_seconds": 0.16389172058552504, "backend_compact_index_edges": 42782442.25, "backend_compact_index_frontier_nodes": 10258304.5, "backend_compact_index_seconds": 2.9736738819628954, "backend_compact_index_unique_edges": 9939215.25, "backend_compact_index_unique_nodes": 10258304.5, "backend_compact_root_seconds": 0.7152874646708369, "backend_compact_total_seconds": 4.029302565380931, "backend_convert_sampling_output_seconds": 0.7838062308728695, "backend_get_sampling_output_seconds": 5.004788924008608, "backend_materialize_create_seconds": 0.6184488106518984, "backend_materialize_move_seconds": 0.13782162871211767, "backend_materialize_seconds": 0.7562704393640161, "backend_negative_attach_seconds": 0.6962228715419769, "backend_neighbor_sample_from_nodes_seconds": 2.2135758623480797, "backend_patch_inputs_seconds": 0.8072506496682763, "backend_remap_dst_mismatch_count": 0.0, "backend_remap_src_mismatch_count": 0.0, "backend_root_remap_seconds": 0.0947631262242794, "backend_sampling_native_seconds": 8.00065139029175, "backend_sampling_request_seconds": 0.1706174025312066, "backend_sampling_seconds": 8.172194277867675, "backend_submit_edge_feature_seconds": 0.4127556886523962, "backend_submit_mailbox_seconds": 0.0, "backend_submit_memory_mailbox_seconds": 0.36489833518862724, "backend_submit_memory_seconds": 0.0, "backend_submit_node_feature_seconds": 0.7078422522172332, "backend_submit_reads_seconds": 1.4439195524901152, "backend_train_edge_filter_dropped_edges": 0.0, "backend_train_edge_filter_input_edges": 0.0, "backend_train_edge_filter_kept_edges": 0.0, "backend_wait_edge_feature_seconds": 0.08535581175237894, "backend_wait_mailbox_seconds": 0.0, "backend_wait_memory_mailbox_seconds": 0.1290692863985896, "backend_wait_memory_seconds": 0.0, "backend_wait_node_feature_seconds": 0.0851613488048315, "backend_wait_patch_seconds": 0.3455040752887726, "component_communication_seconds": 5.108113133348525, "component_sampling_seconds": 9.86542270053178, "component_training_seconds": 8.967756754718721, "component_unaccounted_seconds": 0.0, "loss": 0.6939252300355672, "mailbox_replica_index_build_wall_seconds": 0.0, "memory_commit_hook_build_wall_seconds": 2.7048401534557343e-05, "memory_replica_index_build_wall_seconds": 0.0, "seconds": 13.208698791451752, "stage_accounted_seconds": 10.386238561943173, "stage_backward_seconds": 2.3199182897806168, "stage_batch_wait_seconds": 3.500288753770292, "stage_batches": 1688.0, "stage_encode_seconds": 3.290845318697393, "stage_finalize_seconds": 0.0001057162880897522, "stage_head_loss_seconds": 0.38874222431331873, "stage_mailbox_commit_row_fallback_count": 0.0, "stage_mailbox_commit_row_path_count": 176.0, "stage_memory_commit_build_seconds": 2.2572538685053587, "stage_memory_commit_mailbox_edge_select_seconds": 0.01497604139149189, "stage_memory_commit_replica_build_seconds": 0.0005480023100972176, "stage_memory_commit_row_fallback_count": 0.0, "stage_memory_commit_row_path_count": 598.0, "stage_memory_commit_seconds": 0.0016294876113533974, "stage_memory_commit_submit_seconds": 0.6127181388437748, "stage_memory_commit_wait_sync_seconds": 2.220174408517778, "stage_metrics_seconds": 0.0, "stage_optimizer_all_reduce_seconds": 0.06616698112338781, "stage_optimizer_copyback_seconds": 0.2603047667071223, "stage_optimizer_flatten_seconds": 0.1599918631836772, "stage_optimizer_step_seconds": 1.0057513806968927, "stage_optimizer_steps": 422.0, "stage_optimizer_sync_seconds": 0.4909488568082452, "stage_sync_backward_seconds": 0.00017140060663223267, "stage_sync_batch_wait_seconds": 0.00023977737873792648, "stage_sync_encode_seconds": 0.00030515994876623154, "stage_sync_epoch_tail_seconds": 1.5832483768463135e-07, "stage_sync_finalize_seconds": 2.7101486921310425e-07, "stage_sync_head_loss_seconds": 0.00026851240545511246, "stage_sync_memory_commit_seconds": 0.0002699475735425949, "stage_sync_metrics_seconds": 0.0, "stage_sync_optimizer_step_seconds": 0.0002151159569621086, "stage_unaccounted_seconds": 3.008418282493949, "stage_wall_seconds": 13.208698791451752, "train_epoch_call_wall_seconds": 13.209044189192355, "train_metrics_reduce_wall_seconds": 0.006988689303398132}, "val": {"ap": 0.9757892307673826, "auc": 0.973984289444968, "loss": 0.5002738515931098}}
{"epoch": 31, "rank": 0, "test": {"ap": 0.9761744701181926, "auc": 0.9756094125726893, "loss": 0.49015354255045007}, "timing": {"epoch_wall_seconds": 18.61374048050493, "other_wall_seconds": 0.009583167731761932, "test_wall_seconds": 2.8197793643921614, "train_call_wall_seconds": 13.223676315508783, "train_metrics_reduce_wall_seconds": 0.006892106495797634, "train_reported_seconds": 13.223439213819802, "train_wrapper_gap_seconds": 0.0002371016889810562, "val_wall_seconds": 2.560701632872224}, "train": {"backend_batch_build_seconds": 1.2704515308141708, "backend_batches": 1688.0, "backend_build_edge_feature_layout_seconds": 0.005221587605774403, "backend_build_mailbox_layout_seconds": 0.002521044574677944, "backend_build_memory_layout_seconds": 0.5180156240239739, "backend_build_node_feature_layout_seconds": 0.6105643240734935, "backend_compact_fill_seconds": 0.16435152292251587, "backend_compact_index_edges": 42780194.25, "backend_compact_index_frontier_nodes": 10256329.5, "backend_compact_index_seconds": 2.874136185273528, "backend_compact_index_unique_edges": 9937563.5, "backend_compact_index_unique_nodes": 10256329.5, "backend_compact_root_seconds": 0.7095633950084448, "backend_compact_total_seconds": 3.8960913084447384, "backend_convert_sampling_output_seconds": 0.7780369715765119, "backend_get_sampling_output_seconds": 4.863433852791786, "backend_materialize_create_seconds": 0.6571898004040122, "backend_materialize_move_seconds": 0.139001096598804, "backend_materialize_seconds": 0.7959065530449152, "backend_negative_attach_seconds": 0.7032662481069565, "backend_neighbor_sample_from_nodes_seconds": 2.1865893257781863, "backend_patch_inputs_seconds": 0.8119709696620703, "backend_remap_dst_mismatch_count": 0.0, "backend_remap_src_mismatch_count": 0.0, "backend_root_remap_seconds": 0.09742476884275675, "backend_sampling_native_seconds": 7.841564850881696, "backend_sampling_request_seconds": 0.12919157557189465, "backend_sampling_seconds": 7.924735574051738, "backend_submit_edge_feature_seconds": 0.3855762341991067, "backend_submit_mailbox_seconds": 0.0, "backend_submit_memory_mailbox_seconds": 0.3653601976111531, "backend_submit_memory_seconds": 0.0, "backend_submit_node_feature_seconds": 0.7376161245629191, "backend_submit_reads_seconds": 1.450616984628141, "backend_train_edge_filter_dropped_edges": 0.0, "backend_train_edge_filter_input_edges": 0.0, "backend_train_edge_filter_kept_edges": 0.0, "backend_wait_edge_feature_seconds": 0.08413536567240953, "backend_wait_mailbox_seconds": 0.0, "backend_wait_memory_mailbox_seconds": 0.13044719118624926, "backend_wait_memory_seconds": 0.0, "backend_wait_node_feature_seconds": 0.07864742632955313, "backend_wait_patch_seconds": 0.3581970613449812, "component_communication_seconds": 5.167262393049896, "component_sampling_seconds": 9.881727853789926, "component_training_seconds": 8.969900387339294, "component_unaccounted_seconds": 0.0, "loss": 0.6948177171120712, "mailbox_replica_index_build_wall_seconds": 0.0, "memory_commit_hook_build_wall_seconds": 2.3121945559978485e-05, "memory_replica_index_build_wall_seconds": 0.0, "seconds": 13.223439213819802, "stage_accounted_seconds": 10.435964814387262, "stage_backward_seconds": 2.3721328116953373, "stage_batch_wait_seconds": 3.5307606598362327, "stage_batches": 1688.0, "stage_encode_seconds": 3.2877738596871495, "stage_finalize_seconds": 0.00010717194527387619, "stage_head_loss_seconds": 0.38708864618092775, "stage_mailbox_commit_row_fallback_count": 0.0, "stage_mailbox_commit_row_path_count": 176.0, "stage_memory_commit_build_seconds": 2.273632612079382, "stage_memory_commit_mailbox_edge_select_seconds": 0.015299445949494839, "stage_memory_commit_replica_build_seconds": 0.0005543269217014313, "stage_memory_commit_row_fallback_count": 0.0, "stage_memory_commit_row_path_count": 598.0, "stage_memory_commit_seconds": 0.001637420617043972, "stage_memory_commit_submit_seconds": 0.6075618918985128, "stage_memory_commit_wait_sync_seconds": 2.2359593445435166, "stage_metrics_seconds": 0.0, "stage_optimizer_all_reduce_seconds": 0.06276490073651075, "stage_optimizer_copyback_seconds": 0.27473803237080574, "stage_optimizer_flatten_seconds": 0.14822106901556253, "stage_optimizer_step_seconds": 1.0282786777243018, "stage_optimizer_steps": 422.0, "stage_optimizer_sync_seconds": 0.4970648577436805, "stage_sync_backward_seconds": 0.00016982853412628174, "stage_sync_batch_wait_seconds": 0.00024402327835559845, "stage_sync_encode_seconds": 0.00031092483550310135, "stage_sync_epoch_tail_seconds": 1.5832483768463135e-07, "stage_sync_finalize_seconds": 2.5797635316848755e-07, "stage_sync_head_loss_seconds": 0.00026915688067674637, "stage_sync_memory_commit_seconds": 0.0002721305936574936, "stage_sync_metrics_seconds": 0.0, "stage_sync_optimizer_step_seconds": 0.00021615531295537949, "stage_unaccounted_seconds": 3.0247193472459912, "stage_wall_seconds": 13.223439213819802, "train_epoch_call_wall_seconds": 13.223780065774918, "train_metrics_reduce_wall_seconds": 0.006892106495797634}, "val": {"ap": 0.9757184313877929, "auc": 0.9739245895831817, "loss": 0.4899855088442564}}
{"epoch": 32, "rank": 0, "test": {"ap": 0.9766912214765766, "auc": 0.9761880985422253, "loss": 0.5055851011791013}, "timing": {"epoch_wall_seconds": 18.410172862932086, "other_wall_seconds": 0.010503952391445637, "test_wall_seconds": 2.66540065780282, "train_call_wall_seconds": 13.10304197948426, "train_metrics_reduce_wall_seconds": 0.006961695849895477, "train_reported_seconds": 13.105400854721665, "train_wrapper_gap_seconds": 0.0, "val_wall_seconds": 2.63122627325356}, "train": {"backend_batch_build_seconds": 1.181531391106546, "backend_batches": 1688.0, "backend_build_edge_feature_layout_seconds": 0.0062680933624506, "backend_build_mailbox_layout_seconds": 0.002635548822581768, "backend_build_memory_layout_seconds": 0.5540287708863616, "backend_build_node_feature_layout_seconds": 0.6196799427270889, "backend_compact_fill_seconds": 0.16709302365779877, "backend_compact_index_edges": 42782720.75, "backend_compact_index_frontier_nodes": 10258778.5, "backend_compact_index_seconds": 2.921762930229306, "backend_compact_index_unique_edges": 9939870.25, "backend_compact_index_unique_nodes": 10258778.5, "backend_compact_root_seconds": 0.7170198354870081, "backend_compact_total_seconds": 3.96403625048697, "backend_convert_sampling_output_seconds": 0.7835437720641494, "backend_get_sampling_output_seconds": 4.937797363847494, "backend_materialize_create_seconds": 0.6191704235970974, "backend_materialize_move_seconds": 0.13570495788007975, "backend_materialize_seconds": 0.752642841078341, "backend_negative_attach_seconds": 0.6710035381838679, "backend_neighbor_sample_from_nodes_seconds": 2.229518322274089, "backend_patch_inputs_seconds": 0.8013819139450788, "backend_remap_dst_mismatch_count": 0.0, "backend_remap_src_mismatch_count": 0.0, "backend_root_remap_seconds": 0.0988114420324564, "backend_sampling_native_seconds": 7.966302064247429, "backend_sampling_request_seconds": 0.10320090781897306, "backend_sampling_seconds": 8.060697492212057, "backend_submit_edge_feature_seconds": 0.3617914030328393, "backend_submit_mailbox_seconds": 0.0, "backend_submit_memory_mailbox_seconds": 0.364406100474298, "backend_submit_memory_seconds": 0.0, "backend_submit_node_feature_seconds": 0.6315112542361021, "backend_submit_reads_seconds": 1.3437856826931238, "backend_train_edge_filter_dropped_edges": 0.0, "backend_train_edge_filter_input_edges": 0.0, "backend_train_edge_filter_kept_edges": 0.0, "backend_wait_edge_feature_seconds": 0.0848929975181818, "backend_wait_mailbox_seconds": 0.0, "backend_wait_memory_mailbox_seconds": 0.1289046797901392, "backend_wait_memory_seconds": 0.0, "backend_wait_node_feature_seconds": 0.08411246445029974, "backend_wait_patch_seconds": 0.34896618127822876, "component_communication_seconds": 5.0661115581169724, "component_sampling_seconds": 9.792711188085377, "component_training_seconds": 8.95142084825784, "component_unaccounted_seconds": 0.0, "loss": 0.6922473478267825, "mailbox_replica_index_build_wall_seconds": 0.0, "memory_commit_hook_build_wall_seconds": 2.3155473172664642e-05, "memory_replica_index_build_wall_seconds": 0.0, "seconds": 13.105400854721665, "stage_accounted_seconds": 10.315591706894338, "stage_backward_seconds": 2.3642397420480847, "stage_batch_wait_seconds": 3.4131081346422434, "stage_batches": 1688.0, "stage_encode_seconds": 3.294982511550188, "stage_finalize_seconds": 0.0001080445945262909, "stage_head_loss_seconds": 0.3827200559899211, "stage_mailbox_commit_row_fallback_count": 0.0, "stage_mailbox_commit_row_path_count": 176.0, "stage_memory_commit_build_seconds": 2.2811418501660228, "stage_memory_commit_mailbox_edge_select_seconds": 0.01802359614521265, "stage_memory_commit_replica_build_seconds": 0.0005494076758623123, "stage_memory_commit_row_fallback_count": 0.0, "stage_memory_commit_row_path_count": 598.0, "stage_memory_commit_seconds": 0.0016299821436405182, "stage_memory_commit_submit_seconds": 0.6200974695384502, "stage_memory_commit_wait_sync_seconds": 2.2444306537508965, "stage_metrics_seconds": 0.0, "stage_optimizer_all_reduce_seconds": 0.062359439209103584, "stage_optimizer_copyback_seconds": 0.25735916569828987, "stage_optimizer_flatten_seconds": 0.14800957217812538, "stage_optimizer_step_seconds": 0.9999240906909108, "stage_optimizer_steps": 422.0, "stage_optimizer_sync_seconds": 0.4791461806744337, "stage_sync_backward_seconds": 0.00017114821821451187, "stage_sync_batch_wait_seconds": 0.00023904722183942795, "stage_sync_encode_seconds": 0.0003016907721757889, "stage_sync_epoch_tail_seconds": 1.7043203115463257e-07, "stage_sync_finalize_seconds": 2.8777867555618286e-07, "stage_sync_head_loss_seconds": 0.0002821385860443115, "stage_sync_memory_commit_seconds": 0.00026711728423833847, "stage_sync_metrics_seconds": 0.0, "stage_sync_optimizer_step_seconds": 0.0002187015488743782, "stage_unaccounted_seconds": 3.0446746507659554, "stage_wall_seconds": 13.105400854721665, "train_epoch_call_wall_seconds": 13.105785263702273, "train_metrics_reduce_wall_seconds": 0.006961695849895477}, "val": {"ap": 0.9757062738098635, "auc": 0.9739316848722446, "loss": 0.5019368595359001}}
{"epoch": 33, "rank": 0, "test": {"ap": 0.9772600723342677, "auc": 0.9768009169328704, "loss": 0.5024175640534271}, "timing": {"epoch_wall_seconds": 18.58593906648457, "other_wall_seconds": 0.007915502414107323, "test_wall_seconds": 2.705413555726409, "train_call_wall_seconds": 13.324124906212091, "train_metrics_reduce_wall_seconds": 0.006913245655596256, "train_reported_seconds": 13.323922356590629, "train_wrapper_gap_seconds": 0.00020254962146282196, "val_wall_seconds": 2.5484851021319628}, "train": {"backend_batch_build_seconds": 1.4678332144394517, "backend_batches": 1688.0, "backend_build_edge_feature_layout_seconds": 0.006850503385066986, "backend_build_mailbox_layout_seconds": 0.0029487665742635727, "backend_build_memory_layout_seconds": 0.6042921002954245, "backend_build_node_feature_layout_seconds": 0.6728412816300988, "backend_compact_fill_seconds": 0.16297543328255415, "backend_compact_index_edges": 42779602.75, "backend_compact_index_frontier_nodes": 10256486.5, "backend_compact_index_seconds": 2.9792412035167217, "backend_compact_index_unique_edges": 9937619.75, "backend_compact_index_unique_nodes": 10256486.5, "backend_compact_root_seconds": 0.7310841204598546, "backend_compact_total_seconds": 4.029861280694604, "backend_convert_sampling_output_seconds": 0.790686178021133, "backend_get_sampling_output_seconds": 5.031573875807226, "backend_materialize_create_seconds": 0.6721517974510789, "backend_materialize_move_seconds": 0.1436032997444272, "backend_materialize_seconds": 0.8157550971955061, "backend_negative_attach_seconds": 0.766178953461349, "backend_neighbor_sample_from_nodes_seconds": 2.244539212435484, "backend_patch_inputs_seconds": 0.8093524212017655, "backend_remap_dst_mismatch_count": 0.0, "backend_remap_src_mismatch_count": 0.0, "backend_root_remap_seconds": 0.11072164960205555, "backend_sampling_native_seconds": 8.083148195408285, "backend_sampling_request_seconds": 0.13321133702993393, "backend_sampling_seconds": 8.18524625711143, "backend_submit_edge_feature_seconds": 0.40560850873589516, "backend_submit_mailbox_seconds": 0.0, "backend_submit_memory_mailbox_seconds": 0.3779584765434265, "backend_submit_memory_seconds": 0.0, "backend_submit_node_feature_seconds": 0.7447039354592562, "backend_submit_reads_seconds": 1.5098411422222853, "backend_train_edge_filter_dropped_edges": 0.0, "backend_train_edge_filter_input_edges": 0.0, "backend_train_edge_filter_kept_edges": 0.0, "backend_wait_edge_feature_seconds": 0.08414460811764002, "backend_wait_mailbox_seconds": 0.0, "backend_wait_memory_mailbox_seconds": 0.132643548771739, "backend_wait_memory_seconds": 0.0, "backend_wait_node_feature_seconds": 0.07849948108196259, "backend_wait_patch_seconds": 0.3675358137115836, "component_communication_seconds": 5.221779294312, "component_sampling_seconds": 10.342477345839143, "component_training_seconds": 8.988317525014281, "component_unaccounted_seconds": 0.0, "loss": 0.6929272628826271, "mailbox_replica_index_build_wall_seconds": 0.0, "memory_commit_hook_build_wall_seconds": 2.288632094860077e-05, "memory_replica_index_build_wall_seconds": 0.0, "seconds": 13.323922356590629, "stage_accounted_seconds": 10.588819529861212, "stage_backward_seconds": 2.485716372728348, "stage_batch_wait_seconds": 3.5639868546277285, "stage_batches": 1688.0, "stage_encode_seconds": 3.2618935694918036, "stage_finalize_seconds": 0.00010900851339101791, "stage_head_loss_seconds": 0.3844136390835047, "stage_mailbox_commit_row_fallback_count": 0.0, "stage_mailbox_commit_row_path_count": 176.0, "stage_memory_commit_build_seconds": 2.247753174044192, "stage_memory_commit_mailbox_edge_select_seconds": 0.015713595785200596, "stage_memory_commit_replica_build_seconds": 0.0005471790209412575, "stage_memory_commit_row_fallback_count": 0.0, "stage_memory_commit_row_path_count": 598.0, "stage_memory_commit_seconds": 0.0016574636101722717, "stage_memory_commit_submit_seconds": 0.6655105380341411, "stage_memory_commit_wait_sync_seconds": 2.2104058610275388, "stage_metrics_seconds": 0.0, "stage_optimizer_all_reduce_seconds": 0.06512003391981125, "stage_optimizer_copyback_seconds": 0.26334465108811855, "stage_optimizer_flatten_seconds": 0.15943544264882803, "stage_optimizer_step_seconds": 1.0314296437427402, "stage_optimizer_steps": 422.0, "stage_optimizer_sync_seconds": 0.5018383115530014, "stage_sync_backward_seconds": 0.0001723235473036766, "stage_sync_batch_wait_seconds": 0.0002475529909133911, "stage_sync_encode_seconds": 0.00031868740916252136, "stage_sync_epoch_tail_seconds": 1.5832483768463135e-07, "stage_sync_finalize_seconds": 2.8870999813079834e-07, "stage_sync_head_loss_seconds": 0.00027418695390224457, "stage_sync_memory_commit_seconds": 0.0002724090591073036, "stage_sync_metrics_seconds": 0.0, "stage_sync_optimizer_step_seconds": 0.0002199951559305191, "stage_unaccounted_seconds": 3.0367584163323045, "stage_wall_seconds": 13.323922356590629, "train_epoch_call_wall_seconds": 13.324272082187235, "train_metrics_reduce_wall_seconds": 0.006913245655596256}, "val": {"ap": 0.976002836688436, "auc": 0.9742817838911205, "loss": 0.4970214281400497}}
{"epoch": 34, "rank": 0, "test": {"ap": 0.9769125456783314, "auc": 0.9764923178778646, "loss": 0.5112327620895072}, "timing": {"epoch_wall_seconds": 18.51865724939853, "other_wall_seconds": 0.008013969287276268, "test_wall_seconds": 2.6950789438560605, "train_call_wall_seconds": 13.274017966352403, "train_metrics_reduce_wall_seconds": 0.007015746086835861, "train_reported_seconds": 13.273798941634595, "train_wrapper_gap_seconds": 0.00021902471780776978, "val_wall_seconds": 2.5415463699027896}, "train": {"backend_batch_build_seconds": 1.272935077548027, "backend_batches": 1688.0, "backend_build_edge_feature_layout_seconds": 0.008025606162846088, "backend_build_mailbox_layout_seconds": 0.002904471941292286, "backend_build_memory_layout_seconds": 0.5988623136654496, "backend_build_node_feature_layout_seconds": 0.6534270429983735, "backend_compact_fill_seconds": 0.16308012418448925, "backend_compact_index_edges": 42780668.5, "backend_compact_index_frontier_nodes": 10257728.75, "backend_compact_index_seconds": 2.9083081455901265, "backend_compact_index_unique_edges": 9938694.5, "backend_compact_index_unique_nodes": 10257728.75, "backend_compact_root_seconds": 0.7115934025496244, "backend_compact_total_seconds": 3.9475778294727206, "backend_convert_sampling_output_seconds": 0.7810036726295948, "backend_get_sampling_output_seconds": 4.915392787195742, "backend_materialize_create_seconds": 0.6010399693623185, "backend_materialize_move_seconds": 0.13634050451219082, "backend_materialize_seconds": 0.7328462116420269, "backend_negative_attach_seconds": 0.6974120792001486, "backend_neighbor_sample_from_nodes_seconds": 2.189337291754782, "backend_patch_inputs_seconds": 0.8009095173329115, "backend_remap_dst_mismatch_count": 0.0, "backend_remap_src_mismatch_count": 0.0, "backend_root_remap_seconds": 0.0923477141186595, "backend_sampling_native_seconds": 7.89870694372803, "backend_sampling_request_seconds": 0.12407621648162603, "backend_sampling_seconds": 8.004513064399362, "backend_submit_edge_feature_seconds": 0.4039943339303136, "backend_submit_mailbox_seconds": 0.0, "backend_submit_memory_mailbox_seconds": 0.37127362471073866, "backend_submit_memory_seconds": 0.0, "backend_submit_node_feature_seconds": 0.713503310456872, "backend_submit_reads_seconds": 1.4468127386644483, "backend_train_edge_filter_dropped_edges": 0.0, "backend_train_edge_filter_input_edges": 0.0, "backend_train_edge_filter_kept_edges": 0.0, "backend_wait_edge_feature_seconds": 0.08385233487933874, "backend_wait_mailbox_seconds": 0.0, "backend_wait_memory_mailbox_seconds": 0.13071590196341276, "backend_wait_memory_seconds": 0.0, "backend_wait_node_feature_seconds": 0.08073499705642462, "backend_wait_patch_seconds": 0.3398209298029542, "component_communication_seconds": 5.171074814163148, "component_sampling_seconds": 9.911723005585372, "component_training_seconds": 9.046797005459666, "component_unaccounted_seconds": 0.0, "loss": 0.6911664061707343, "mailbox_replica_index_build_wall_seconds": 0.0, "memory_commit_hook_build_wall_seconds": 2.326071262359619e-05, "memory_replica_index_build_wall_seconds": 0.0, "seconds": 13.273798941634595, "stage_accounted_seconds": 10.58755842037499, "stage_backward_seconds": 2.374743933789432, "stage_batch_wait_seconds": 3.4967218479141593, "stage_batches": 1688.0, "stage_encode_seconds": 3.299342779442668, "stage_finalize_seconds": 0.0001149941235780716, "stage_head_loss_seconds": 0.44213699270039797, "stage_mailbox_commit_row_fallback_count": 0.0, "stage_mailbox_commit_row_path_count": 176.0, "stage_memory_commit_build_seconds": 2.263503186404705, "stage_memory_commit_mailbox_edge_select_seconds": 0.016962796449661255, "stage_memory_commit_replica_build_seconds": 0.0005507189780473709, "stage_memory_commit_row_fallback_count": 0.0, "stage_memory_commit_row_path_count": 598.0, "stage_memory_commit_seconds": 0.0016345353797078133, "stage_memory_commit_submit_seconds": 0.6186460312455893, "stage_memory_commit_wait_sync_seconds": 2.2260257368907332, "stage_metrics_seconds": 0.0, "stage_optimizer_all_reduce_seconds": 0.06405599787831306, "stage_optimizer_copyback_seconds": 0.2771635511890054, "stage_optimizer_flatten_seconds": 0.18310311529785395, "stage_optimizer_step_seconds": 1.0440564937889576, "stage_optimizer_steps": 422.0, "stage_optimizer_sync_seconds": 0.5156154297292233, "stage_sync_backward_seconds": 0.00033145584166049957, "stage_sync_batch_wait_seconds": 0.00024203769862651825, "stage_sync_encode_seconds": 0.0003075767308473587, "stage_sync_epoch_tail_seconds": 1.434236764907837e-07, "stage_sync_finalize_seconds": 2.7567148208618164e-07, "stage_sync_head_loss_seconds": 0.00032711122184991837, "stage_sync_memory_commit_seconds": 0.00027721282094717026, "stage_sync_metrics_seconds": 0.0, "stage_sync_optimizer_step_seconds": 0.00022601988166570663, "stage_unaccounted_seconds": 3.0240576285868883, "stage_wall_seconds": 13.273798941634595, "train_epoch_call_wall_seconds": 13.274146994575858, "train_metrics_reduce_wall_seconds": 0.007015746086835861}, "val": {"ap": 0.9758992494091993, "auc": 0.9741534834043456, "loss": 0.5051798370920799}}
{"epoch": 35, "rank": 0, "test": {"ap": 0.9763193162809416, "auc": 0.9758268065212155, "loss": 0.5132264713333411}, "timing": {"epoch_wall_seconds": 18.39473522361368, "other_wall_seconds": 0.007920512929558754, "test_wall_seconds": 2.6625070441514254, "train_call_wall_seconds": 13.19139107875526, "train_metrics_reduce_wall_seconds": 0.006858380511403084, "train_reported_seconds": 13.19127036537975, "train_wrapper_gap_seconds": 0.00012071337550878525, "val_wall_seconds": 2.532916587777436}, "train": {"backend_batch_build_seconds": 1.1551049184054136, "backend_batches": 1688.0, "backend_build_edge_feature_layout_seconds": 0.006690368056297302, "backend_build_mailbox_layout_seconds": 0.002969256602227688, "backend_build_memory_layout_seconds": 0.6002414468675852, "backend_build_node_feature_layout_seconds": 0.6655821893364191, "backend_compact_fill_seconds": 0.16303130518645048, "backend_compact_index_edges": 42782666.5, "backend_compact_index_frontier_nodes": 10260127.0, "backend_compact_index_seconds": 2.898973631672561, "backend_compact_index_unique_edges": 9941138.0, "backend_compact_index_unique_nodes": 10260127.0, "backend_compact_root_seconds": 0.7182286586612463, "backend_compact_total_seconds": 3.9320818996056914, "backend_convert_sampling_output_seconds": 0.7748080678284168, "backend_get_sampling_output_seconds": 4.901169715449214, "backend_materialize_create_seconds": 0.6110625602304935, "backend_materialize_move_seconds": 0.1346917087212205, "backend_materialize_seconds": 0.7419200604781508, "backend_negative_attach_seconds": 0.6710815289989114, "backend_neighbor_sample_from_nodes_seconds": 2.2033813251182437, "backend_patch_inputs_seconds": 0.797766188159585, "backend_remap_dst_mismatch_count": 0.0, "backend_remap_src_mismatch_count": 0.0, "backend_root_remap_seconds": 0.09580265637487173, "backend_sampling_native_seconds": 7.880652606487274, "backend_sampling_request_seconds": 0.0965181952342391, "backend_sampling_seconds": 7.968660965561867, "backend_submit_edge_feature_seconds": 0.35564284212887287, "backend_submit_mailbox_seconds": 0.0, "backend_submit_memory_mailbox_seconds": 0.36163914296776056, "backend_submit_memory_seconds": 0.0, "backend_submit_node_feature_seconds": 0.6980001674965024, "backend_submit_reads_seconds": 1.3954099398106337, "backend_train_edge_filter_dropped_edges": 0.0, "backend_train_edge_filter_input_edges": 0.0, "backend_train_edge_filter_kept_edges": 0.0, "backend_wait_edge_feature_seconds": 0.08393983542919159, "backend_wait_mailbox_seconds": 0.0, "backend_wait_memory_mailbox_seconds": 0.12460694089531898, "backend_wait_memory_seconds": 0.0, "backend_wait_node_feature_seconds": 0.07688487973064184, "backend_wait_patch_seconds": 0.34021648578345776, "component_communication_seconds": 5.111944034695625, "component_sampling_seconds": 9.794847412966192, "component_training_seconds": 9.017361413687468, "component_unaccounted_seconds": 0.0, "loss": 0.6915077576457889, "mailbox_replica_index_build_wall_seconds": 0.0, "memory_commit_hook_build_wall_seconds": 2.6514753699302673e-05, "memory_replica_index_build_wall_seconds": 0.0, "seconds": 13.19127036537975, "stage_accounted_seconds": 10.52847228385508, "stage_backward_seconds": 2.46661339327693, "stage_batch_wait_seconds": 3.4428094420582056, "stage_batches": 1688.0, "stage_encode_seconds": 3.2762274481356144, "stage_finalize_seconds": 8.692778646945953e-05, "stage_head_loss_seconds": 0.4198369216173887, "stage_mailbox_commit_row_fallback_count": 0.0, "stage_mailbox_commit_row_path_count": 176.0, "stage_memory_commit_build_seconds": 2.2756880400702357, "stage_memory_commit_mailbox_edge_select_seconds": 0.01619262620806694, "stage_memory_commit_replica_build_seconds": 0.0005407789722084999, "stage_memory_commit_row_fallback_count": 0.0, "stage_memory_commit_row_path_count": 598.0, "stage_memory_commit_seconds": 0.0016400748863816261, "stage_memory_commit_submit_seconds": 0.6444278145208955, "stage_memory_commit_wait_sync_seconds": 2.236047126352787, "stage_metrics_seconds": 0.0, "stage_optimizer_all_reduce_seconds": 0.06378358043730259, "stage_optimizer_copyback_seconds": 0.26716146152466536, "stage_optimizer_flatten_seconds": 0.17663513496518135, "stage_optimizer_step_seconds": 1.0155439553782344, "stage_optimizer_steps": 422.0, "stage_optimizer_sync_seconds": 0.4967883825302124, "stage_sync_backward_seconds": 0.0003140736371278763, "stage_sync_batch_wait_seconds": 0.00024103280156850815, "stage_sync_encode_seconds": 0.0003103381022810936, "stage_sync_epoch_tail_seconds": 1.9185245037078857e-07, "stage_sync_finalize_seconds": 2.6263296604156494e-07, "stage_sync_head_loss_seconds": 0.00032558105885982513, "stage_sync_memory_commit_seconds": 0.0002737678587436676, "stage_sync_metrics_seconds": 0.0, "stage_sync_optimizer_step_seconds": 0.0002252953127026558, "stage_unaccounted_seconds": 3.041490693576634, "stage_wall_seconds": 13.19127036537975, "train_epoch_call_wall_seconds": 13.191607423126698, "train_metrics_reduce_wall_seconds": 0.006858380511403084}, "val": {"ap": 0.9756846047649279, "auc": 0.9739061420777668, "loss": 0.5067145230925896}}
{"epoch": 36, "rank": 0, "test": {"ap": 0.9761059101862334, "auc": 0.975673117528387, "loss": 0.5081261159344153}, "timing": {"epoch_wall_seconds": 18.37948810122907, "other_wall_seconds": 0.011050413362681866, "test_wall_seconds": 2.6859966218471527, "train_call_wall_seconds": 13.103737096302211, "train_metrics_reduce_wall_seconds": 0.007033133879303932, "train_reported_seconds": 13.103556551970541, "train_wrapper_gap_seconds": 0.00018054433166980743, "val_wall_seconds": 2.5787039697170258}, "train": {"backend_batch_build_seconds": 1.249554323963821, "backend_batches": 1688.0, "backend_build_edge_feature_layout_seconds": 0.0050620585680007935, "backend_build_mailbox_layout_seconds": 0.0028463145717978477, "backend_build_memory_layout_seconds": 0.5251742722466588, "backend_build_node_feature_layout_seconds": 0.5999182090163231, "backend_compact_fill_seconds": 0.16312397457659245, "backend_compact_index_edges": 42783595.0, "backend_compact_index_frontier_nodes": 10259702.5, "backend_compact_index_seconds": 2.8923646453768015, "backend_compact_index_unique_edges": 9940750.75, "backend_compact_index_unique_nodes": 10259702.5, "backend_compact_root_seconds": 0.7136404737830162, "backend_compact_total_seconds": 3.927555514499545, "backend_convert_sampling_output_seconds": 0.7774151302874088, "backend_get_sampling_output_seconds": 4.896004210226238, "backend_materialize_create_seconds": 0.6158186001703143, "backend_materialize_move_seconds": 0.13473918195813894, "backend_materialize_seconds": 0.7501292461529374, "backend_negative_attach_seconds": 0.6441962821409106, "backend_neighbor_sample_from_nodes_seconds": 2.197665670886636, "backend_patch_inputs_seconds": 0.8039619205519557, "backend_remap_dst_mismatch_count": 0.0, "backend_remap_src_mismatch_count": 0.0, "backend_root_remap_seconds": 0.09621440153568983, "backend_sampling_native_seconds": 7.885929734446108, "backend_sampling_request_seconds": 0.1104224044829607, "backend_sampling_seconds": 7.980242618359625, "backend_submit_edge_feature_seconds": 0.3739746892824769, "backend_submit_mailbox_seconds": 0.0, "backend_submit_memory_mailbox_seconds": 0.3626078888773918, "backend_submit_memory_seconds": 0.0, "backend_submit_node_feature_seconds": 0.6852426324039698, "backend_submit_reads_seconds": 1.3887128392234445, "backend_train_edge_filter_dropped_edges": 0.0, "backend_train_edge_filter_input_edges": 0.0, "backend_train_edge_filter_kept_edges": 0.0, "backend_wait_edge_feature_seconds": 0.08899777475744486, "backend_wait_mailbox_seconds": 0.0, "backend_wait_memory_mailbox_seconds": 0.12472767475992441, "backend_wait_memory_seconds": 0.0, "backend_wait_node_feature_seconds": 0.08057254366576672, "backend_wait_patch_seconds": 0.34604196064174175, "component_communication_seconds": 5.049799776636064, "component_sampling_seconds": 9.739809773862362, "component_training_seconds": 8.940619927830994, "component_unaccounted_seconds": 0.0, "loss": 0.6917545308857732, "mailbox_replica_index_build_wall_seconds": 0.0, "memory_commit_hook_build_wall_seconds": 2.168118953704834e-05, "memory_replica_index_build_wall_seconds": 0.0, "seconds": 13.103556551970541, "stage_accounted_seconds": 10.324258608743548, "stage_backward_seconds": 2.348159189336002, "stage_batch_wait_seconds": 3.435980634763837, "stage_batches": 1688.0, "stage_encode_seconds": 3.2675332594662905, "stage_finalize_seconds": 0.00010812003165483475, "stage_head_loss_seconds": 0.3837927831336856, "stage_mailbox_commit_row_fallback_count": 0.0, "stage_mailbox_commit_row_path_count": 176.0, "stage_memory_commit_build_seconds": 2.2817617654800415, "stage_memory_commit_mailbox_edge_select_seconds": 0.014880782924592495, "stage_memory_commit_replica_build_seconds": 0.0005441037937998772, "stage_memory_commit_row_fallback_count": 0.0, "stage_memory_commit_row_path_count": 598.0, "stage_memory_commit_seconds": 0.001623637042939663, "stage_memory_commit_submit_seconds": 0.6064868029206991, "stage_memory_commit_wait_sync_seconds": 2.2446868857368827, "stage_metrics_seconds": 0.0, "stage_optimizer_all_reduce_seconds": 0.06083870865404606, "stage_optimizer_copyback_seconds": 0.25713619124144316, "stage_optimizer_flatten_seconds": 0.15897252783179283, "stage_optimizer_step_seconds": 1.0142722707241774, "stage_optimizer_steps": 422.0, "stage_optimizer_sync_seconds": 0.4885409688577056, "stage_sync_backward_seconds": 0.00017095264047384262, "stage_sync_batch_wait_seconds": 0.00025327131152153015, "stage_sync_encode_seconds": 0.0003167465329170227, "stage_sync_epoch_tail_seconds": 1.601874828338623e-07, "stage_sync_finalize_seconds": 2.654269337654114e-07, "stage_sync_head_loss_seconds": 0.0002771196886897087, "stage_sync_memory_commit_seconds": 0.0002719266340136528, "stage_sync_metrics_seconds": 0.0, "stage_sync_optimizer_step_seconds": 0.00022539589554071426, "stage_unaccounted_seconds": 3.032187547534704, "stage_wall_seconds": 13.103556551970541, "train_epoch_call_wall_seconds": 13.103925978764892, "train_metrics_reduce_wall_seconds": 0.007033133879303932}, "val": {"ap": 0.9754185411693298, "auc": 0.9737094546539556, "loss": 0.4982982648705894}}
{"epoch": 37, "rank": 0, "test": {"ap": 0.9766286684565443, "auc": 0.97609043056662, "loss": 0.5019388620487668}, "timing": {"epoch_wall_seconds": 18.358226515352726, "other_wall_seconds": 0.007944923825562, "test_wall_seconds": 2.671344604343176, "train_call_wall_seconds": 13.135532226413488, "train_metrics_reduce_wall_seconds": 0.006910770200192928, "train_reported_seconds": 13.135324480943382, "train_wrapper_gap_seconds": 0.00020774547010660172, "val_wall_seconds": 2.5434047607704997}, "train": {"backend_batch_build_seconds": 1.2220888240262866, "backend_batches": 1688.0, "backend_build_edge_feature_layout_seconds": 0.0054132333025336266, "backend_build_mailbox_layout_seconds": 0.002469973638653755, "backend_build_memory_layout_seconds": 0.5167215345427394, "backend_build_node_feature_layout_seconds": 0.6468978580087423, "backend_compact_fill_seconds": 0.16297598090022802, "backend_compact_index_edges": 42780455.0, "backend_compact_index_frontier_nodes": 10258466.5, "backend_compact_index_seconds": 2.9137911554425955, "backend_compact_index_unique_edges": 9939512.0, "backend_compact_index_unique_nodes": 10258466.5, "backend_compact_root_seconds": 0.7148995790630579, "backend_compact_total_seconds": 3.9524826323613524, "backend_convert_sampling_output_seconds": 0.7765960916876793, "backend_get_sampling_output_seconds": 4.920273928903043, "backend_materialize_create_seconds": 0.6174406465142965, "backend_materialize_move_seconds": 0.13376770075410604, "backend_materialize_seconds": 0.7512083472684026, "backend_negative_attach_seconds": 0.6819668440148234, "backend_neighbor_sample_from_nodes_seconds": 2.2032483275979757, "backend_patch_inputs_seconds": 0.8065154096111655, "backend_remap_dst_mismatch_count": 0.0, "backend_remap_src_mismatch_count": 0.0, "backend_root_remap_seconds": 0.09486652910709381, "backend_sampling_native_seconds": 7.915006480179727, "backend_sampling_request_seconds": 0.10086072236299515, "backend_sampling_seconds": 8.016792663373053, "backend_submit_edge_feature_seconds": 0.38124362751841545, "backend_submit_mailbox_seconds": 0.0, "backend_submit_memory_mailbox_seconds": 0.3612984549254179, "backend_submit_memory_seconds": 0.0, "backend_submit_node_feature_seconds": 0.7231878815218806, "backend_submit_reads_seconds": 1.4355929689481854, "backend_train_edge_filter_dropped_edges": 0.0, "backend_train_edge_filter_input_edges": 0.0, "backend_train_edge_filter_kept_edges": 0.0, "backend_wait_edge_feature_seconds": 0.08419382479041815, "backend_wait_mailbox_seconds": 0.0, "backend_wait_memory_mailbox_seconds": 0.12826568819582462, "backend_wait_memory_seconds": 0.0, "backend_wait_node_feature_seconds": 0.08221907541155815, "backend_wait_patch_seconds": 0.3440393153578043, "component_communication_seconds": 5.1841547368094325, "component_sampling_seconds": 9.74766352493316, "component_training_seconds": 8.957740420475602, "component_unaccounted_seconds": 0.0, "loss": 0.6895249574423119, "mailbox_replica_index_build_wall_seconds": 0.0, "memory_commit_hook_build_wall_seconds": 2.5949440896511078e-05, "memory_replica_index_build_wall_seconds": 0.0, "seconds": 13.135324480943382, "stage_accounted_seconds": 10.353478410281241, "stage_backward_seconds": 2.3486929535865784, "stage_batch_wait_seconds": 3.445628749206662, "stage_batches": 1688.0, "stage_encode_seconds": 3.273108934983611, "stage_finalize_seconds": 0.00010364595800638199, "stage_head_loss_seconds": 0.3884051963686943, "stage_mailbox_commit_row_fallback_count": 0.0, "stage_mailbox_commit_row_path_count": 176.0, "stage_memory_commit_build_seconds": 2.3521469961851835, "stage_memory_commit_mailbox_edge_select_seconds": 0.014906429685652256, "stage_memory_commit_replica_build_seconds": 0.000540182925760746, "stage_memory_commit_row_fallback_count": 0.0, "stage_memory_commit_row_path_count": 598.0, "stage_memory_commit_seconds": 0.001644924283027649, "stage_memory_commit_submit_seconds": 0.6085178013890982, "stage_memory_commit_wait_sync_seconds": 2.315718495287001, "stage_metrics_seconds": 0.0, "stage_optimizer_all_reduce_seconds": 0.060709023848176, "stage_optimizer_copyback_seconds": 0.26543156430125237, "stage_optimizer_flatten_seconds": 0.15949541982263327, "stage_optimizer_step_seconds": 1.018122441135347, "stage_optimizer_steps": 422.0, "stage_optimizer_sync_seconds": 0.4943813942372799, "stage_sync_backward_seconds": 0.00017173215746879578, "stage_sync_batch_wait_seconds": 0.00024154502898454666, "stage_sync_encode_seconds": 0.00031735002994537354, "stage_sync_epoch_tail_seconds": 1.5273690223693848e-07, "stage_sync_finalize_seconds": 3.1385570764541626e-07, "stage_sync_head_loss_seconds": 0.0002732491120696068, "stage_sync_memory_commit_seconds": 0.0002735089510679245, "stage_sync_metrics_seconds": 0.0, "stage_sync_optimizer_step_seconds": 0.00021565891802310944, "stage_unaccounted_seconds": 3.1027480075135827, "stage_wall_seconds": 13.135324480943382, "train_epoch_call_wall_seconds": 13.13566714618355, "train_metrics_reduce_wall_seconds": 0.006910770200192928}, "val": {"ap": 0.976002798476713, "auc": 0.9742771405284394, "loss": 0.4967169185084376}}
{"epoch": 38, "rank": 0, "test": {"ap": 0.9774173928052171, "auc": 0.9769419153783452, "loss": 0.49974011367356236}, "timing": {"epoch_wall_seconds": 18.383863106369972, "other_wall_seconds": 0.007916937582194805, "test_wall_seconds": 2.6823880448937416, "train_call_wall_seconds": 13.167646830901504, "train_metrics_reduce_wall_seconds": 0.006890889257192612, "train_reported_seconds": 13.167377455160022, "train_wrapper_gap_seconds": 0.000269375741481781, "val_wall_seconds": 2.5259112929925323}, "train": {"backend_batch_build_seconds": 1.2812848947942257, "backend_batches": 1688.0, "backend_build_edge_feature_layout_seconds": 0.006251555867493153, "backend_build_mailbox_layout_seconds": 0.0032447967678308487, "backend_build_memory_layout_seconds": 0.6145403403788805, "backend_build_node_feature_layout_seconds": 0.7419981965795159, "backend_compact_fill_seconds": 0.1626951703801751, "backend_compact_index_edges": 42784121.25, "backend_compact_index_frontier_nodes": 10259246.25, "backend_compact_index_seconds": 2.888917145319283, "backend_compact_index_unique_edges": 9940580.5, "backend_compact_index_unique_nodes": 10259246.25, "backend_compact_root_seconds": 0.7166331568732858, "backend_compact_total_seconds": 3.915606482885778, "backend_convert_sampling_output_seconds": 0.7824888620525599, "backend_get_sampling_output_seconds": 4.883481239899993, "backend_materialize_create_seconds": 0.5962660424411297, "backend_materialize_move_seconds": 0.13549153599888086, "backend_materialize_seconds": 0.729467791505158, "backend_negative_attach_seconds": 0.7096485458314419, "backend_neighbor_sample_from_nodes_seconds": 2.183163721114397, "backend_patch_inputs_seconds": 0.7941233813762665, "backend_remap_dst_mismatch_count": 0.0, "backend_remap_src_mismatch_count": 0.0, "backend_root_remap_seconds": 0.09594637155532837, "backend_sampling_native_seconds": 7.863725800998509, "backend_sampling_request_seconds": 0.15874266251921654, "backend_sampling_seconds": 8.023387554101646, "backend_submit_edge_feature_seconds": 0.4051189664751291, "backend_submit_mailbox_seconds": 0.0, "backend_submit_memory_mailbox_seconds": 0.3688387433066964, "backend_submit_memory_seconds": 0.0, "backend_submit_node_feature_seconds": 0.6762435175478458, "backend_submit_reads_seconds": 1.4384504416957498, "backend_train_edge_filter_dropped_edges": 0.0, "backend_train_edge_filter_input_edges": 0.0, "backend_train_edge_filter_kept_edges": 0.0, "backend_wait_edge_feature_seconds": 0.08455971069633961, "backend_wait_mailbox_seconds": 0.0, "backend_wait_memory_mailbox_seconds": 0.1345822447910905, "backend_wait_memory_seconds": 0.0, "backend_wait_node_feature_seconds": 0.0777409728616476, "backend_wait_patch_seconds": 0.33665732480585575, "component_communication_seconds": 5.244054863229394, "component_sampling_seconds": 9.845734976232052, "component_training_seconds": 8.989844093099236, "component_unaccounted_seconds": 0.0, "loss": 0.6897601418514953, "mailbox_replica_index_build_wall_seconds": 0.0, "memory_commit_hook_build_wall_seconds": 2.5000423192977905e-05, "memory_replica_index_build_wall_seconds": 0.0, "seconds": 13.167377455160022, "stage_accounted_seconds": 10.343146259896457, "stage_backward_seconds": 2.358017726801336, "stage_batch_wait_seconds": 3.4547395342960954, "stage_batches": 1688.0, "stage_encode_seconds": 3.290895886719227, "stage_finalize_seconds": 0.00010431557893753052, "stage_head_loss_seconds": 0.3888045661151409, "stage_mailbox_commit_row_fallback_count": 0.0, "stage_mailbox_commit_row_path_count": 176.0, "stage_memory_commit_build_seconds": 2.3865784956142306, "stage_memory_commit_mailbox_edge_select_seconds": 0.01597424689680338, "stage_memory_commit_replica_build_seconds": 0.0005441727116703987, "stage_memory_commit_row_fallback_count": 0.0, "stage_memory_commit_row_path_count": 598.0, "stage_memory_commit_seconds": 0.0016390159726142883, "stage_memory_commit_submit_seconds": 0.6242905911058187, "stage_memory_commit_wait_sync_seconds": 2.349957429803908, "stage_metrics_seconds": 0.0, "stage_optimizer_all_reduce_seconds": 0.062362522818148136, "stage_optimizer_copyback_seconds": 0.25323494616895914, "stage_optimizer_flatten_seconds": 0.16139594465494156, "stage_optimizer_step_seconds": 1.0464681079611182, "stage_optimizer_steps": 422.0, "stage_optimizer_sync_seconds": 0.4938436187803745, "stage_sync_backward_seconds": 0.0001680627465248108, "stage_sync_batch_wait_seconds": 0.0002445019781589508, "stage_sync_encode_seconds": 0.000309087336063385, "stage_sync_epoch_tail_seconds": 1.7229467630386353e-07, "stage_sync_finalize_seconds": 2.6635825634002686e-07, "stage_sync_head_loss_seconds": 0.00027127843350172043, "stage_sync_memory_commit_seconds": 0.0002745324745774269, "stage_sync_metrics_seconds": 0.0, "stage_sync_optimizer_step_seconds": 0.00022345967590808868, "stage_unaccounted_seconds": 3.1544445417821407, "stage_wall_seconds": 13.167377455160022, "train_epoch_call_wall_seconds": 13.167729092761874, "train_metrics_reduce_wall_seconds": 0.006890889257192612}, "val": {"ap": 0.9757642110353564, "auc": 0.9740298139102296, "loss": 0.4987247729335319}}
{"epoch": 39, "rank": 0, "test": {"ap": 0.9767424808354905, "auc": 0.9761979196760052, "loss": 0.5019010583954778}, "timing": {"epoch_wall_seconds": 18.380198672413826, "other_wall_seconds": 0.01094253920018673, "test_wall_seconds": 2.6692291907966137, "train_call_wall_seconds": 13.154231149703264, "train_metrics_reduce_wall_seconds": 0.006998246535658836, "train_reported_seconds": 13.15653878543526, "train_wrapper_gap_seconds": 0.0, "val_wall_seconds": 2.5457957927137613}, "train": {"backend_batch_build_seconds": 1.2353523820638657, "backend_batches": 1688.0, "backend_build_edge_feature_layout_seconds": 0.005898132920265198, "backend_build_mailbox_layout_seconds": 0.002642279490828514, "backend_build_memory_layout_seconds": 0.5153303500264883, "backend_build_node_feature_layout_seconds": 0.6082392446696758, "backend_compact_fill_seconds": 0.16495777666568756, "backend_compact_index_edges": 42782546.25, "backend_compact_index_frontier_nodes": 10258943.5, "backend_compact_index_seconds": 2.9055106388404965, "backend_compact_index_unique_edges": 9940119.25, "backend_compact_index_unique_nodes": 10258943.5, "backend_compact_root_seconds": 0.7196351010352373, "backend_compact_total_seconds": 3.940284613519907, "backend_convert_sampling_output_seconds": 0.7743363464251161, "backend_get_sampling_output_seconds": 4.899604842066765, "backend_materialize_create_seconds": 0.6071727061644197, "backend_materialize_move_seconds": 0.13466373179107904, "backend_materialize_seconds": 0.7418364379554987, "backend_negative_attach_seconds": 0.6928597819060087, "backend_neighbor_sample_from_nodes_seconds": 2.180661279708147, "backend_patch_inputs_seconds": 0.7988803796470165, "backend_remap_dst_mismatch_count": 0.0, "backend_remap_src_mismatch_count": 0.0, "backend_root_remap_seconds": 0.0972352959215641, "backend_sampling_native_seconds": 7.844224265776575, "backend_sampling_request_seconds": 0.10109826736152172, "backend_sampling_seconds": 7.935990140773356, "backend_submit_edge_feature_seconds": 0.3626855257898569, "backend_submit_mailbox_seconds": 0.0, "backend_submit_memory_mailbox_seconds": 0.368087044917047, "backend_submit_memory_seconds": 0.0, "backend_submit_node_feature_seconds": 0.6879953416064382, "backend_submit_reads_seconds": 1.4037312055006623, "backend_train_edge_filter_dropped_edges": 0.0, "backend_train_edge_filter_input_edges": 0.0, "backend_train_edge_filter_kept_edges": 0.0, "backend_wait_edge_feature_seconds": 0.08394449111074209, "backend_wait_mailbox_seconds": 0.0, "backend_wait_memory_mailbox_seconds": 0.13004253432154655, "backend_wait_memory_seconds": 0.0, "backend_wait_node_feature_seconds": 0.08697744458913803, "backend_wait_patch_seconds": 0.34257054794579744, "component_communication_seconds": 5.170421320013702, "component_sampling_seconds": 9.83390075340867, "component_training_seconds": 8.966489063575864, "component_unaccounted_seconds": 0.0, "loss": 0.6912946399672054, "mailbox_replica_index_build_wall_seconds": 0.0, "memory_commit_hook_build_wall_seconds": 2.4995766580104828e-05, "memory_replica_index_build_wall_seconds": 0.0, "seconds": 13.15653878543526, "stage_accounted_seconds": 10.355411808006465, "stage_backward_seconds": 2.369106979109347, "stage_batch_wait_seconds": 3.4503102926537395, "stage_batches": 1688.0, "stage_encode_seconds": 3.2698265155777335, "stage_finalize_seconds": 8.617434650659561e-05, "stage_head_loss_seconds": 0.3858881685882807, "stage_mailbox_commit_row_fallback_count": 0.0, "stage_mailbox_commit_row_path_count": 176.0, "stage_memory_commit_build_seconds": 2.317445761524141, "stage_memory_commit_mailbox_edge_select_seconds": 0.015770559199154377, "stage_memory_commit_replica_build_seconds": 0.0005415836349129677, "stage_memory_commit_row_fallback_count": 0.0, "stage_memory_commit_row_path_count": 598.0, "stage_memory_commit_seconds": 0.0016339868307113647, "stage_memory_commit_submit_seconds": 0.6203292440623045, "stage_memory_commit_wait_sync_seconds": 2.2808112436905503, "stage_metrics_seconds": 0.0, "stage_optimizer_all_reduce_seconds": 0.06468607392162085, "stage_optimizer_copyback_seconds": 0.26424730382859707, "stage_optimizer_flatten_seconds": 0.16187869012355804, "stage_optimizer_step_seconds": 1.0118216034024954, "stage_optimizer_steps": 422.0, "stage_optimizer_sync_seconds": 0.4989914558827877, "stage_sync_backward_seconds": 0.0001658732071518898, "stage_sync_batch_wait_seconds": 0.00024315714836120605, "stage_sync_encode_seconds": 0.000319555401802063, "stage_sync_epoch_tail_seconds": 1.695007085800171e-07, "stage_sync_finalize_seconds": 2.9336661100387573e-07, "stage_sync_head_loss_seconds": 0.00026710517704486847, "stage_sync_memory_commit_seconds": 0.00027141720056533813, "stage_sync_metrics_seconds": 0.0, "stage_sync_optimizer_step_seconds": 0.00022186990827322006, "stage_unaccounted_seconds": 3.085731999948621, "stage_wall_seconds": 13.15653878543526, "train_epoch_call_wall_seconds": 13.156879181042314, "train_metrics_reduce_wall_seconds": 0.006998246535658836}, "val": {"ap": 0.9756756687457717, "auc": 0.973902696181902, "loss": 0.49683150826868683}}
{"epoch": 40, "rank": 0, "test": {"ap": 0.9768387142213238, "auc": 0.9762868446943449, "loss": 0.5095362738621505}, "timing": {"epoch_wall_seconds": 18.303198393434286, "other_wall_seconds": 0.007946399040520191, "test_wall_seconds": 2.669599254615605, "train_call_wall_seconds": 13.094521397724748, "train_metrics_reduce_wall_seconds": 0.006951269693672657, "train_reported_seconds": 13.094441739842296, "train_wrapper_gap_seconds": 7.965788245201111e-05, "val_wall_seconds": 2.5311313420534134}, "train": {"backend_batch_build_seconds": 1.1983500383794308, "backend_batches": 1688.0, "backend_build_edge_feature_layout_seconds": 0.005129358731210232, "backend_build_mailbox_layout_seconds": 0.0026236549019813538, "backend_build_memory_layout_seconds": 0.5185043485835195, "backend_build_node_feature_layout_seconds": 0.5988646522164345, "backend_compact_fill_seconds": 0.16305986512452364, "backend_compact_index_edges": 42781848.25, "backend_compact_index_frontier_nodes": 10259568.5, "backend_compact_index_seconds": 2.919863178394735, "backend_compact_index_unique_edges": 9940865.0, "backend_compact_index_unique_nodes": 10259568.5, "backend_compact_root_seconds": 0.7161291679367423, "backend_compact_total_seconds": 3.955985805951059, "backend_convert_sampling_output_seconds": 0.7758300714194775, "backend_get_sampling_output_seconds": 4.936998379416764, "backend_materialize_create_seconds": 0.6090630181133747, "backend_materialize_move_seconds": 0.13373797107487917, "backend_materialize_seconds": 0.7416570074856281, "backend_negative_attach_seconds": 0.6851586503908038, "backend_neighbor_sample_from_nodes_seconds": 2.212792498059571, "backend_patch_inputs_seconds": 0.798395418561995, "backend_remap_dst_mismatch_count": 0.0, "backend_remap_src_mismatch_count": 0.0, "backend_root_remap_seconds": 0.09538752306252718, "backend_sampling_native_seconds": 7.939266378991306, "backend_sampling_request_seconds": 0.1191524351015687, "backend_sampling_seconds": 8.037948153913021, "backend_submit_edge_feature_seconds": 0.3897129828110337, "backend_submit_mailbox_seconds": 0.0, "backend_submit_memory_mailbox_seconds": 0.35746013280004263, "backend_submit_memory_seconds": 0.0, "backend_submit_node_feature_seconds": 0.6550344368442893, "backend_submit_reads_seconds": 1.3797654574736953, "backend_train_edge_filter_dropped_edges": 0.0, "backend_train_edge_filter_input_edges": 0.0, "backend_train_edge_filter_kept_edges": 0.0, "backend_wait_edge_feature_seconds": 0.08424546383321285, "backend_wait_mailbox_seconds": 0.0, "backend_wait_memory_mailbox_seconds": 0.1351654827594757, "backend_wait_memory_seconds": 0.0, "backend_wait_node_feature_seconds": 0.07969511020928621, "backend_wait_patch_seconds": 0.3421893510967493, "component_communication_seconds": 5.089440755546093, "component_sampling_seconds": 9.767587109468877, "component_training_seconds": 8.939875679090619, "component_unaccounted_seconds": 0.0, "loss": 0.6905730900606273, "mailbox_replica_index_build_wall_seconds": 0.0, "memory_commit_hook_build_wall_seconds": 2.6893801987171173e-05, "memory_replica_index_build_wall_seconds": 0.0, "seconds": 13.094441739842296, "stage_accounted_seconds": 10.315920688211918, "stage_backward_seconds": 2.3468303699046373, "stage_batch_wait_seconds": 3.427749299444258, "stage_batches": 1688.0, "stage_encode_seconds": 3.268576269969344, "stage_finalize_seconds": 0.00010781921446323395, "stage_head_loss_seconds": 0.38058763928711414, "stage_mailbox_commit_row_fallback_count": 0.0, "stage_mailbox_commit_row_path_count": 176.0, "stage_memory_commit_build_seconds": 2.2777125844731927, "stage_memory_commit_mailbox_edge_select_seconds": 0.015221862122416496, "stage_memory_commit_replica_build_seconds": 0.0005453238263726234, "stage_memory_commit_row_fallback_count": 0.0, "stage_memory_commit_row_path_count": 598.0, "stage_memory_commit_seconds": 0.0016209306195378304, "stage_memory_commit_submit_seconds": 0.6070881970226765, "stage_memory_commit_wait_sync_seconds": 2.2402304960414767, "stage_metrics_seconds": 0.0, "stage_optimizer_all_reduce_seconds": 0.06203584652394056, "stage_optimizer_copyback_seconds": 0.2636064486578107, "stage_optimizer_flatten_seconds": 0.16960613429546356, "stage_optimizer_step_seconds": 1.0193231841549277, "stage_optimizer_steps": 422.0, "stage_optimizer_sync_seconds": 0.49619619082659483, "stage_sync_backward_seconds": 0.0001638820394873619, "stage_sync_batch_wait_seconds": 0.0002454826608300209, "stage_sync_encode_seconds": 0.00031432975083589554, "stage_sync_epoch_tail_seconds": 1.816079020500183e-07, "stage_sync_finalize_seconds": 2.7939677238464355e-07, "stage_sync_head_loss_seconds": 0.0002692127600312233, "stage_sync_memory_commit_seconds": 0.0002702958881855011, "stage_sync_metrics_seconds": 0.0, "stage_sync_optimizer_step_seconds": 0.00022173579782247543, "stage_unaccounted_seconds": 3.027041006833315, "stage_wall_seconds": 13.094441739842296, "train_epoch_call_wall_seconds": 13.094770634546876, "train_metrics_reduce_wall_seconds": 0.006951269693672657}, "val": {"ap": 0.9759980237049949, "auc": 0.9742204450020202, "loss": 0.5031416883522815}}
{"epoch": 41, "rank": 0, "test": {"ap": 0.9777612115832819, "auc": 0.9773464589202695, "loss": 0.4910238479179415}, "timing": {"epoch_wall_seconds": 18.303825077600777, "other_wall_seconds": 0.00796482153236866, "test_wall_seconds": 2.6667243195697665, "train_call_wall_seconds": 13.099420044571161, "train_metrics_reduce_wall_seconds": 0.00701794121414423, "train_reported_seconds": 13.099208042025566, "train_wrapper_gap_seconds": 0.00021200254559516907, "val_wall_seconds": 2.5297158919274807}, "train": {"backend_batch_build_seconds": 1.170989466831088, "backend_batches": 1688.0, "backend_build_edge_feature_layout_seconds": 0.0055404165759682655, "backend_build_mailbox_layout_seconds": 0.002696393057703972, "backend_build_memory_layout_seconds": 0.5101234503090382, "backend_build_node_feature_layout_seconds": 0.5954943895339966, "backend_compact_fill_seconds": 0.16269627958536148, "backend_compact_index_edges": 42781678.25, "backend_compact_index_frontier_nodes": 10257645.25, "backend_compact_index_seconds": 2.886600789614022, "backend_compact_index_unique_edges": 9939057.5, "backend_compact_index_unique_nodes": 10257645.25, "backend_compact_root_seconds": 0.713846423663199, "backend_compact_total_seconds": 3.911357224918902, "backend_convert_sampling_output_seconds": 0.7791535248979926, "backend_get_sampling_output_seconds": 4.880766671150923, "backend_materialize_create_seconds": 0.6066109538078308, "backend_materialize_move_seconds": 0.13451481238007545, "backend_materialize_seconds": 0.7394040171056986, "backend_negative_attach_seconds": 0.6424885438755155, "backend_neighbor_sample_from_nodes_seconds": 2.2008270248770714, "backend_patch_inputs_seconds": 0.8060071943327785, "backend_remap_dst_mismatch_count": 0.0, "backend_remap_src_mismatch_count": 0.0, "backend_root_remap_seconds": 0.09278534166514874, "backend_sampling_native_seconds": 7.876292017288506, "backend_sampling_request_seconds": 0.10471834242343903, "backend_sampling_seconds": 7.965699116699398, "backend_submit_edge_feature_seconds": 0.3612294541671872, "backend_submit_mailbox_seconds": 0.0, "backend_submit_memory_mailbox_seconds": 0.36150681879371405, "backend_submit_memory_seconds": 0.0, "backend_submit_node_feature_seconds": 0.6763933803886175, "backend_submit_reads_seconds": 1.3733050776645541, "backend_train_edge_filter_dropped_edges": 0.0, "backend_train_edge_filter_input_edges": 0.0, "backend_train_edge_filter_kept_edges": 0.0, "backend_wait_edge_feature_seconds": 0.08554319012910128, "backend_wait_mailbox_seconds": 0.0, "backend_wait_memory_mailbox_seconds": 0.13134852703660727, "backend_wait_memory_seconds": 0.0, "backend_wait_node_feature_seconds": 0.07756918575614691, "backend_wait_patch_seconds": 0.34447434451431036, "component_communication_seconds": 5.126635178923607, "component_sampling_seconds": 9.675860493443906, "component_training_seconds": 8.959868281148374, "component_unaccounted_seconds": 0.0, "loss": 0.6892449781475191, "mailbox_replica_index_build_wall_seconds": 0.0, "memory_commit_hook_build_wall_seconds": 2.2375956177711487e-05, "memory_replica_index_build_wall_seconds": 0.0, "seconds": 13.099208042025566, "stage_accounted_seconds": 10.306948062963784, "stage_backward_seconds": 2.3583057206124067, "stage_batch_wait_seconds": 3.3991138599812984, "stage_batches": 1688.0, "stage_encode_seconds": 3.265151613391936, "stage_finalize_seconds": 0.00013897381722927094, "stage_head_loss_seconds": 0.38330794870853424, "stage_mailbox_commit_row_fallback_count": 0.0, "stage_mailbox_commit_row_path_count": 176.0, "stage_memory_commit_build_seconds": 2.3316491208970547, "stage_memory_commit_mailbox_edge_select_seconds": 0.014945672824978828, "stage_memory_commit_replica_build_seconds": 0.0005475757643580437, "stage_memory_commit_row_fallback_count": 0.0, "stage_memory_commit_row_path_count": 598.0, "stage_memory_commit_seconds": 0.0016476185992360115, "stage_memory_commit_submit_seconds": 0.6291598025709391, "stage_memory_commit_wait_sync_seconds": 2.2949590580537915, "stage_metrics_seconds": 0.0, "stage_optimizer_all_reduce_seconds": 0.06374423950910568, "stage_optimizer_copyback_seconds": 0.27710051368921995, "stage_optimizer_flatten_seconds": 0.1558562107384205, "stage_optimizer_step_seconds": 1.0146172558888793, "stage_optimizer_steps": 422.0, "stage_optimizer_sync_seconds": 0.5055474741384387, "stage_sync_backward_seconds": 0.0001668594777584076, "stage_sync_batch_wait_seconds": 0.0002475110813975334, "stage_sync_encode_seconds": 0.0003073709085583687, "stage_sync_epoch_tail_seconds": 1.564621925354004e-07, "stage_sync_finalize_seconds": 2.9616057872772217e-07, "stage_sync_head_loss_seconds": 0.00026533380150794983, "stage_sync_memory_commit_seconds": 0.0002677040174603462, "stage_sync_metrics_seconds": 0.0, "stage_sync_optimizer_step_seconds": 0.00022364966571331024, "stage_unaccounted_seconds": 3.110896366648376, "stage_wall_seconds": 13.099208042025566, "train_epoch_call_wall_seconds": 13.099571513943374, "train_metrics_reduce_wall_seconds": 0.00701794121414423}, "val": {"ap": 0.9762356507585905, "auc": 0.9745245656517671, "loss": 0.4905931469561024}}
{"epoch": 42, "rank": 0, "test": {"ap": 0.9773850120926446, "auc": 0.9768982025512738, "loss": 0.5045006221837618}, "timing": {"epoch_wall_seconds": 18.361081443727016, "other_wall_seconds": 0.007947243750095367, "test_wall_seconds": 2.6804028330370784, "train_call_wall_seconds": 13.143728560768068, "train_metrics_reduce_wall_seconds": 0.006907397881150246, "train_reported_seconds": 13.143501605838537, "train_wrapper_gap_seconds": 0.00022695492953062057, "val_wall_seconds": 2.529002806171775}, "train": {"backend_batch_build_seconds": 1.262759163044393, "backend_batches": 1688.0, "backend_build_edge_feature_layout_seconds": 0.0049950135871768, "backend_build_mailbox_layout_seconds": 0.0026682838797569275, "backend_build_memory_layout_seconds": 0.5191105762496591, "backend_build_node_feature_layout_seconds": 0.5872407089918852, "backend_compact_fill_seconds": 0.16305755265057087, "backend_compact_index_edges": 42783249.5, "backend_compact_index_frontier_nodes": 10260128.0, "backend_compact_index_seconds": 2.9022901812568307, "backend_compact_index_unique_edges": 9941519.5, "backend_compact_index_unique_nodes": 10260128.0, "backend_compact_root_seconds": 0.7195676472038031, "backend_compact_total_seconds": 3.935932577587664, "backend_convert_sampling_output_seconds": 0.7709918012842536, "backend_get_sampling_output_seconds": 4.906245660036802, "backend_materialize_create_seconds": 0.5949619887396693, "backend_materialize_move_seconds": 0.14036920480430126, "backend_materialize_seconds": 0.7278428785502911, "backend_negative_attach_seconds": 0.6646300721913576, "backend_neighbor_sample_from_nodes_seconds": 2.2109751803800464, "backend_patch_inputs_seconds": 0.7926827045157552, "backend_remap_dst_mismatch_count": 0.0, "backend_remap_src_mismatch_count": 0.0, "backend_root_remap_seconds": 0.10026000067591667, "backend_sampling_native_seconds": 7.902530305087566, "backend_sampling_request_seconds": 0.1059315325692296, "backend_sampling_seconds": 8.001985315233469, "backend_submit_edge_feature_seconds": 0.36718357261270285, "backend_submit_mailbox_seconds": 0.0, "backend_submit_memory_mailbox_seconds": 0.36510645784437656, "backend_submit_memory_seconds": 0.0, "backend_submit_node_feature_seconds": 0.6804324071854353, "backend_submit_reads_seconds": 1.3923367634415627, "backend_train_edge_filter_dropped_edges": 0.0, "backend_train_edge_filter_input_edges": 0.0, "backend_train_edge_filter_kept_edges": 0.0, "backend_wait_edge_feature_seconds": 0.08990232925862074, "backend_wait_mailbox_seconds": 0.0, "backend_wait_memory_mailbox_seconds": 0.12975335773080587, "backend_wait_memory_seconds": 0.0, "backend_wait_node_feature_seconds": 0.07811451237648726, "backend_wait_patch_seconds": 0.3385783424600959, "component_communication_seconds": 5.160395352169871, "component_sampling_seconds": 9.849872226826847, "component_training_seconds": 8.975266815163195, "component_unaccounted_seconds": 0.0, "loss": 0.6858003347299958, "mailbox_replica_index_build_wall_seconds": 0.0, "memory_commit_hook_build_wall_seconds": 2.3096799850463867e-05, "memory_replica_index_build_wall_seconds": 0.0, "seconds": 13.143501605838537, "stage_accounted_seconds": 10.352667236700654, "stage_backward_seconds": 2.3605159167200327, "stage_batch_wait_seconds": 3.446095953695476, "stage_batches": 1688.0, "stage_encode_seconds": 3.270808898843825, "stage_finalize_seconds": 0.00010749790817499161, "stage_head_loss_seconds": 0.38347385730594397, "stage_mailbox_commit_row_fallback_count": 0.0, "stage_mailbox_commit_row_path_count": 176.0, "stage_memory_commit_build_seconds": 2.327574184164405, "stage_memory_commit_mailbox_edge_select_seconds": 0.015379507094621658, "stage_memory_commit_replica_build_seconds": 0.0005580512806773186, "stage_memory_commit_row_fallback_count": 0.0, "stage_memory_commit_row_path_count": 598.0, "stage_memory_commit_seconds": 0.0016210516914725304, "stage_memory_commit_submit_seconds": 0.6118509145453572, "stage_memory_commit_wait_sync_seconds": 2.290555906482041, "stage_metrics_seconds": 0.0, "stage_optimizer_all_reduce_seconds": 0.06401441153138876, "stage_optimizer_copyback_seconds": 0.27068416588008404, "stage_optimizer_flatten_seconds": 0.1608334183692932, "stage_optimizer_step_seconds": 1.0345629202201962, "stage_optimizer_steps": 422.0, "stage_optimizer_sync_seconds": 0.5025577079504728, "stage_sync_backward_seconds": 0.00016443617641925812, "stage_sync_batch_wait_seconds": 0.00024048704653978348, "stage_sync_encode_seconds": 0.0003101695328950882, "stage_sync_epoch_tail_seconds": 1.8812716007232666e-07, "stage_sync_finalize_seconds": 2.766028046607971e-07, "stage_sync_head_loss_seconds": 0.0002695377916097641, "stage_sync_memory_commit_seconds": 0.00026835594326257706, "stage_sync_metrics_seconds": 0.0, "stage_sync_optimizer_step_seconds": 0.00022204872220754623, "stage_unaccounted_seconds": 3.088495071977377, "stage_wall_seconds": 13.143501605838537, "train_epoch_call_wall_seconds": 13.143834600225091, "train_metrics_reduce_wall_seconds": 0.006907397881150246}, "val": {"ap": 0.9761918659041136, "auc": 0.9744556361456033, "loss": 0.497828405265781}}
{"epoch": 43, "rank": 0, "test": {"ap": 0.9772847207130009, "auc": 0.9768059252345928, "loss": 0.4989890898154541}, "timing": {"epoch_wall_seconds": 18.368546665646136, "other_wall_seconds": 0.007931326515972614, "test_wall_seconds": 2.70186588447541, "train_call_wall_seconds": 13.120403986424208, "train_metrics_reduce_wall_seconds": 0.006901991553604603, "train_reported_seconds": 13.120274867862463, "train_wrapper_gap_seconds": 0.00012911856174468994, "val_wall_seconds": 2.5383454682305455}, "train": {"backend_batch_build_seconds": 1.2313914988189936, "backend_batches": 1688.0, "backend_build_edge_feature_layout_seconds": 0.006914576515555382, "backend_build_mailbox_layout_seconds": 0.0028944266960024834, "backend_build_memory_layout_seconds": 0.5640525044873357, "backend_build_node_feature_layout_seconds": 0.651805654168129, "backend_compact_fill_seconds": 0.16441663913428783, "backend_compact_index_edges": 42780388.5, "backend_compact_index_frontier_nodes": 10256484.75, "backend_compact_index_seconds": 2.908439425751567, "backend_compact_index_unique_edges": 9937690.25, "backend_compact_index_unique_nodes": 10256484.75, "backend_compact_root_seconds": 0.7148190904408693, "backend_compact_total_seconds": 3.93940260540694, "backend_convert_sampling_output_seconds": 0.7802987219765782, "backend_get_sampling_output_seconds": 4.910715741105378, "backend_materialize_create_seconds": 0.6130738509818912, "backend_materialize_move_seconds": 0.13641543872654438, "backend_materialize_seconds": 0.7444882243871689, "backend_negative_attach_seconds": 0.6905253194272518, "backend_neighbor_sample_from_nodes_seconds": 2.212610673159361, "backend_patch_inputs_seconds": 0.8018717123195529, "backend_remap_dst_mismatch_count": 0.0, "backend_remap_src_mismatch_count": 0.0, "backend_root_remap_seconds": 0.09301132801920176, "backend_sampling_native_seconds": 7.919370793737471, "backend_sampling_request_seconds": 0.11731336265802383, "backend_sampling_seconds": 8.022332437336445, "backend_submit_edge_feature_seconds": 0.393572349101305, "backend_submit_mailbox_seconds": 0.0, "backend_submit_memory_mailbox_seconds": 0.35369148664176464, "backend_submit_memory_seconds": 0.0, "backend_submit_node_feature_seconds": 0.6595324883237481, "backend_submit_reads_seconds": 1.380010393448174, "backend_train_edge_filter_dropped_edges": 0.0, "backend_train_edge_filter_input_edges": 0.0, "backend_train_edge_filter_kept_edges": 0.0, "backend_wait_edge_feature_seconds": 0.08422954380512238, "backend_wait_mailbox_seconds": 0.0, "backend_wait_memory_mailbox_seconds": 0.13055619597434998, "backend_wait_memory_seconds": 0.0, "backend_wait_node_feature_seconds": 0.08187495358288288, "backend_wait_patch_seconds": 0.3431660821661353, "component_communication_seconds": 5.135665023699403, "component_sampling_seconds": 9.729405467398465, "component_training_seconds": 8.945953955873847, "component_unaccounted_seconds": 0.0, "loss": 0.6862592829382532, "mailbox_replica_index_build_wall_seconds": 0.0, "memory_commit_hook_build_wall_seconds": 2.2510066628456116e-05, "memory_replica_index_build_wall_seconds": 0.0, "seconds": 13.120274867862463, "stage_accounted_seconds": 10.314103060401976, "stage_backward_seconds": 2.315888185054064, "stage_batch_wait_seconds": 3.4309865217655897, "stage_batches": 1688.0, "stage_encode_seconds": 3.2601838251575828, "stage_finalize_seconds": 0.00010216515511274338, "stage_head_loss_seconds": 0.38628000766038895, "stage_mailbox_commit_row_fallback_count": 0.0, "stage_mailbox_commit_row_path_count": 176.0, "stage_memory_commit_build_seconds": 2.3150808047503233, "stage_memory_commit_mailbox_edge_select_seconds": 0.01842600852251053, "stage_memory_commit_replica_build_seconds": 0.0005466174334287643, "stage_memory_commit_row_fallback_count": 0.0, "stage_memory_commit_row_path_count": 598.0, "stage_memory_commit_seconds": 0.001627306453883648, "stage_memory_commit_submit_seconds": 0.6208936981856823, "stage_memory_commit_wait_sync_seconds": 2.274400617927313, "stage_metrics_seconds": 0.0, "stage_optimizer_all_reduce_seconds": 0.06453075166791677, "stage_optimizer_copyback_seconds": 0.26599502842873335, "stage_optimizer_flatten_seconds": 0.15435686986893415, "stage_optimizer_step_seconds": 1.0023827124387026, "stage_optimizer_steps": 422.0, "stage_optimizer_sync_seconds": 0.49018183536827564, "stage_sync_backward_seconds": 0.00016517098993062973, "stage_sync_batch_wait_seconds": 0.00024487823247909546, "stage_sync_encode_seconds": 0.00031294673681259155, "stage_sync_epoch_tail_seconds": 1.8440186977386475e-07, "stage_sync_finalize_seconds": 2.8219074010849e-07, "stage_sync_head_loss_seconds": 0.00026985909789800644, "stage_sync_memory_commit_seconds": 0.0002732500433921814, "stage_sync_metrics_seconds": 0.0, "stage_sync_optimizer_step_seconds": 0.00021956022828817368, "stage_unaccounted_seconds": 3.0758730517700315, "stage_wall_seconds": 13.120274867862463, "train_epoch_call_wall_seconds": 13.12062519788742, "train_metrics_reduce_wall_seconds": 0.006901991553604603}, "val": {"ap": 0.9757402768038073, "auc": 0.9740025116626931, "loss": 0.49776139423589816}}
{"epoch": 44, "rank": 0, "test": {"ap": 0.9771792969276131, "auc": 0.9766287736565409, "loss": 0.500475377691063}, "timing": {"epoch_wall_seconds": 18.388102734461427, "other_wall_seconds": 0.010533425956964493, "test_wall_seconds": 2.6670626057311893, "train_call_wall_seconds": 13.161133146844804, "train_metrics_reduce_wall_seconds": 0.007066383026540279, "train_reported_seconds": 13.163268808275461, "train_wrapper_gap_seconds": 0.0, "val_wall_seconds": 2.5493735559284687}, "train": {"backend_batch_build_seconds": 1.1438226317986846, "backend_batches": 1688.0, "backend_build_edge_feature_layout_seconds": 0.005733362399041653, "backend_build_mailbox_layout_seconds": 0.0027221860364079475, "backend_build_memory_layout_seconds": 0.5344705879688263, "backend_build_node_feature_layout_seconds": 0.6589202117174864, "backend_compact_fill_seconds": 0.16257629729807377, "backend_compact_index_edges": 42780621.75, "backend_compact_index_frontier_nodes": 10257407.5, "backend_compact_index_seconds": 2.9081963915377855, "backend_compact_index_unique_edges": 9938718.0, "backend_compact_index_unique_nodes": 10257407.5, "backend_compact_root_seconds": 0.7192752538248897, "backend_compact_total_seconds": 3.9340419368818402, "backend_convert_sampling_output_seconds": 0.7721525225788355, "backend_get_sampling_output_seconds": 4.913299570791423, "backend_materialize_create_seconds": 0.6567833619192243, "backend_materialize_move_seconds": 0.14182964153587818, "backend_materialize_seconds": 0.7986130034551024, "backend_negative_attach_seconds": 0.7557078534737229, "backend_neighbor_sample_from_nodes_seconds": 2.2067617997527122, "backend_patch_inputs_seconds": 0.8169926945120096, "backend_remap_dst_mismatch_count": 0.0, "backend_remap_src_mismatch_count": 0.0, "backend_root_remap_seconds": 0.10290231835097075, "backend_sampling_native_seconds": 7.9060965096578, "backend_sampling_request_seconds": 0.09031877759844065, "backend_sampling_seconds": 7.997380060143769, "backend_submit_edge_feature_seconds": 0.34647110011428595, "backend_submit_mailbox_seconds": 0.0, "backend_submit_memory_mailbox_seconds": 0.37890837993472815, "backend_submit_memory_seconds": 0.0, "backend_submit_node_feature_seconds": 0.763198247179389, "backend_submit_reads_seconds": 1.4542528493329883, "backend_train_edge_filter_dropped_edges": 0.0, "backend_train_edge_filter_input_edges": 0.0, "backend_train_edge_filter_kept_edges": 0.0, "backend_wait_edge_feature_seconds": 0.08282754477113485, "backend_wait_mailbox_seconds": 0.0, "backend_wait_memory_mailbox_seconds": 0.124693613499403, "backend_wait_memory_seconds": 0.0, "backend_wait_node_feature_seconds": 0.07975945435464382, "backend_wait_patch_seconds": 0.3704751543700695, "component_communication_seconds": 5.200171730481088, "component_sampling_seconds": 9.821506202220917, "component_training_seconds": 8.955188767053187, "component_unaccounted_seconds": 0.0, "loss": 0.6865316901479569, "mailbox_replica_index_build_wall_seconds": 0.0, "memory_commit_hook_build_wall_seconds": 2.5602057576179504e-05, "memory_replica_index_build_wall_seconds": 0.0, "seconds": 13.163268808275461, "stage_accounted_seconds": 10.416044525802135, "stage_backward_seconds": 2.36543111782521, "stage_batch_wait_seconds": 3.4947645161300898, "stage_batches": 1688.0, "stage_encode_seconds": 3.273137241601944, "stage_finalize_seconds": 9.2322938144207e-05, "stage_head_loss_seconds": 0.3861420461907983, "stage_mailbox_commit_row_fallback_count": 0.0, "stage_mailbox_commit_row_path_count": 176.0, "stage_memory_commit_build_seconds": 2.3196447137743235, "stage_memory_commit_mailbox_edge_select_seconds": 0.015366530045866966, "stage_memory_commit_replica_build_seconds": 0.0005402276292443275, "stage_memory_commit_row_fallback_count": 0.0, "stage_memory_commit_row_path_count": 598.0, "stage_memory_commit_seconds": 0.0016415882855653763, "stage_memory_commit_submit_seconds": 0.6002960409969091, "stage_memory_commit_wait_sync_seconds": 2.2820587791502476, "stage_metrics_seconds": 0.0, "stage_optimizer_all_reduce_seconds": 0.06333711557090282, "stage_optimizer_copyback_seconds": 0.26200616266578436, "stage_optimizer_flatten_seconds": 0.15032528806477785, "stage_optimizer_step_seconds": 1.0139821618795395, "stage_optimizer_steps": 422.0, "stage_optimizer_sync_seconds": 0.4902656115591526, "stage_sync_backward_seconds": 0.0001673176884651184, "stage_sync_batch_wait_seconds": 0.00023827794939279556, "stage_sync_encode_seconds": 0.00030679162591695786, "stage_sync_epoch_tail_seconds": 1.7136335372924805e-07, "stage_sync_finalize_seconds": 2.8032809495925903e-07, "stage_sync_head_loss_seconds": 0.00027380045503377914, "stage_sync_memory_commit_seconds": 0.0002712598070502281, "stage_sync_metrics_seconds": 0.0, "stage_sync_optimizer_step_seconds": 0.00022513791918754578, "stage_unaccounted_seconds": 3.0653595961630344, "stage_wall_seconds": 13.163268808275461, "train_epoch_call_wall_seconds": 13.1636254042387, "train_metrics_reduce_wall_seconds": 0.007066383026540279}, "val": {"ap": 0.9762214085807502, "auc": 0.9744806220112197, "loss": 0.49534952682866296}}
{"epoch": 45, "rank": 0, "test": {"ap": 0.9769720790684723, "auc": 0.9764934300383639, "loss": 0.5124908989634027}, "timing": {"epoch_wall_seconds": 18.41670711990446, "other_wall_seconds": 0.008226289413869381, "test_wall_seconds": 2.680590075440705, "train_call_wall_seconds": 13.174759643152356, "train_metrics_reduce_wall_seconds": 0.007115066051483154, "train_reported_seconds": 13.174574268050492, "train_wrapper_gap_seconds": 0.00018537510186433792, "val_wall_seconds": 2.553131111897528}, "train": {"backend_batch_build_seconds": 1.1811604294925928, "backend_batches": 1688.0, "backend_build_edge_feature_layout_seconds": 0.006856935098767281, "backend_build_mailbox_layout_seconds": 0.003028150647878647, "backend_build_memory_layout_seconds": 0.5763242691755295, "backend_build_node_feature_layout_seconds": 0.6608041096478701, "backend_compact_fill_seconds": 0.16290536429733038, "backend_compact_index_edges": 42781821.75, "backend_compact_index_frontier_nodes": 10258119.5, "backend_compact_index_seconds": 2.9010646967217326, "backend_compact_index_unique_edges": 9939450.5, "backend_compact_index_unique_nodes": 10258119.5, "backend_compact_root_seconds": 0.7208522204309702, "backend_compact_total_seconds": 3.9359881868585944, "backend_convert_sampling_output_seconds": 0.7785857114940882, "backend_get_sampling_output_seconds": 4.903349840082228, "backend_materialize_create_seconds": 0.6139539843425155, "backend_materialize_move_seconds": 0.1383701777085662, "backend_materialize_seconds": 0.7450205627828836, "backend_negative_attach_seconds": 0.7130638342350721, "backend_neighbor_sample_from_nodes_seconds": 2.187256434932351, "backend_patch_inputs_seconds": 0.7966582775115967, "backend_remap_dst_mismatch_count": 0.0, "backend_remap_src_mismatch_count": 0.0, "backend_root_remap_seconds": 0.09601778723299503, "backend_sampling_native_seconds": 7.884057335555553, "backend_sampling_request_seconds": 0.10355428885668516, "backend_sampling_seconds": 7.981678359210491, "backend_submit_edge_feature_seconds": 0.3595074722543359, "backend_submit_mailbox_seconds": 0.0, "backend_submit_memory_mailbox_seconds": 0.3669017795473337, "backend_submit_memory_seconds": 0.0, "backend_submit_node_feature_seconds": 0.7123947255313396, "backend_submit_reads_seconds": 1.4133814377710223, "backend_train_edge_filter_dropped_edges": 0.0, "backend_train_edge_filter_input_edges": 0.0, "backend_train_edge_filter_kept_edges": 0.0, "backend_wait_edge_feature_seconds": 0.08429709728807211, "backend_wait_mailbox_seconds": 0.0, "backend_wait_memory_mailbox_seconds": 0.12917378544807434, "backend_wait_memory_seconds": 0.0, "backend_wait_node_feature_seconds": 0.08134681731462479, "backend_wait_patch_seconds": 0.34088375978171825, "component_communication_seconds": 5.116623385809362, "component_sampling_seconds": 9.811806893907487, "component_training_seconds": 8.984628013335168, "component_unaccounted_seconds": 0.0, "loss": 0.6872816423916421, "mailbox_replica_index_build_wall_seconds": 0.0, "memory_commit_hook_build_wall_seconds": 2.22744420170784e-05, "memory_replica_index_build_wall_seconds": 0.0, "seconds": 13.174574268050492, "stage_accounted_seconds": 10.428858991712332, "stage_backward_seconds": 2.381485566496849, "stage_batch_wait_seconds": 3.447548276744783, "stage_batches": 1688.0, "stage_encode_seconds": 3.294557380490005, "stage_finalize_seconds": 0.00010242592543363571, "stage_head_loss_seconds": 0.40768277645111084, "stage_mailbox_commit_row_fallback_count": 0.0, "stage_mailbox_commit_row_path_count": 176.0, "stage_memory_commit_build_seconds": 2.2853690776973963, "stage_memory_commit_mailbox_edge_select_seconds": 0.015736548230051994, "stage_memory_commit_replica_build_seconds": 0.0005383342504501343, "stage_memory_commit_row_fallback_count": 0.0, "stage_memory_commit_row_path_count": 598.0, "stage_memory_commit_seconds": 0.0016346368938684464, "stage_memory_commit_submit_seconds": 0.6268971273675561, "stage_memory_commit_wait_sync_seconds": 2.2488687681034207, "stage_metrics_seconds": 0.0, "stage_optimizer_all_reduce_seconds": 0.06385946646332741, "stage_optimizer_copyback_seconds": 0.2797105675563216, "stage_optimizer_flatten_seconds": 0.17411088664084673, "stage_optimizer_step_seconds": 1.0277240741997957, "stage_optimizer_steps": 422.0, "stage_optimizer_sync_seconds": 0.5096088964492083, "stage_sync_backward_seconds": 0.00017176009714603424, "stage_sync_batch_wait_seconds": 0.0002483716234564781, "stage_sync_encode_seconds": 0.00032144878059625626, "stage_sync_epoch_tail_seconds": 1.648440957069397e-07, "stage_sync_finalize_seconds": 2.775341272354126e-07, "stage_sync_head_loss_seconds": 0.0002826554700732231, "stage_sync_memory_commit_seconds": 0.0002751387655735016, "stage_sync_metrics_seconds": 0.0, "stage_sync_optimizer_step_seconds": 0.00022495724260807037, "stage_unaccounted_seconds": 3.059332516975701, "stage_wall_seconds": 13.174574268050492, "train_epoch_call_wall_seconds": 13.174906918779016, "train_metrics_reduce_wall_seconds": 0.007115066051483154}, "val": {"ap": 0.9757453709411595, "auc": 0.9739918139525608, "loss": 0.505032451230694}}
{"epoch": 46, "rank": 0, "test": {"ap": 0.976994800420922, "auc": 0.976568334592774, "loss": 0.5006483750925823}, "timing": {"epoch_wall_seconds": 18.373173681087792, "other_wall_seconds": 0.008237126283347607, "test_wall_seconds": 2.6751708844676614, "train_call_wall_seconds": 13.156941288150847, "train_metrics_reduce_wall_seconds": 0.007142709568142891, "train_reported_seconds": 13.156502813100815, "train_wrapper_gap_seconds": 0.0004384750500321388, "val_wall_seconds": 2.532824382185936}, "train": {"backend_batch_build_seconds": 1.2360002137720585, "backend_batches": 1688.0, "backend_build_edge_feature_layout_seconds": 0.00516345351934433, "backend_build_mailbox_layout_seconds": 0.0025838157162070274, "backend_build_memory_layout_seconds": 0.5152593329548836, "backend_build_node_feature_layout_seconds": 0.6002178359776735, "backend_compact_fill_seconds": 0.16267504449933767, "backend_compact_index_edges": 42782340.75, "backend_compact_index_frontier_nodes": 10258302.0, "backend_compact_index_seconds": 2.885054800659418, "backend_compact_index_unique_edges": 9939646.0, "backend_compact_index_unique_nodes": 10258302.0, "backend_compact_root_seconds": 0.7140913978219032, "backend_compact_total_seconds": 3.914073972031474, "backend_convert_sampling_output_seconds": 0.774035569280386, "backend_get_sampling_output_seconds": 4.880947715602815, "backend_materialize_create_seconds": 0.5999365374445915, "backend_materialize_move_seconds": 0.13552386779338121, "backend_materialize_seconds": 0.7332533625885844, "backend_negative_attach_seconds": 0.698574885725975, "backend_neighbor_sample_from_nodes_seconds": 2.1972892498597503, "backend_patch_inputs_seconds": 0.8063466465100646, "backend_remap_dst_mismatch_count": 0.0, "backend_remap_src_mismatch_count": 0.0, "backend_root_remap_seconds": 0.09529150184243917, "backend_sampling_native_seconds": 7.8665069825947285, "backend_sampling_request_seconds": 0.11874892003834248, "backend_sampling_seconds": 7.940131257288158, "backend_submit_edge_feature_seconds": 0.37455796636641026, "backend_submit_mailbox_seconds": 0.0, "backend_submit_memory_mailbox_seconds": 0.3696730686351657, "backend_submit_memory_seconds": 0.0, "backend_submit_node_feature_seconds": 0.6911835446953773, "backend_submit_reads_seconds": 1.4017286328598857, "backend_train_edge_filter_dropped_edges": 0.0, "backend_train_edge_filter_input_edges": 0.0, "backend_train_edge_filter_kept_edges": 0.0, "backend_wait_edge_feature_seconds": 0.08648503758013248, "backend_wait_mailbox_seconds": 0.0, "backend_wait_memory_mailbox_seconds": 0.1334545537829399, "backend_wait_memory_seconds": 0.0, "backend_wait_node_feature_seconds": 0.08368656132370234, "backend_wait_patch_seconds": 0.34994249511510134, "component_communication_seconds": 5.104740931652486, "component_sampling_seconds": 9.858563077636063, "component_training_seconds": 8.993163487873971, "component_unaccounted_seconds": 0.0, "loss": 0.6873769342051863, "mailbox_replica_index_build_wall_seconds": 0.0, "memory_commit_hook_build_wall_seconds": 2.2081658244132996e-05, "memory_replica_index_build_wall_seconds": 0.0, "seconds": 13.156502813100815, "stage_accounted_seconds": 10.426764010451734, "stage_backward_seconds": 2.3863767627626657, "stage_batch_wait_seconds": 3.458346546627581, "stage_batches": 1688.0, "stage_encode_seconds": 3.2956442879512906, "stage_finalize_seconds": 0.00019155070185661316, "stage_head_loss_seconds": 0.4042418198660016, "stage_mailbox_commit_row_fallback_count": 0.0, "stage_mailbox_commit_row_path_count": 176.0, "stage_memory_commit_build_seconds": 2.279154611751437, "stage_memory_commit_mailbox_edge_select_seconds": 0.01715869829058647, "stage_memory_commit_replica_build_seconds": 0.000538364052772522, "stage_memory_commit_row_fallback_count": 0.0, "stage_memory_commit_row_path_count": 598.0, "stage_memory_commit_seconds": 0.0016345921903848648, "stage_memory_commit_submit_seconds": 0.5977988615632057, "stage_memory_commit_wait_sync_seconds": 2.239885216578841, "stage_metrics_seconds": 0.0, "stage_optimizer_all_reduce_seconds": 0.06343770306557417, "stage_optimizer_copyback_seconds": 0.261483121663332, "stage_optimizer_flatten_seconds": 0.15379166323691607, "stage_optimizer_step_seconds": 1.0070030055940151, "stage_optimizer_steps": 422.0, "stage_optimizer_sync_seconds": 0.4874679744243622, "stage_sync_backward_seconds": 0.00017279665917158127, "stage_sync_batch_wait_seconds": 0.0002506924793124199, "stage_sync_encode_seconds": 0.00031406059861183167, "stage_sync_epoch_tail_seconds": 1.51805579662323e-07, "stage_sync_finalize_seconds": 3.0640512704849243e-07, "stage_sync_head_loss_seconds": 0.0002804417163133621, "stage_sync_memory_commit_seconds": 0.0002733767032623291, "stage_sync_metrics_seconds": 0.0, "stage_sync_optimizer_step_seconds": 0.00022363383322954178, "stage_unaccounted_seconds": 3.022082523442805, "stage_wall_seconds": 13.156502813100815, "train_epoch_call_wall_seconds": 13.156901921145618, "train_metrics_reduce_wall_seconds": 0.007142709568142891}, "val": {"ap": 0.975749838234093, "auc": 0.9740645177051376, "loss": 0.4950952772051096}}
{"epoch": 47, "rank": 0, "test": {"ap": 0.976843390341889, "auc": 0.9762920829920906, "loss": 0.5113506054675038}, "timing": {"epoch_wall_seconds": 18.692633000202477, "other_wall_seconds": 0.008201858960092068, "test_wall_seconds": 2.69030215870589, "train_call_wall_seconds": 13.44044860266149, "train_metrics_reduce_wall_seconds": 0.007097288966178894, "train_reported_seconds": 13.440315563231707, "train_wrapper_gap_seconds": 0.0001330394297838211, "val_wall_seconds": 2.5536803798750043}, "train": {"backend_batch_build_seconds": 1.291239645332098, "backend_batches": 1688.0, "backend_build_edge_feature_layout_seconds": 0.007554695941507816, "backend_build_mailbox_layout_seconds": 0.0032654348760843277, "backend_build_memory_layout_seconds": 0.6707223216071725, "backend_build_node_feature_layout_seconds": 0.8263092348352075, "backend_compact_fill_seconds": 0.16284977551549673, "backend_compact_index_edges": 42779981.25, "backend_compact_index_frontier_nodes": 10257612.5, "backend_compact_index_seconds": 2.8921427354216576, "backend_compact_index_unique_edges": 9938583.25, "backend_compact_index_unique_nodes": 10257612.5, "backend_compact_root_seconds": 0.7113057132810354, "backend_compact_total_seconds": 3.929047977551818, "backend_convert_sampling_output_seconds": 0.7769320942461491, "backend_get_sampling_output_seconds": 4.896223886869848, "backend_materialize_create_seconds": 0.7887767171487212, "backend_materialize_move_seconds": 0.17133288085460663, "backend_materialize_seconds": 0.9601095980033278, "backend_negative_attach_seconds": 0.8758988408371806, "backend_neighbor_sample_from_nodes_seconds": 2.192396603524685, "backend_patch_inputs_seconds": 0.865237032994628, "backend_remap_dst_mismatch_count": 0.0, "backend_remap_src_mismatch_count": 0.0, "backend_root_remap_seconds": 0.11831730976700783, "backend_sampling_native_seconds": 7.882482440210879, "backend_sampling_request_seconds": 0.10516113974153996, "backend_sampling_seconds": 7.963329917751253, "backend_submit_edge_feature_seconds": 0.39835256338119507, "backend_submit_mailbox_seconds": 0.0, "backend_submit_memory_mailbox_seconds": 0.36258829571306705, "backend_submit_memory_seconds": 0.0, "backend_submit_node_feature_seconds": 0.9374811723828316, "backend_submit_reads_seconds": 1.6584984734654427, "backend_train_edge_filter_dropped_edges": 0.0, "backend_train_edge_filter_input_edges": 0.0, "backend_train_edge_filter_kept_edges": 0.0, "backend_wait_edge_feature_seconds": 0.0860478924587369, "backend_wait_mailbox_seconds": 0.0, "backend_wait_memory_mailbox_seconds": 0.13211339339613914, "backend_wait_memory_seconds": 0.0, "backend_wait_node_feature_seconds": 0.07801548484712839, "backend_wait_patch_seconds": 0.42771125584840775, "component_communication_seconds": 5.385575495660305, "component_sampling_seconds": 9.82134114485234, "component_training_seconds": 8.981165362522006, "component_unaccounted_seconds": 0.0, "loss": 0.6876487653720154, "mailbox_replica_index_build_wall_seconds": 0.0, "memory_commit_hook_build_wall_seconds": 2.3445114493370056e-05, "memory_replica_index_build_wall_seconds": 0.0, "seconds": 13.440315563231707, "stage_accounted_seconds": 10.705967210233212, "stage_backward_seconds": 2.3728782376274467, "stage_batch_wait_seconds": 3.7357337698340416, "stage_batches": 1688.0, "stage_encode_seconds": 3.297134363092482, "stage_finalize_seconds": 0.00011314265429973602, "stage_head_loss_seconds": 0.3919192813336849, "stage_mailbox_commit_row_fallback_count": 0.0, "stage_mailbox_commit_row_path_count": 176.0, "stage_memory_commit_build_seconds": 2.2987318001687527, "stage_memory_commit_mailbox_edge_select_seconds": 0.014957264065742493, "stage_memory_commit_replica_build_seconds": 0.0005508009344339371, "stage_memory_commit_row_fallback_count": 0.0, "stage_memory_commit_row_path_count": 598.0, "stage_memory_commit_seconds": 0.001637798734009266, "stage_memory_commit_submit_seconds": 0.6100785452872515, "stage_memory_commit_wait_sync_seconds": 2.2615633299574256, "stage_metrics_seconds": 0.0, "stage_optimizer_all_reduce_seconds": 0.059492784552276134, "stage_optimizer_copyback_seconds": 0.273364189080894, "stage_optimizer_flatten_seconds": 0.1586758503690362, "stage_optimizer_step_seconds": 1.0049188192933798, "stage_optimizer_steps": 422.0, "stage_optimizer_sync_seconds": 0.5063866935670376, "stage_sync_backward_seconds": 0.0001736767590045929, "stage_sync_batch_wait_seconds": 0.00025140587240457535, "stage_sync_encode_seconds": 0.00032038241624832153, "stage_sync_epoch_tail_seconds": 1.6111880540847778e-07, "stage_sync_finalize_seconds": 2.9709190130233765e-07, "stage_sync_head_loss_seconds": 0.00027749501168727875, "stage_sync_memory_commit_seconds": 0.0002712039276957512, "stage_sync_metrics_seconds": 0.0, "stage_sync_optimizer_step_seconds": 0.00022219307720661163, "stage_unaccounted_seconds": 3.0563778886571527, "stage_wall_seconds": 13.440315563231707, "train_epoch_call_wall_seconds": 13.44068488292396, "train_metrics_reduce_wall_seconds": 0.007097288966178894}, "val": {"ap": 0.9757660918004076, "auc": 0.9740372885024194, "loss": 0.5051837458529256}}
{"epoch": 48, "rank": 0, "test": {"ap": 0.9769134521217275, "auc": 0.9763517936464216, "loss": 0.49883494052019983}, "timing": {"epoch_wall_seconds": 18.450965164229274, "other_wall_seconds": 0.00837576761841774, "test_wall_seconds": 2.6876309318467975, "train_call_wall_seconds": 13.20967205800116, "train_metrics_reduce_wall_seconds": 0.007262079976499081, "train_reported_seconds": 13.20944350771606, "train_wrapper_gap_seconds": 0.0002285502851009369, "val_wall_seconds": 2.545286406762898}, "train": {"backend_batch_build_seconds": 1.1884002666920424, "backend_batches": 1688.0, "backend_build_edge_feature_layout_seconds": 0.007226409390568733, "backend_build_mailbox_layout_seconds": 0.003068661317229271, "backend_build_memory_layout_seconds": 0.601096460595727, "backend_build_node_feature_layout_seconds": 0.6764519298449159, "backend_compact_fill_seconds": 0.16521942149847746, "backend_compact_index_edges": 42778349.25, "backend_compact_index_frontier_nodes": 10255074.0, "backend_compact_index_seconds": 2.919319309294224, "backend_compact_index_unique_edges": 9935818.0, "backend_compact_index_unique_nodes": 10255074.0, "backend_compact_root_seconds": 0.7122935717925429, "backend_compact_total_seconds": 3.954902664758265, "backend_convert_sampling_output_seconds": 0.7817049268633127, "backend_get_sampling_output_seconds": 4.934774308465421, "backend_materialize_create_seconds": 0.6158865736797452, "backend_materialize_move_seconds": 0.141034166328609, "backend_materialize_seconds": 0.7569207400083542, "backend_negative_attach_seconds": 0.6433601006865501, "backend_neighbor_sample_from_nodes_seconds": 2.236390477977693, "backend_patch_inputs_seconds": 0.8101884415373206, "backend_remap_dst_mismatch_count": 0.0, "backend_remap_src_mismatch_count": 0.0, "backend_root_remap_seconds": 0.09719926863908768, "backend_sampling_native_seconds": 7.967544740997255, "backend_sampling_request_seconds": 0.09309992380440235, "backend_sampling_seconds": 8.060580732300878, "backend_submit_edge_feature_seconds": 0.34610791504383087, "backend_submit_mailbox_seconds": 0.0, "backend_submit_memory_mailbox_seconds": 0.39225468318909407, "backend_submit_memory_seconds": 0.0, "backend_submit_node_feature_seconds": 0.7197631178423762, "backend_submit_reads_seconds": 1.4173524612560868, "backend_train_edge_filter_dropped_edges": 0.0, "backend_train_edge_filter_input_edges": 0.0, "backend_train_edge_filter_kept_edges": 0.0, "backend_wait_edge_feature_seconds": 0.08654855843633413, "backend_wait_mailbox_seconds": 0.0, "backend_wait_memory_mailbox_seconds": 0.13033162150532007, "backend_wait_memory_seconds": 0.0, "backend_wait_node_feature_seconds": 0.0776031631976366, "backend_wait_patch_seconds": 0.3512523854151368, "component_communication_seconds": 5.158827620558441, "component_sampling_seconds": 9.817133788950741, "component_training_seconds": 9.013890581205487, "component_unaccounted_seconds": 0.0, "loss": 0.6864733447572349, "mailbox_replica_index_build_wall_seconds": 0.0, "memory_commit_hook_build_wall_seconds": 2.3145228624343872e-05, "memory_replica_index_build_wall_seconds": 0.0, "seconds": 13.20944350771606, "stage_accounted_seconds": 10.455941165797412, "stage_backward_seconds": 2.4006888987496495, "stage_batch_wait_seconds": 3.4755195919424295, "stage_batches": 1688.0, "stage_encode_seconds": 3.3041495215147734, "stage_finalize_seconds": 9.983032941818237e-05, "stage_head_loss_seconds": 0.39820051193237305, "stage_mailbox_commit_row_fallback_count": 0.0, "stage_mailbox_commit_row_path_count": 176.0, "stage_memory_commit_build_seconds": 2.2949455296620727, "stage_memory_commit_mailbox_edge_select_seconds": 0.014906889759004116, "stage_memory_commit_replica_build_seconds": 0.0005459543317556381, "stage_memory_commit_row_fallback_count": 0.0, "stage_memory_commit_row_path_count": 598.0, "stage_memory_commit_seconds": 0.0016406653448939323, "stage_memory_commit_submit_seconds": 0.6221172660589218, "stage_memory_commit_wait_sync_seconds": 2.2582631949335337, "stage_metrics_seconds": 0.0, "stage_optimizer_all_reduce_seconds": 0.06375400070101023, "stage_optimizer_copyback_seconds": 0.2638610675930977, "stage_optimizer_flatten_seconds": 0.15330235566943884, "stage_optimizer_step_seconds": 1.0055670412257314, "stage_optimizer_steps": 422.0, "stage_optimizer_sync_seconds": 0.480573620647192, "stage_sync_backward_seconds": 0.00017449818551540375, "stage_sync_batch_wait_seconds": 0.00023901090025901794, "stage_sync_encode_seconds": 0.0003050547093153, "stage_sync_epoch_tail_seconds": 1.5087425708770752e-07, "stage_sync_finalize_seconds": 3.25031578540802e-07, "stage_sync_head_loss_seconds": 0.000276343896985054, "stage_sync_memory_commit_seconds": 0.0002718959003686905, "stage_sync_metrics_seconds": 0.0, "stage_sync_optimizer_step_seconds": 0.00023793429136276245, "stage_unaccounted_seconds": 3.0672545172274113, "stage_wall_seconds": 13.20944350771606, "train_epoch_call_wall_seconds": 13.209799739532173, "train_metrics_reduce_wall_seconds": 0.007262079976499081}, "val": {"ap": 0.9760796146680439, "auc": 0.9743265314030071, "loss": 0.4926872610707175}}
{"epoch": 49, "rank": 0, "test": {"ap": 0.9770375877200108, "auc": 0.9765266826896708, "loss": 0.4903468224643306}, "timing": {"epoch_wall_seconds": 18.431031144224107, "other_wall_seconds": 0.008107217028737068, "test_wall_seconds": 2.6735585341230035, "train_call_wall_seconds": 13.202667932026088, "train_metrics_reduce_wall_seconds": 0.0069973161444067955, "train_reported_seconds": 13.202443439513445, "train_wrapper_gap_seconds": 0.00022449251264333725, "val_wall_seconds": 2.5466974610462785}, "train": {"backend_batch_build_seconds": 1.1863559996709228, "backend_batches": 1688.0, "backend_build_edge_feature_layout_seconds": 0.006646318361163139, "backend_build_mailbox_layout_seconds": 0.0026909569278359413, "backend_build_memory_layout_seconds": 0.5950170326977968, "backend_build_node_feature_layout_seconds": 0.6549896206706762, "backend_compact_fill_seconds": 0.16653121169656515, "backend_compact_index_edges": 42778894.5, "backend_compact_index_frontier_nodes": 10255719.0, "backend_compact_index_seconds": 2.895438013598323, "backend_compact_index_unique_edges": 9937009.75, "backend_compact_index_unique_nodes": 10255719.0, "backend_compact_root_seconds": 0.7165574906393886, "backend_compact_total_seconds": 3.9150664741173387, "backend_convert_sampling_output_seconds": 0.7842978006228805, "backend_get_sampling_output_seconds": 4.898806557059288, "backend_materialize_create_seconds": 0.6153705874457955, "backend_materialize_move_seconds": 0.13642148301005363, "backend_materialize_seconds": 0.7480662893503904, "backend_negative_attach_seconds": 0.6657879510894418, "backend_neighbor_sample_from_nodes_seconds": 2.197182811796665, "backend_patch_inputs_seconds": 0.8095957422628999, "backend_remap_dst_mismatch_count": 0.0, "backend_remap_src_mismatch_count": 0.0, "backend_root_remap_seconds": 0.09411471709609032, "backend_sampling_native_seconds": 7.867283558472991, "backend_sampling_request_seconds": 0.10485915746539831, "backend_sampling_seconds": 7.956860524602234, "backend_submit_edge_feature_seconds": 0.36344068963080645, "backend_submit_mailbox_seconds": 0.0, "backend_submit_memory_mailbox_seconds": 0.3637240333482623, "backend_submit_memory_seconds": 0.0, "backend_submit_node_feature_seconds": 0.7120980434119701, "backend_submit_reads_seconds": 1.4208285938948393, "backend_train_edge_filter_dropped_edges": 0.0, "backend_train_edge_filter_input_edges": 0.0, "backend_train_edge_filter_kept_edges": 0.0, "backend_wait_edge_feature_seconds": 0.08423704467713833, "backend_wait_mailbox_seconds": 0.0, "backend_wait_memory_mailbox_seconds": 0.13125869911164045, "backend_wait_memory_seconds": 0.0, "backend_wait_node_feature_seconds": 0.07881877943873405, "backend_wait_patch_seconds": 0.3528685597702861, "component_communication_seconds": 5.173770632594824, "component_sampling_seconds": 9.760232644155622, "component_training_seconds": 9.025045618414879, "component_unaccounted_seconds": 0.0, "loss": 0.6858098125923867, "mailbox_replica_index_build_wall_seconds": 0.0, "memory_commit_hook_build_wall_seconds": 2.425163984298706e-05, "memory_replica_index_build_wall_seconds": 0.0, "seconds": 13.202443439513445, "stage_accounted_seconds": 10.420791568234563, "stage_backward_seconds": 2.385195524431765, "stage_batch_wait_seconds": 3.4528715321794152, "stage_batches": 1688.0, "stage_encode_seconds": 3.294923116452992, "stage_finalize_seconds": 9.294692426919937e-05, "stage_head_loss_seconds": 0.3980702729895711, "stage_mailbox_commit_row_fallback_count": 0.0, "stage_mailbox_commit_row_path_count": 176.0, "stage_memory_commit_build_seconds": 2.318344671279192, "stage_memory_commit_mailbox_edge_select_seconds": 0.01778437290340662, "stage_memory_commit_replica_build_seconds": 0.0005489150062203407, "stage_memory_commit_row_fallback_count": 0.0, "stage_memory_commit_row_path_count": 598.0, "stage_memory_commit_seconds": 0.0016290349885821342, "stage_memory_commit_submit_seconds": 0.622311394661665, "stage_memory_commit_wait_sync_seconds": 2.2815449284389615, "stage_metrics_seconds": 0.0, "stage_optimizer_all_reduce_seconds": 0.06290602497756481, "stage_optimizer_copyback_seconds": 0.2694018529728055, "stage_optimizer_flatten_seconds": 0.1655362918972969, "stage_optimizer_step_seconds": 1.0252690222114325, "stage_optimizer_steps": 422.0, "stage_optimizer_sync_seconds": 0.5028945738449693, "stage_sync_backward_seconds": 0.00017769262194633484, "stage_sync_batch_wait_seconds": 0.00024289730936288834, "stage_sync_encode_seconds": 0.00031913165003061295, "stage_sync_epoch_tail_seconds": 1.862645149230957e-07, "stage_sync_finalize_seconds": 2.868473529815674e-07, "stage_sync_head_loss_seconds": 0.0002824394032359123, "stage_sync_memory_commit_seconds": 0.0002763429656624794, "stage_sync_metrics_seconds": 0.0, "stage_sync_optimizer_step_seconds": 0.0002264631912112236, "stage_unaccounted_seconds": 3.0877860048785806, "stage_wall_seconds": 13.202443439513445, "train_epoch_call_wall_seconds": 13.202793459407985, "train_metrics_reduce_wall_seconds": 0.0069973161444067955}, "val": {"ap": 0.976335192800421, "auc": 0.9745971425803749, "loss": 0.48451845872808585}}
{"epochs": [{"epoch": 0, "test": {"ap": 0.9466320552482295, "auc": 0.9426628272986881, "loss": 0.7166299154473976}, "timing": {"epoch_wall_seconds": 21.1175953540951, "other_wall_seconds": 0.008180174045264721, "test_wall_seconds": 2.9707189751788974, "train_call_wall_seconds": 15.187407014891505, "train_metrics_reduce_wall_seconds": 0.007102447561919689, "train_reported_seconds": 15.55169811565429, "train_wrapper_gap_seconds": 0.0, "val_wall_seconds": 2.951289189979434}, "train": {"backend_batch_build_seconds": 4.435382962226868, "backend_batches": 1688.0, "backend_build_edge_feature_layout_seconds": 0.006797906942665577, "backend_build_mailbox_layout_seconds": 0.004472367465496063, "backend_build_memory_layout_seconds": 0.6864267131313682, "backend_build_node_feature_layout_seconds": 0.7406089063733816, "backend_compact_fill_seconds": 0.16312412917613983, "backend_compact_index_edges": 42778475.75, "backend_compact_index_frontier_nodes": 10255045.5, "backend_compact_index_seconds": 2.932996107265353, "backend_compact_index_unique_edges": 9936261.75, "backend_compact_index_unique_nodes": 10255045.5, "backend_compact_root_seconds": 0.7210495211184025, "backend_compact_total_seconds": 3.9744988130405545, "backend_convert_sampling_output_seconds": 0.7773489989340305, "backend_get_sampling_output_seconds": 4.971907760947943, "backend_materialize_create_seconds": 0.688607694581151, "backend_materialize_move_seconds": 0.18635667767375708, "backend_materialize_seconds": 0.8443009126931429, "backend_negative_attach_seconds": 0.9830849869176745, "backend_neighbor_sample_from_nodes_seconds": 2.594970536418259, "backend_patch_inputs_seconds": 0.8933213679119945, "backend_remap_dst_mismatch_count": 0.0, "backend_remap_src_mismatch_count": 0.0, "backend_root_remap_seconds": 0.09552308171987534, "backend_sampling_native_seconds": 8.330839704722166, "backend_sampling_request_seconds": 0.12764598429203033, "backend_sampling_seconds": 8.434500928968191, "backend_submit_edge_feature_seconds": 0.4487882945686579, "backend_submit_mailbox_seconds": 0.0, "backend_submit_memory_mailbox_seconds": 0.750466974452138, "backend_submit_memory_seconds": 0.0, "backend_submit_node_feature_seconds": 1.0557085433974862, "backend_submit_reads_seconds": 2.1522180661559105, "backend_train_edge_filter_dropped_edges": 0.0, "backend_train_edge_filter_input_edges": 0.0, "backend_train_edge_filter_kept_edges": 0.0, "backend_wait_edge_feature_seconds": 0.08613189868628979, "backend_wait_mailbox_seconds": 0.0, "backend_wait_memory_mailbox_seconds": 0.148741670884192, "backend_wait_memory_seconds": 0.0, "backend_wait_node_feature_seconds": 0.0936635797843337, "backend_wait_patch_seconds": 0.3752640597522259, "component_communication_seconds": 7.709630987606943, "component_sampling_seconds": 13.62252862751484, "component_training_seconds": 9.079114924184978, "component_unaccounted_seconds": 0.0, "loss": 1.1235950057046107, "mailbox_replica_index_build_wall_seconds": 0.0, "memory_commit_hook_build_wall_seconds": 2.6413239538669586e-05, "memory_replica_index_build_wall_seconds": 0.0, "seconds": 15.55169811565429, "stage_accounted_seconds": 10.303151325322688, "stage_backward_seconds": 1.5023481575772166, "stage_batch_wait_seconds": 4.363472008146346, "stage_batches": 1688.0, "stage_encode_seconds": 3.2292011147364974, "stage_finalize_seconds": 0.0001514032483100891, "stage_head_loss_seconds": 0.3686132961884141, "stage_mailbox_commit_row_fallback_count": 0.0, "stage_mailbox_commit_row_path_count": 0.0, "stage_memory_commit_build_seconds": 3.7746566608548164, "stage_memory_commit_mailbox_edge_select_seconds": 0.019446765072643757, "stage_memory_commit_replica_build_seconds": 0.0006658313795924187, "stage_memory_commit_row_fallback_count": 0.0, "stage_memory_commit_row_path_count": 422.0, "stage_memory_commit_seconds": 0.001640375703573227, "stage_memory_commit_submit_seconds": 1.05716706905514, "stage_memory_commit_wait_sync_seconds": 3.7340637631714344, "stage_metrics_seconds": 0.0, "stage_optimizer_all_reduce_seconds": 0.056795367039740086, "stage_optimizer_copyback_seconds": 0.249799276702106, "stage_optimizer_flatten_seconds": 0.1473418278619647, "stage_optimizer_step_seconds": 0.9705984136089683, "stage_optimizer_steps": 422.0, "stage_optimizer_sync_seconds": 0.46765061747282743, "stage_sync_backward_seconds": 0.00018752925097942352, "stage_sync_batch_wait_seconds": 0.00027571525424718857, "stage_sync_encode_seconds": 0.00033990107476711273, "stage_sync_epoch_tail_seconds": 1.4621764421463013e-07, "stage_sync_finalize_seconds": 3.25031578540802e-07, "stage_sync_head_loss_seconds": 0.00030377693474292755, "stage_sync_memory_commit_seconds": 0.0003130631521344185, "stage_sync_metrics_seconds": 0.0, "stage_sync_optimizer_step_seconds": 0.000254032202064991, "stage_unaccounted_seconds": 6.038744644261897, "stage_wall_seconds": 15.55169811565429, "train_epoch_call_wall_seconds": 15.552064348012209, "train_metrics_reduce_wall_seconds": 0.007102447561919689}, "val": {"ap": 0.9526518030559459, "auc": 0.9470107752130629, "loss": 0.6904401823200963}}, {"epoch": 1, "test": {"ap": 0.9565739394886141, "auc": 0.9533711742851261, "loss": 0.6598566530103034}, "timing": {"epoch_wall_seconds": 18.70947124157101, "other_wall_seconds": 0.008597592823207378, "test_wall_seconds": 2.8028362579643726, "train_call_wall_seconds": 13.319791166111827, "train_metrics_reduce_wall_seconds": 0.007113944739103317, "train_reported_seconds": 13.319598908536136, "train_wrapper_gap_seconds": 0.0001922575756907463, "val_wall_seconds": 2.5782462246716022}, "train": {"backend_batch_build_seconds": 1.5625949166715145, "backend_batches": 1688.0, "backend_build_edge_feature_layout_seconds": 0.007756449282169342, "backend_build_mailbox_layout_seconds": 0.003991561941802502, "backend_build_memory_layout_seconds": 0.6647921893745661, "backend_build_node_feature_layout_seconds": 0.7661654278635979, "backend_compact_fill_seconds": 0.16518348641693592, "backend_compact_index_edges": 42781723.25, "backend_compact_index_frontier_nodes": 10258566.0, "backend_compact_index_seconds": 2.974564758129418, "backend_compact_index_unique_edges": 9939692.75, "backend_compact_index_unique_nodes": 10258566.0, "backend_compact_root_seconds": 0.7158948900178075, "backend_compact_total_seconds": 4.023316890001297, "backend_convert_sampling_output_seconds": 0.7863310426473618, "backend_get_sampling_output_seconds": 4.9737178813666105, "backend_materialize_create_seconds": 0.5928602246567607, "backend_materialize_move_seconds": 0.16049928311258554, "backend_materialize_seconds": 0.7309536756947637, "backend_negative_attach_seconds": 0.7378695858642459, "backend_neighbor_sample_from_nodes_seconds": 2.25736088398844, "backend_patch_inputs_seconds": 0.8072647368535399, "backend_remap_dst_mismatch_count": 0.0, "backend_remap_src_mismatch_count": 0.0, "backend_root_remap_seconds": 0.09610041044652462, "backend_sampling_native_seconds": 7.991707033477724, "backend_sampling_request_seconds": 0.14775653835386038, "backend_sampling_seconds": 8.099488450214267, "backend_submit_edge_feature_seconds": 0.5222253166139126, "backend_submit_mailbox_seconds": 0.0, "backend_submit_memory_mailbox_seconds": 0.37441116012632847, "backend_submit_memory_seconds": 0.0, "backend_submit_node_feature_seconds": 0.673098212108016, "backend_submit_reads_seconds": 1.4722765758633614, "backend_train_edge_filter_dropped_edges": 0.0, "backend_train_edge_filter_input_edges": 0.0, "backend_train_edge_filter_kept_edges": 0.0, "backend_wait_edge_feature_seconds": 0.08581090159714222, "backend_wait_mailbox_seconds": 0.0, "backend_wait_memory_mailbox_seconds": 0.18193593714386225, "backend_wait_memory_seconds": 0.0, "backend_wait_node_feature_seconds": 0.08611303009092808, "backend_wait_patch_seconds": 0.3379170596599579, "component_communication_seconds": 5.213977987878025, "component_sampling_seconds": 10.142940315417945, "component_training_seconds": 8.985353809781373, "component_unaccounted_seconds": 0.0, "loss": 0.9251263705369137, "mailbox_replica_index_build_wall_seconds": 0.0, "memory_commit_hook_build_wall_seconds": 2.397969365119934e-05, "memory_replica_index_build_wall_seconds": 0.0, "seconds": 13.319598908536136, "stage_accounted_seconds": 10.411273271776736, "stage_backward_seconds": 2.224622715264559, "stage_batch_wait_seconds": 3.6360939033329487, "stage_batches": 1688.0, "stage_encode_seconds": 3.3025513170287013, "stage_finalize_seconds": 0.00010654143989086151, "stage_head_loss_seconds": 0.3795960685238242, "stage_mailbox_commit_row_fallback_count": 0.0, "stage_mailbox_commit_row_path_count": 176.0, "stage_memory_commit_build_seconds": 2.3464072216302156, "stage_memory_commit_mailbox_edge_select_seconds": 0.014753522351384163, "stage_memory_commit_replica_build_seconds": 0.0006610080599784851, "stage_memory_commit_row_fallback_count": 0.0, "stage_memory_commit_row_path_count": 598.0, "stage_memory_commit_seconds": 0.0015895981341600418, "stage_memory_commit_submit_seconds": 0.6281218845397234, "stage_memory_commit_wait_sync_seconds": 2.3044989928603172, "stage_metrics_seconds": 0.0, "stage_optimizer_all_reduce_seconds": 0.0613380279392004, "stage_optimizer_copyback_seconds": 0.265884748660028, "stage_optimizer_flatten_seconds": 0.15123509615659714, "stage_optimizer_step_seconds": 1.0083110518753529, "stage_optimizer_steps": 422.0, "stage_optimizer_sync_seconds": 0.4936432223767042, "stage_sync_backward_seconds": 0.00017425231635570526, "stage_sync_batch_wait_seconds": 0.00024587102234363556, "stage_sync_encode_seconds": 0.0003285389393568039, "stage_sync_epoch_tail_seconds": 1.7695128917694092e-07, "stage_sync_finalize_seconds": 2.654269337654114e-07, "stage_sync_head_loss_seconds": 0.0002862280234694481, "stage_sync_memory_commit_seconds": 0.0002850610762834549, "stage_sync_metrics_seconds": 0.0, "stage_sync_optimizer_step_seconds": 0.00022863782942295074, "stage_unaccounted_seconds": 3.0995573457330465, "stage_wall_seconds": 13.319598908536136, "train_epoch_call_wall_seconds": 13.319980191998184, "train_metrics_reduce_wall_seconds": 0.007113944739103317}, "val": {"ap": 0.9596128256118082, "auc": 0.9548808722675814, "loss": 0.6389200813560323}}, {"epoch": 2, "test": {"ap": 0.9632824662389565, "auc": 0.9614802723358629, "loss": 0.615532554008744}, "timing": {"epoch_wall_seconds": 18.59756134543568, "other_wall_seconds": 0.01037196908146143, "test_wall_seconds": 2.670192027464509, "train_call_wall_seconds": 13.372954805381596, "train_metrics_reduce_wall_seconds": 0.0069406041875481606, "train_reported_seconds": 13.372753539122641, "train_wrapper_gap_seconds": 0.00020126625895500183, "val_wall_seconds": 2.5440425435081124}, "train": {"backend_batch_build_seconds": 1.521089168265462, "backend_batches": 1688.0, "backend_build_edge_feature_layout_seconds": 0.006815807893872261, "backend_build_mailbox_layout_seconds": 0.002770204097032547, "backend_build_memory_layout_seconds": 0.6036274870857596, "backend_build_node_feature_layout_seconds": 0.6837715953588486, "backend_compact_fill_seconds": 0.1684835134074092, "backend_compact_index_edges": 42781533.5, "backend_compact_index_frontier_nodes": 10257648.0, "backend_compact_index_seconds": 2.942123201675713, "backend_compact_index_unique_edges": 9938844.75, "backend_compact_index_unique_nodes": 10257648.0, "backend_compact_root_seconds": 0.7247963408008218, "backend_compact_total_seconds": 3.990811975672841, "backend_convert_sampling_output_seconds": 0.7869988428428769, "backend_get_sampling_output_seconds": 4.983665400184691, "backend_materialize_create_seconds": 0.6761756120249629, "backend_materialize_move_seconds": 0.15107085835188627, "backend_materialize_seconds": 0.8272464703768492, "backend_negative_attach_seconds": 0.8433674154803157, "backend_neighbor_sample_from_nodes_seconds": 2.2618221044540405, "backend_patch_inputs_seconds": 0.8124038446694613, "backend_remap_dst_mismatch_count": 0.0, "backend_remap_src_mismatch_count": 0.0, "backend_root_remap_seconds": 0.09824252407997847, "backend_sampling_native_seconds": 8.051506099291146, "backend_sampling_request_seconds": 0.11853778082877398, "backend_sampling_seconds": 8.142950705252588, "backend_submit_edge_feature_seconds": 0.4316610526293516, "backend_submit_mailbox_seconds": 0.0, "backend_submit_memory_mailbox_seconds": 0.37918590009212494, "backend_submit_memory_seconds": 0.0, "backend_submit_node_feature_seconds": 0.7929584188386798, "backend_submit_reads_seconds": 1.5923578934744, "backend_train_edge_filter_dropped_edges": 0.0, "backend_train_edge_filter_input_edges": 0.0, "backend_train_edge_filter_kept_edges": 0.0, "backend_wait_edge_feature_seconds": 0.08319513779133558, "backend_wait_mailbox_seconds": 0.0, "backend_wait_memory_mailbox_seconds": 0.14061726815998554, "backend_wait_memory_seconds": 0.0, "backend_wait_node_feature_seconds": 0.0790110556408763, "backend_wait_patch_seconds": 0.36729181464761496, "component_communication_seconds": 5.281835618428886, "component_sampling_seconds": 10.507407288998365, "component_training_seconds": 8.988483908586204, "component_unaccounted_seconds": 0.0, "loss": 0.8595933286358395, "mailbox_replica_index_build_wall_seconds": 0.0, "memory_commit_hook_build_wall_seconds": 3.0462630093097687e-05, "memory_replica_index_build_wall_seconds": 0.0, "seconds": 13.372753539122641, "stage_accounted_seconds": 10.458060998469591, "stage_backward_seconds": 2.2647938448935747, "stage_batch_wait_seconds": 3.6571518471464515, "stage_batches": 1688.0, "stage_encode_seconds": 3.2672748332843184, "stage_finalize_seconds": 0.00011033378541469574, "stage_head_loss_seconds": 0.3798599364235997, "stage_mailbox_commit_row_fallback_count": 0.0, "stage_mailbox_commit_row_path_count": 176.0, "stage_memory_commit_build_seconds": 2.3175441762432456, "stage_memory_commit_mailbox_edge_select_seconds": 0.015380952507257462, "stage_memory_commit_replica_build_seconds": 0.0005359631031751633, "stage_memory_commit_row_fallback_count": 0.0, "stage_memory_commit_row_path_count": 598.0, "stage_memory_commit_seconds": 0.001622767187654972, "stage_memory_commit_submit_seconds": 0.6482670987024903, "stage_memory_commit_wait_sync_seconds": 2.2801459077745676, "stage_metrics_seconds": 0.0, "stage_optimizer_all_reduce_seconds": 0.06589562259614468, "stage_optimizer_copyback_seconds": 0.25408228393644094, "stage_optimizer_flatten_seconds": 0.16127608064562082, "stage_optimizer_step_seconds": 1.0208729058504105, "stage_optimizer_steps": 422.0, "stage_optimizer_sync_seconds": 0.48133128974586725, "stage_sync_backward_seconds": 0.00017093587666749954, "stage_sync_batch_wait_seconds": 0.00024676136672496796, "stage_sync_encode_seconds": 0.0003197295591235161, "stage_sync_epoch_tail_seconds": 1.7508864402770996e-07, "stage_sync_finalize_seconds": 2.9709190130233765e-07, "stage_sync_head_loss_seconds": 0.00027545634657144547, "stage_sync_memory_commit_seconds": 0.00027437787503004074, "stage_sync_metrics_seconds": 0.0, "stage_sync_optimizer_step_seconds": 0.00022391881793737411, "stage_unaccounted_seconds": 3.121500141918659, "stage_wall_seconds": 13.372753539122641, "train_epoch_call_wall_seconds": 13.373123141936958, "train_metrics_reduce_wall_seconds": 0.0069406041875481606}, "val": {"ap": 0.9646488775761398, "auc": 0.9611897406988239, "loss": 0.6053088537671348}}, {"epoch": 3, "test": {"ap": 0.9672161238976059, "auc": 0.9659013445641644, "loss": 0.5637875024059956}, "timing": {"epoch_wall_seconds": 18.477341038174927, "other_wall_seconds": 0.007901987060904503, "test_wall_seconds": 2.6741764610633254, "train_call_wall_seconds": 13.268624044023454, "train_metrics_reduce_wall_seconds": 0.0069229984655976295, "train_reported_seconds": 13.26836605090648, "train_wrapper_gap_seconds": 0.00025799311697483063, "val_wall_seconds": 2.526638546027243}, "train": {"backend_batch_build_seconds": 1.3704344583675265, "backend_batches": 1688.0, "backend_build_edge_feature_layout_seconds": 0.007862526923418045, "backend_build_mailbox_layout_seconds": 0.003161507658660412, "backend_build_memory_layout_seconds": 0.6174246231094003, "backend_build_node_feature_layout_seconds": 0.7381558194756508, "backend_compact_fill_seconds": 0.1616143099963665, "backend_compact_index_edges": 42783846.25, "backend_compact_index_frontier_nodes": 10260930.75, "backend_compact_index_seconds": 2.911919392645359, "backend_compact_index_unique_edges": 9942107.5, "backend_compact_index_unique_nodes": 10260930.75, "backend_compact_root_seconds": 0.726698643527925, "backend_compact_total_seconds": 3.9628787813708186, "backend_convert_sampling_output_seconds": 0.7809924008324742, "backend_get_sampling_output_seconds": 4.903500366024673, "backend_materialize_create_seconds": 0.6091375490650535, "backend_materialize_move_seconds": 0.13795545976608992, "backend_materialize_seconds": 0.7440326204523444, "backend_negative_attach_seconds": 0.7061504628509283, "backend_neighbor_sample_from_nodes_seconds": 2.191877090372145, "backend_patch_inputs_seconds": 0.803207254037261, "backend_remap_dst_mismatch_count": 0.0, "backend_remap_src_mismatch_count": 0.0, "backend_root_remap_seconds": 0.0933677377179265, "backend_sampling_native_seconds": 7.8740278063341975, "backend_sampling_request_seconds": 0.1074973251670599, "backend_sampling_seconds": 7.982481311075389, "backend_submit_edge_feature_seconds": 0.43128013890236616, "backend_submit_mailbox_seconds": 0.0, "backend_submit_memory_mailbox_seconds": 0.36240155529230833, "backend_submit_memory_seconds": 0.0, "backend_submit_node_feature_seconds": 0.6892787953838706, "backend_submit_reads_seconds": 1.465691776946187, "backend_train_edge_filter_dropped_edges": 0.0, "backend_train_edge_filter_input_edges": 0.0, "backend_train_edge_filter_kept_edges": 0.0, "backend_wait_edge_feature_seconds": 0.08632583823055029, "backend_wait_mailbox_seconds": 0.0, "backend_wait_memory_mailbox_seconds": 0.14353395905345678, "backend_wait_memory_seconds": 0.0, "backend_wait_node_feature_seconds": 0.08093099296092987, "backend_wait_patch_seconds": 0.34285880997776985, "component_communication_seconds": 5.258714806288481, "component_sampling_seconds": 9.905122031457722, "component_training_seconds": 8.983095586299896, "component_unaccounted_seconds": 0.0, "loss": 0.8110376923075784, "mailbox_replica_index_build_wall_seconds": 0.0, "memory_commit_hook_build_wall_seconds": 2.9958784580230713e-05, "memory_replica_index_build_wall_seconds": 0.0, "seconds": 13.26836605090648, "stage_accounted_seconds": 10.345122555270791, "stage_backward_seconds": 2.204021598212421, "stage_batch_wait_seconds": 3.556384440511465, "stage_batches": 1688.0, "stage_encode_seconds": 3.2817566487938166, "stage_finalize_seconds": 0.0001186830922961235, "stage_head_loss_seconds": 0.37510733027011156, "stage_mailbox_commit_row_fallback_count": 0.0, "stage_mailbox_commit_row_path_count": 176.0, "stage_memory_commit_build_seconds": 2.3448902489617467, "stage_memory_commit_mailbox_edge_select_seconds": 0.014734025113284588, "stage_memory_commit_replica_build_seconds": 0.000539509579539299, "stage_memory_commit_row_fallback_count": 0.0, "stage_memory_commit_row_path_count": 598.0, "stage_memory_commit_seconds": 0.0016419626772403717, "stage_memory_commit_submit_seconds": 0.6255932720378041, "stage_memory_commit_wait_sync_seconds": 2.307607834227383, "stage_metrics_seconds": 0.0, "stage_optimizer_all_reduce_seconds": 0.06426526699215174, "stage_optimizer_copyback_seconds": 0.26838772743940353, "stage_optimizer_flatten_seconds": 0.17396319936960936, "stage_optimizer_step_seconds": 1.010794522240758, "stage_optimizer_steps": 422.0, "stage_optimizer_sync_seconds": 0.4983155243098736, "stage_sync_backward_seconds": 0.0001618778333067894, "stage_sync_batch_wait_seconds": 0.0002422509714961052, "stage_sync_encode_seconds": 0.0003089066594839096, "stage_sync_epoch_tail_seconds": 1.6670674085617065e-07, "stage_sync_finalize_seconds": 2.915039658546448e-07, "stage_sync_head_loss_seconds": 0.0002629505470395088, "stage_sync_memory_commit_seconds": 0.00027434341609477997, "stage_sync_metrics_seconds": 0.0, "stage_sync_optimizer_step_seconds": 0.00022309180349111557, "stage_unaccounted_seconds": 3.12033124640584, "stage_wall_seconds": 13.26836605090648, "train_epoch_call_wall_seconds": 13.268746316432953, "train_metrics_reduce_wall_seconds": 0.0069229984655976295}, "val": {"ap": 0.9683062161818686, "auc": 0.9654039249081061, "loss": 0.5559710311618717}}, {"epoch": 4, "test": {"ap": 0.9689981884392525, "auc": 0.9676802731922592, "loss": 0.5532399493015625}, "timing": {"epoch_wall_seconds": 18.373397530056536, "other_wall_seconds": 0.007898606359958649, "test_wall_seconds": 2.6676565166562796, "train_call_wall_seconds": 13.150770861655474, "train_metrics_reduce_wall_seconds": 0.006938355974853039, "train_reported_seconds": 13.150555022992194, "train_wrapper_gap_seconds": 0.00021583866328001022, "val_wall_seconds": 2.5470715453848243}, "train": {"backend_batch_build_seconds": 1.2608061218634248, "backend_batches": 1688.0, "backend_build_edge_feature_layout_seconds": 0.004696948453783989, "backend_build_mailbox_layout_seconds": 0.0027229320257902145, "backend_build_memory_layout_seconds": 0.5238776681944728, "backend_build_node_feature_layout_seconds": 0.6119018401950598, "backend_compact_fill_seconds": 0.16168359573930502, "backend_compact_index_edges": 42780777.25, "backend_compact_index_frontier_nodes": 10258416.25, "backend_compact_index_seconds": 2.893351203761995, "backend_compact_index_unique_edges": 9939564.0, "backend_compact_index_unique_nodes": 10258416.25, "backend_compact_root_seconds": 0.719908757135272, "backend_compact_total_seconds": 3.931995435617864, "backend_convert_sampling_output_seconds": 0.7772774994373322, "backend_get_sampling_output_seconds": 4.875661585479975, "backend_materialize_create_seconds": 0.5900952871888876, "backend_materialize_move_seconds": 0.13767090439796448, "backend_materialize_seconds": 0.7201099321246147, "backend_negative_attach_seconds": 0.6805676026269794, "backend_neighbor_sample_from_nodes_seconds": 2.2011972442269325, "backend_patch_inputs_seconds": 0.7912356676533818, "backend_remap_dst_mismatch_count": 0.0, "backend_remap_src_mismatch_count": 0.0, "backend_root_remap_seconds": 0.09447658341377974, "backend_sampling_native_seconds": 7.852009154856205, "backend_sampling_request_seconds": 0.10161287430673838, "backend_sampling_seconds": 7.9467494180426, "backend_submit_edge_feature_seconds": 0.39620667323470116, "backend_submit_mailbox_seconds": 0.0, "backend_submit_memory_mailbox_seconds": 0.3622476775199175, "backend_submit_memory_seconds": 0.0, "backend_submit_node_feature_seconds": 0.6716203466057777, "backend_submit_reads_seconds": 1.4026167709380388, "backend_train_edge_filter_dropped_edges": 0.0, "backend_train_edge_filter_input_edges": 0.0, "backend_train_edge_filter_kept_edges": 0.0, "backend_wait_edge_feature_seconds": 0.08361369837075472, "backend_wait_mailbox_seconds": 0.0, "backend_wait_memory_mailbox_seconds": 0.1344556650146842, "backend_wait_memory_seconds": 0.0, "backend_wait_node_feature_seconds": 0.07846826780587435, "backend_wait_patch_seconds": 0.3367476724088192, "component_communication_seconds": 5.0696552991867065, "component_sampling_seconds": 9.82601249217987, "component_training_seconds": 8.956351896747947, "component_unaccounted_seconds": 0.0, "loss": 0.7882898637927821, "mailbox_replica_index_build_wall_seconds": 0.0, "memory_commit_hook_build_wall_seconds": 2.250541001558304e-05, "memory_replica_index_build_wall_seconds": 0.0, "seconds": 13.150555022992194, "stage_accounted_seconds": 10.261560766026378, "stage_backward_seconds": 2.282213198952377, "stage_batch_wait_seconds": 3.449647990986705, "stage_batches": 1688.0, "stage_encode_seconds": 3.2792430529370904, "stage_finalize_seconds": 0.00017476361244916916, "stage_head_loss_seconds": 0.37759400717914104, "stage_mailbox_commit_row_fallback_count": 0.0, "stage_mailbox_commit_row_path_count": 176.0, "stage_memory_commit_build_seconds": 2.232005319558084, "stage_memory_commit_mailbox_edge_select_seconds": 0.015456125140190125, "stage_memory_commit_replica_build_seconds": 0.0005348129197955132, "stage_memory_commit_row_fallback_count": 0.0, "stage_memory_commit_row_path_count": 598.0, "stage_memory_commit_seconds": 0.0016521979123353958, "stage_memory_commit_submit_seconds": 0.6216383678838611, "stage_memory_commit_wait_sync_seconds": 2.1939100110903382, "stage_metrics_seconds": 0.0, "stage_optimizer_all_reduce_seconds": 0.0647067278623581, "stage_optimizer_copyback_seconds": 0.2625747434794903, "stage_optimizer_flatten_seconds": 0.15392031986266375, "stage_optimizer_step_seconds": 1.0271633444353938, "stage_optimizer_steps": 422.0, "stage_optimizer_sync_seconds": 0.4879745990037918, "stage_sync_backward_seconds": 0.00016782619059085846, "stage_sync_batch_wait_seconds": 0.00023312121629714966, "stage_sync_encode_seconds": 0.0003077555447816849, "stage_sync_epoch_tail_seconds": 1.778826117515564e-07, "stage_sync_finalize_seconds": 2.9243528842926025e-07, "stage_sync_head_loss_seconds": 0.0002741347998380661, "stage_sync_memory_commit_seconds": 0.00027314014732837677, "stage_sync_metrics_seconds": 0.0, "stage_sync_optimizer_step_seconds": 0.00021978840231895447, "stage_unaccounted_seconds": 3.0012165317311883, "stage_wall_seconds": 13.150555022992194, "train_epoch_call_wall_seconds": 13.150986834429204, "train_metrics_reduce_wall_seconds": 0.006938355974853039}, "val": {"ap": 0.9692000022229847, "auc": 0.9663159029407136, "loss": 0.5498362551866607}}, {"epoch": 5, "test": {"ap": 0.9697031836861246, "auc": 0.9687161810347706, "loss": 0.5391563205048442}, "timing": {"epoch_wall_seconds": 18.441600809805095, "other_wall_seconds": 0.00799053069204092, "test_wall_seconds": 2.689554654993117, "train_call_wall_seconds": 13.218137620948255, "train_metrics_reduce_wall_seconds": 0.0070288581773638725, "train_reported_seconds": 13.217932434752584, "train_wrapper_gap_seconds": 0.00020518619567155838, "val_wall_seconds": 2.5259180031716824}, "train": {"backend_batch_build_seconds": 1.3386400155723095, "backend_batches": 1688.0, "backend_build_edge_feature_layout_seconds": 0.00747715774923563, "backend_build_mailbox_layout_seconds": 0.0035943323746323586, "backend_build_memory_layout_seconds": 0.6595224011689425, "backend_build_node_feature_layout_seconds": 0.7650003684684634, "backend_compact_fill_seconds": 0.16264118067920208, "backend_compact_index_edges": 42781970.25, "backend_compact_index_frontier_nodes": 10258450.25, "backend_compact_index_seconds": 2.9667204916477203, "backend_compact_index_unique_edges": 9939482.25, "backend_compact_index_unique_nodes": 10258450.25, "backend_compact_root_seconds": 0.7240941291674972, "backend_compact_total_seconds": 4.0220972234383225, "backend_convert_sampling_output_seconds": 0.7804871033877134, "backend_get_sampling_output_seconds": 4.964268554002047, "backend_materialize_create_seconds": 0.5877211969345808, "backend_materialize_move_seconds": 0.13559254631400108, "backend_materialize_seconds": 0.718753146007657, "backend_negative_attach_seconds": 0.6874617608264089, "backend_neighbor_sample_from_nodes_seconds": 2.199364542029798, "backend_patch_inputs_seconds": 0.7941858610138297, "backend_remap_dst_mismatch_count": 0.0, "backend_remap_src_mismatch_count": 0.0, "backend_root_remap_seconds": 0.0963212437927723, "backend_sampling_native_seconds": 7.918556892313063, "backend_sampling_request_seconds": 0.11132654827088118, "backend_sampling_seconds": 8.03080346249044, "backend_submit_edge_feature_seconds": 0.4209874989464879, "backend_submit_mailbox_seconds": 0.0, "backend_submit_memory_mailbox_seconds": 0.3787376880645752, "backend_submit_memory_seconds": 0.0, "backend_submit_node_feature_seconds": 0.6739842444658279, "backend_submit_reads_seconds": 1.473843171261251, "backend_train_edge_filter_dropped_edges": 0.0, "backend_train_edge_filter_input_edges": 0.0, "backend_train_edge_filter_kept_edges": 0.0, "backend_wait_edge_feature_seconds": 0.08458786644041538, "backend_wait_mailbox_seconds": 0.0, "backend_wait_memory_mailbox_seconds": 0.1356874816119671, "backend_wait_memory_seconds": 0.0, "backend_wait_node_feature_seconds": 0.08573553524911404, "backend_wait_patch_seconds": 0.3306410890072584, "component_communication_seconds": 5.209812441840768, "component_sampling_seconds": 9.991376470774412, "component_training_seconds": 8.995775893330574, "component_unaccounted_seconds": 0.0, "loss": 0.7685079446053618, "mailbox_replica_index_build_wall_seconds": 0.0, "memory_commit_hook_build_wall_seconds": 2.3300759494304657e-05, "memory_replica_index_build_wall_seconds": 0.0, "seconds": 13.217932434752584, "stage_accounted_seconds": 10.285436326637864, "stage_backward_seconds": 2.2830364760011435, "stage_batch_wait_seconds": 3.5201614359393716, "stage_batches": 1688.0, "stage_encode_seconds": 3.2904194220900536, "stage_finalize_seconds": 0.00011131446808576584, "stage_head_loss_seconds": 0.3766596084460616, "stage_mailbox_commit_row_fallback_count": 0.0, "stage_mailbox_commit_row_path_count": 176.0, "stage_memory_commit_build_seconds": 2.3082912685349584, "stage_memory_commit_mailbox_edge_select_seconds": 0.015459048561751842, "stage_memory_commit_replica_build_seconds": 0.0005495501682162285, "stage_memory_commit_row_fallback_count": 0.0, "stage_memory_commit_row_path_count": 598.0, "stage_memory_commit_seconds": 0.0016501061618328094, "stage_memory_commit_submit_seconds": 0.6242693802341819, "stage_memory_commit_wait_sync_seconds": 2.2709596026688814, "stage_metrics_seconds": 0.0, "stage_optimizer_all_reduce_seconds": 0.06134193204343319, "stage_optimizer_copyback_seconds": 0.2837113309651613, "stage_optimizer_flatten_seconds": 0.1455932417884469, "stage_optimizer_step_seconds": 1.0125457607209682, "stage_optimizer_steps": 422.0, "stage_optimizer_sync_seconds": 0.500478888861835, "stage_sync_backward_seconds": 0.00016188062727451324, "stage_sync_batch_wait_seconds": 0.00024123303592205048, "stage_sync_encode_seconds": 0.0003262050449848175, "stage_sync_epoch_tail_seconds": 1.6391277313232422e-07, "stage_sync_finalize_seconds": 2.7567148208618164e-07, "stage_sync_head_loss_seconds": 0.000269436277449131, "stage_sync_memory_commit_seconds": 0.000278690829873085, "stage_sync_metrics_seconds": 0.0, "stage_sync_optimizer_step_seconds": 0.00022724736481904984, "stage_unaccounted_seconds": 3.064530871808529, "stage_wall_seconds": 13.217932434752584, "train_epoch_call_wall_seconds": 13.218312880024314, "train_metrics_reduce_wall_seconds": 0.0070288581773638725}, "val": {"ap": 0.9702904521635267, "auc": 0.9677764615028372, "loss": 0.5305225640874017}}, {"epoch": 6, "test": {"ap": 0.9713335067782477, "auc": 0.9703941378109837, "loss": 0.5415736173533581}, "timing": {"epoch_wall_seconds": 18.338053511455655, "other_wall_seconds": 0.009947791695594788, "test_wall_seconds": 2.6837968854233623, "train_call_wall_seconds": 13.114623947069049, "train_metrics_reduce_wall_seconds": 0.008986852131783962, "train_reported_seconds": 13.11443535424769, "train_wrapper_gap_seconds": 0.0001885928213596344, "val_wall_seconds": 2.529684887267649}, "train": {"backend_batch_build_seconds": 1.2142765270546079, "backend_batches": 1688.0, "backend_build_edge_feature_layout_seconds": 0.005032595247030258, "backend_build_mailbox_layout_seconds": 0.002544872462749481, "backend_build_memory_layout_seconds": 0.5245832093060017, "backend_build_node_feature_layout_seconds": 0.5958613622933626, "backend_compact_fill_seconds": 0.16113738622516394, "backend_compact_index_edges": 42779001.75, "backend_compact_index_frontier_nodes": 10256372.0, "backend_compact_index_seconds": 2.8941077357158065, "backend_compact_index_unique_edges": 9937374.25, "backend_compact_index_unique_nodes": 10256372.0, "backend_compact_root_seconds": 0.7236639885231853, "backend_compact_total_seconds": 3.9390526972711086, "backend_convert_sampling_output_seconds": 0.7781097115948796, "backend_get_sampling_output_seconds": 4.879727396182716, "backend_materialize_create_seconds": 0.6053975308313966, "backend_materialize_move_seconds": 0.13608626276254654, "backend_materialize_seconds": 0.73831916321069, "backend_negative_attach_seconds": 0.6877486538141966, "backend_neighbor_sample_from_nodes_seconds": 2.1695647593587637, "backend_patch_inputs_seconds": 0.7995463097468019, "backend_remap_dst_mismatch_count": 0.0, "backend_remap_src_mismatch_count": 0.0, "backend_root_remap_seconds": 0.09515821747481823, "backend_sampling_native_seconds": 7.838868641294539, "backend_sampling_request_seconds": 0.10784770734608173, "backend_sampling_seconds": 7.947656683623791, "backend_submit_edge_feature_seconds": 0.37900975067168474, "backend_submit_mailbox_seconds": 0.0, "backend_submit_memory_mailbox_seconds": 0.3631238052621484, "backend_submit_memory_seconds": 0.0, "backend_submit_node_feature_seconds": 0.6771870981901884, "backend_submit_reads_seconds": 1.399824288673699, "backend_train_edge_filter_dropped_edges": 0.0, "backend_train_edge_filter_input_edges": 0.0, "backend_train_edge_filter_kept_edges": 0.0, "backend_wait_edge_feature_seconds": 0.08312972355633974, "backend_wait_mailbox_seconds": 0.0, "backend_wait_memory_mailbox_seconds": 0.13311847392469645, "backend_wait_memory_seconds": 0.0, "backend_wait_node_feature_seconds": 0.07732743676751852, "backend_wait_patch_seconds": 0.3402905110269785, "component_communication_seconds": 5.014214774593711, "component_sampling_seconds": 9.726063999347389, "component_training_seconds": 8.946721977554262, "component_unaccounted_seconds": 0.0, "loss": 0.7579504167793487, "mailbox_replica_index_build_wall_seconds": 0.0, "memory_commit_hook_build_wall_seconds": 2.629682421684265e-05, "memory_replica_index_build_wall_seconds": 0.0, "seconds": 13.11443535424769, "stage_accounted_seconds": 10.220531845465302, "stage_backward_seconds": 2.256222179159522, "stage_batch_wait_seconds": 3.4327947134152055, "stage_batches": 1688.0, "stage_encode_seconds": 3.2742241844534874, "stage_finalize_seconds": 0.00010703504085540771, "stage_head_loss_seconds": 0.38090427964925766, "stage_mailbox_commit_row_fallback_count": 0.0, "stage_mailbox_commit_row_path_count": 176.0, "stage_memory_commit_build_seconds": 2.1955763017758727, "stage_memory_commit_mailbox_edge_select_seconds": 0.015436244197189808, "stage_memory_commit_replica_build_seconds": 0.0005388185381889343, "stage_memory_commit_row_fallback_count": 0.0, "stage_memory_commit_row_path_count": 598.0, "stage_memory_commit_seconds": 0.0016385717317461967, "stage_memory_commit_submit_seconds": 0.6193072702735662, "stage_memory_commit_wait_sync_seconds": 2.158158822916448, "stage_metrics_seconds": 0.0, "stage_optimizer_all_reduce_seconds": 0.06882691197097301, "stage_optimizer_copyback_seconds": 0.2736021652817726, "stage_optimizer_flatten_seconds": 0.1576140969991684, "stage_optimizer_step_seconds": 1.040356995537877, "stage_optimizer_steps": 422.0, "stage_optimizer_sync_seconds": 0.5090572303161025, "stage_sync_backward_seconds": 0.00016247760504484177, "stage_sync_batch_wait_seconds": 0.00023934990167617798, "stage_sync_encode_seconds": 0.0003182617947459221, "stage_sync_epoch_tail_seconds": 1.778826117515564e-07, "stage_sync_finalize_seconds": 2.896413207054138e-07, "stage_sync_head_loss_seconds": 0.000263419933617115, "stage_sync_memory_commit_seconds": 0.000272105447947979, "stage_sync_metrics_seconds": 0.0, "stage_sync_optimizer_step_seconds": 0.00021975114941596985, "stage_unaccounted_seconds": 2.9582684617489576, "stage_wall_seconds": 13.11443535424769, "train_epoch_call_wall_seconds": 13.114808464422822, "train_metrics_reduce_wall_seconds": 0.008986852131783962}, "val": {"ap": 0.9712362162837395, "auc": 0.96869951241183, "loss": 0.5369083767079494}}, {"epoch": 7, "test": {"ap": 0.9722580133516739, "auc": 0.9714016932934773, "loss": 0.5264133287763054}, "timing": {"epoch_wall_seconds": 18.324107190594077, "other_wall_seconds": 0.0093672601506114, "test_wall_seconds": 2.673726674169302, "train_call_wall_seconds": 13.124533087015152, "train_metrics_reduce_wall_seconds": 0.006822453811764717, "train_reported_seconds": 13.124281534925103, "train_wrapper_gap_seconds": 0.00025155209004879, "val_wall_seconds": 2.5164801692590117}, "train": {"backend_batch_build_seconds": 1.2557546673342586, "backend_batches": 1688.0, "backend_build_edge_feature_layout_seconds": 0.005024301819503307, "backend_build_mailbox_layout_seconds": 0.0027431175112724304, "backend_build_memory_layout_seconds": 0.5218910221010447, "backend_build_node_feature_layout_seconds": 0.6211589965969324, "backend_compact_fill_seconds": 0.16293972358107567, "backend_compact_index_edges": 42782484.75, "backend_compact_index_frontier_nodes": 10260131.75, "backend_compact_index_seconds": 2.8832838656380773, "backend_compact_index_unique_edges": 9941139.0, "backend_compact_index_unique_nodes": 10260131.75, "backend_compact_root_seconds": 0.716347741894424, "backend_compact_total_seconds": 3.917139873839915, "backend_convert_sampling_output_seconds": 0.7792280567809939, "backend_get_sampling_output_seconds": 4.860029109753668, "backend_materialize_create_seconds": 0.6139258118346334, "backend_materialize_move_seconds": 0.13672569394111633, "backend_materialize_seconds": 0.7473623296245933, "backend_negative_attach_seconds": 0.6393230017274618, "backend_neighbor_sample_from_nodes_seconds": 2.326233657076955, "backend_patch_inputs_seconds": 0.7983929673209786, "backend_remap_dst_mismatch_count": 0.0, "backend_remap_src_mismatch_count": 0.0, "backend_root_remap_seconds": 0.09788035787642002, "backend_sampling_native_seconds": 7.971465602517128, "backend_sampling_request_seconds": 0.10459159966558218, "backend_sampling_seconds": 8.07695279084146, "backend_submit_edge_feature_seconds": 0.36540585197508335, "backend_submit_mailbox_seconds": 0.0, "backend_submit_memory_mailbox_seconds": 0.3617294440045953, "backend_submit_memory_seconds": 0.0, "backend_submit_node_feature_seconds": 0.6745461681857705, "backend_submit_reads_seconds": 1.372670571319759, "backend_train_edge_filter_dropped_edges": 0.0, "backend_train_edge_filter_input_edges": 0.0, "backend_train_edge_filter_kept_edges": 0.0, "backend_wait_edge_feature_seconds": 0.08293754700571299, "backend_wait_mailbox_seconds": 0.0, "backend_wait_memory_mailbox_seconds": 0.13748943991959095, "backend_wait_memory_seconds": 0.0, "backend_wait_node_feature_seconds": 0.07716242037713528, "backend_wait_patch_seconds": 0.33845404535532, "component_communication_seconds": 5.0653833495453, "component_sampling_seconds": 9.805826283991337, "component_training_seconds": 8.946696528233588, "component_unaccounted_seconds": 0.0, "loss": 0.7464622979480507, "mailbox_replica_index_build_wall_seconds": 0.0, "memory_commit_hook_build_wall_seconds": 2.3584812879562378e-05, "memory_replica_index_build_wall_seconds": 0.0, "seconds": 13.124281534925103, "stage_accounted_seconds": 10.23601608350873, "stage_backward_seconds": 2.277287958189845, "stage_batch_wait_seconds": 3.4369835536926985, "stage_batches": 1688.0, "stage_encode_seconds": 3.2650838820263743, "stage_finalize_seconds": 0.0001359144225716591, "stage_head_loss_seconds": 0.3743263091892004, "stage_mailbox_commit_row_fallback_count": 0.0, "stage_mailbox_commit_row_path_count": 176.0, "stage_memory_commit_build_seconds": 2.2315006628632545, "stage_memory_commit_mailbox_edge_select_seconds": 0.015647387132048607, "stage_memory_commit_replica_build_seconds": 0.0005432507023215294, "stage_memory_commit_row_fallback_count": 0.0, "stage_memory_commit_row_path_count": 598.0, "stage_memory_commit_seconds": 0.0016605937853455544, "stage_memory_commit_submit_seconds": 0.6222558990120888, "stage_memory_commit_wait_sync_seconds": 2.1931568579748273, "stage_metrics_seconds": 0.0, "stage_optimizer_all_reduce_seconds": 0.06782915722578764, "stage_optimizer_copyback_seconds": 0.2667022868990898, "stage_optimizer_flatten_seconds": 0.15067648142576218, "stage_optimizer_step_seconds": 1.0199158294126391, "stage_optimizer_steps": 422.0, "stage_optimizer_sync_seconds": 0.48834371473640203, "stage_sync_backward_seconds": 0.00016458239406347275, "stage_sync_batch_wait_seconds": 0.0002404702827334404, "stage_sync_encode_seconds": 0.00031735561788082123, "stage_sync_epoch_tail_seconds": 1.4901161193847656e-07, "stage_sync_finalize_seconds": 3.026798367500305e-07, "stage_sync_head_loss_seconds": 0.0002640374004840851, "stage_sync_memory_commit_seconds": 0.00027875229716300964, "stage_sync_metrics_seconds": 0.0, "stage_sync_optimizer_step_seconds": 0.0002227630466222763, "stage_unaccounted_seconds": 2.9939329102635384, "stage_wall_seconds": 13.124281534925103, "train_epoch_call_wall_seconds": 13.124619824811816, "train_metrics_reduce_wall_seconds": 0.006822453811764717}, "val": {"ap": 0.9723663626249749, "auc": 0.9700189042956598, "loss": 0.5197994747114452}}, {"epoch": 8, "test": {"ap": 0.9731856622564105, "auc": 0.9724695469316043, "loss": 0.5128899688239802}, "timing": {"epoch_wall_seconds": 18.57744533661753, "other_wall_seconds": 0.00800357386469841, "test_wall_seconds": 2.675716239027679, "train_call_wall_seconds": 13.34110243152827, "train_metrics_reduce_wall_seconds": 0.007002297788858414, "train_reported_seconds": 13.340890086255968, "train_wrapper_gap_seconds": 0.00021234527230262756, "val_wall_seconds": 2.5526230921968818}, "train": {"backend_batch_build_seconds": 1.3283142112195492, "backend_batches": 1688.0, "backend_build_edge_feature_layout_seconds": 0.0071418071165680885, "backend_build_mailbox_layout_seconds": 0.003039693459868431, "backend_build_memory_layout_seconds": 0.6513398485258222, "backend_build_node_feature_layout_seconds": 0.782860828563571, "backend_compact_fill_seconds": 0.1627982910722494, "backend_compact_index_edges": 42782257.25, "backend_compact_index_frontier_nodes": 10260117.75, "backend_compact_index_seconds": 2.884259461425245, "backend_compact_index_unique_edges": 9941095.25, "backend_compact_index_unique_nodes": 10260117.75, "backend_compact_root_seconds": 0.7149732671678066, "backend_compact_total_seconds": 3.920405048877001, "backend_convert_sampling_output_seconds": 0.7798094665631652, "backend_get_sampling_output_seconds": 4.8828299371525645, "backend_materialize_create_seconds": 0.7359560485929251, "backend_materialize_move_seconds": 0.1601046919822693, "backend_materialize_seconds": 0.8960607405751944, "backend_negative_attach_seconds": 0.8857442978769541, "backend_neighbor_sample_from_nodes_seconds": 2.19414815120399, "backend_patch_inputs_seconds": 0.8360129073262215, "backend_remap_dst_mismatch_count": 0.0, "backend_remap_src_mismatch_count": 0.0, "backend_root_remap_seconds": 0.10139271803200245, "backend_sampling_native_seconds": 7.866220555268228, "backend_sampling_request_seconds": 0.11624743789434433, "backend_sampling_seconds": 7.9665448646992445, "backend_submit_edge_feature_seconds": 0.41278798319399357, "backend_submit_mailbox_seconds": 0.0, "backend_submit_memory_mailbox_seconds": 0.3675419054925442, "backend_submit_memory_seconds": 0.0, "backend_submit_node_feature_seconds": 0.8752720383927226, "backend_submit_reads_seconds": 1.62878389749676, "backend_train_edge_filter_dropped_edges": 0.0, "backend_train_edge_filter_input_edges": 0.0, "backend_train_edge_filter_kept_edges": 0.0, "backend_wait_edge_feature_seconds": 0.08336037490516901, "backend_wait_mailbox_seconds": 0.0, "backend_wait_memory_mailbox_seconds": 0.139053157530725, "backend_wait_memory_seconds": 0.0, "backend_wait_node_feature_seconds": 0.07309169415384531, "backend_wait_patch_seconds": 0.38600565399974585, "component_communication_seconds": 5.279577585868537, "component_sampling_seconds": 10.02302655018866, "component_training_seconds": 8.930666382424533, "component_unaccounted_seconds": 0.0, "loss": 0.7394926859622036, "mailbox_replica_index_build_wall_seconds": 0.0, "memory_commit_hook_build_wall_seconds": 2.1710991859436035e-05, "memory_replica_index_build_wall_seconds": 0.0, "seconds": 13.340890086255968, "stage_accounted_seconds": 10.495459316298366, "stage_backward_seconds": 2.2406254271045327, "stage_batch_wait_seconds": 3.6959612173959613, "stage_batches": 1688.0, "stage_encode_seconds": 3.264872470870614, "stage_finalize_seconds": 0.00011168327182531357, "stage_head_loss_seconds": 0.38195085152983665, "stage_mailbox_commit_row_fallback_count": 0.0, "stage_mailbox_commit_row_path_count": 176.0, "stage_memory_commit_build_seconds": 2.2243979070335627, "stage_memory_commit_mailbox_edge_select_seconds": 0.015154240652918816, "stage_memory_commit_replica_build_seconds": 0.0005386397242546082, "stage_memory_commit_row_fallback_count": 0.0, "stage_memory_commit_row_path_count": 598.0, "stage_memory_commit_seconds": 0.0016428623348474503, "stage_memory_commit_submit_seconds": 0.623952011577785, "stage_memory_commit_wait_sync_seconds": 2.186638337559998, "stage_metrics_seconds": 0.0, "stage_optimizer_all_reduce_seconds": 0.06825593765825033, "stage_optimizer_copyback_seconds": 0.27086582873016596, "stage_optimizer_flatten_seconds": 0.15909792017191648, "stage_optimizer_step_seconds": 1.0403899820521474, "stage_optimizer_steps": 422.0, "stage_optimizer_sync_seconds": 0.5084022423252463, "stage_sync_backward_seconds": 0.00016390439122915268, "stage_sync_batch_wait_seconds": 0.00024799443781375885, "stage_sync_encode_seconds": 0.0003137374296784401, "stage_sync_epoch_tail_seconds": 1.73225998878479e-07, "stage_sync_finalize_seconds": 3.1385570764541626e-07, "stage_sync_head_loss_seconds": 0.0002741292119026184, "stage_sync_memory_commit_seconds": 0.00026899296790361404, "stage_sync_metrics_seconds": 0.0, "stage_sync_optimizer_step_seconds": 0.00021948013454675674, "stage_unaccounted_seconds": 3.0007379008457065, "stage_wall_seconds": 13.340890086255968, "train_epoch_call_wall_seconds": 13.341272802092135, "train_metrics_reduce_wall_seconds": 0.007002297788858414}, "val": {"ap": 0.9732153246898505, "auc": 0.9709820773859353, "loss": 0.5102068902924657}}, {"epoch": 9, "test": {"ap": 0.9735027731692194, "auc": 0.9727178378383226, "loss": 0.5255968740887262}, "timing": {"epoch_wall_seconds": 18.41719522792846, "other_wall_seconds": 0.00794881023466587, "test_wall_seconds": 2.713090921752155, "train_call_wall_seconds": 13.144421366043389, "train_metrics_reduce_wall_seconds": 0.006898454390466213, "train_reported_seconds": 13.144189038313925, "train_wrapper_gap_seconds": 0.00023232772946357727, "val_wall_seconds": 2.55173412989825}, "train": {"backend_batch_build_seconds": 1.2168404450640082, "backend_batches": 1688.0, "backend_build_edge_feature_layout_seconds": 0.008283725939691067, "backend_build_mailbox_layout_seconds": 0.0026985472068190575, "backend_build_memory_layout_seconds": 0.589942280203104, "backend_build_node_feature_layout_seconds": 0.6313978405669332, "backend_compact_fill_seconds": 0.1667304653674364, "backend_compact_index_edges": 42783486.75, "backend_compact_index_frontier_nodes": 10259533.5, "backend_compact_index_seconds": 2.9065967286005616, "backend_compact_index_unique_edges": 9940653.5, "backend_compact_index_unique_nodes": 10259533.5, "backend_compact_root_seconds": 0.7209947537630796, "backend_compact_total_seconds": 3.94087737146765, "backend_convert_sampling_output_seconds": 0.7804285818710923, "backend_get_sampling_output_seconds": 4.91638767439872, "backend_materialize_create_seconds": 0.6189139289781451, "backend_materialize_move_seconds": 0.1386405322700739, "backend_materialize_seconds": 0.75187021587044, "backend_negative_attach_seconds": 0.7394750798121095, "backend_neighbor_sample_from_nodes_seconds": 2.200773872435093, "backend_patch_inputs_seconds": 0.804510086774826, "backend_remap_dst_mismatch_count": 0.0, "backend_remap_src_mismatch_count": 0.0, "backend_root_remap_seconds": 0.09504242055118084, "backend_sampling_native_seconds": 7.912587379105389, "backend_sampling_request_seconds": 0.10270488634705544, "backend_sampling_seconds": 7.994522696360946, "backend_submit_edge_feature_seconds": 0.36647897213697433, "backend_submit_mailbox_seconds": 0.0, "backend_submit_memory_mailbox_seconds": 0.3531269123777747, "backend_submit_memory_seconds": 0.0, "backend_submit_node_feature_seconds": 0.7197674652561545, "backend_submit_reads_seconds": 1.409168186597526, "backend_train_edge_filter_dropped_edges": 0.0, "backend_train_edge_filter_input_edges": 0.0, "backend_train_edge_filter_kept_edges": 0.0, "backend_wait_edge_feature_seconds": 0.08278078399598598, "backend_wait_mailbox_seconds": 0.0, "backend_wait_memory_mailbox_seconds": 0.13303567841649055, "backend_wait_memory_seconds": 0.0, "backend_wait_node_feature_seconds": 0.07406643964350224, "backend_wait_patch_seconds": 0.3520193537697196, "component_communication_seconds": 5.050291538238525, "component_sampling_seconds": 9.950838221237063, "component_training_seconds": 8.974648565985262, "component_unaccounted_seconds": 0.0, "loss": 0.7362219902435185, "mailbox_replica_index_build_wall_seconds": 0.0, "memory_commit_hook_build_wall_seconds": 2.653989940881729e-05, "memory_replica_index_build_wall_seconds": 0.0, "seconds": 13.144189038313925, "stage_accounted_seconds": 10.252739544026554, "stage_backward_seconds": 2.2819694131612778, "stage_batch_wait_seconds": 3.4623992955312133, "stage_batches": 1688.0, "stage_encode_seconds": 3.270242027938366, "stage_finalize_seconds": 9.862706065177917e-05, "stage_head_loss_seconds": 0.384231879375875, "stage_mailbox_commit_row_fallback_count": 0.0, "stage_mailbox_commit_row_path_count": 176.0, "stage_memory_commit_build_seconds": 2.246789241209626, "stage_memory_commit_mailbox_edge_select_seconds": 0.016368563286960125, "stage_memory_commit_replica_build_seconds": 0.0005502337589859962, "stage_memory_commit_row_fallback_count": 0.0, "stage_memory_commit_row_path_count": 598.0, "stage_memory_commit_seconds": 0.0016482090577483177, "stage_memory_commit_submit_seconds": 0.6239003958180547, "stage_memory_commit_wait_sync_seconds": 2.2090868838131428, "stage_metrics_seconds": 0.0, "stage_optimizer_all_reduce_seconds": 0.06386880949139595, "stage_optimizer_copyback_seconds": 0.26700780913233757, "stage_optimizer_flatten_seconds": 0.14854384027421474, "stage_optimizer_step_seconds": 1.026293852366507, "stage_optimizer_steps": 422.0, "stage_optimizer_sync_seconds": 0.49305502139031887, "stage_sync_backward_seconds": 0.00016430113464593887, "stage_sync_batch_wait_seconds": 0.0002429606392979622, "stage_sync_encode_seconds": 0.00031387247145175934, "stage_sync_epoch_tail_seconds": 1.685693860054016e-07, "stage_sync_finalize_seconds": 3.2782554626464844e-07, "stage_sync_head_loss_seconds": 0.0002675028517842293, "stage_sync_memory_commit_seconds": 0.0002702949568629265, "stage_sync_metrics_seconds": 0.0, "stage_sync_optimizer_step_seconds": 0.0002172747626900673, "stage_unaccounted_seconds": 3.002335133962333, "stage_wall_seconds": 13.144189038313925, "train_epoch_call_wall_seconds": 13.144513883627951, "train_metrics_reduce_wall_seconds": 0.006898454390466213}, "val": {"ap": 0.9733327504725547, "auc": 0.9711101511467362, "loss": 0.5187194115397604}}, {"epoch": 10, "test": {"ap": 0.9738000811824183, "auc": 0.9730602415640501, "loss": 0.5229959525167942}, "timing": {"epoch_wall_seconds": 18.36925522517413, "other_wall_seconds": 0.008074595592916012, "test_wall_seconds": 2.7077971771359444, "train_call_wall_seconds": 13.112879996187985, "train_metrics_reduce_wall_seconds": 0.007028370164334774, "train_reported_seconds": 13.112706265412271, "train_wrapper_gap_seconds": 0.0001737307757139206, "val_wall_seconds": 2.5405034562572837}, "train": {"backend_batch_build_seconds": 1.263755110092461, "backend_batches": 1688.0, "backend_build_edge_feature_layout_seconds": 0.006989471614360809, "backend_build_mailbox_layout_seconds": 0.002936013974249363, "backend_build_memory_layout_seconds": 0.608179691247642, "backend_build_node_feature_layout_seconds": 0.6454169591888785, "backend_compact_fill_seconds": 0.17053678445518017, "backend_compact_index_edges": 42780371.25, "backend_compact_index_frontier_nodes": 10256756.75, "backend_compact_index_seconds": 2.9318077536299825, "backend_compact_index_unique_edges": 9938104.5, "backend_compact_index_unique_nodes": 10256756.75, "backend_compact_root_seconds": 0.7274409756064415, "backend_compact_total_seconds": 3.9752005971968174, "backend_convert_sampling_output_seconds": 0.7876229174435139, "backend_get_sampling_output_seconds": 4.9586082166060805, "backend_materialize_create_seconds": 0.6105132550001144, "backend_materialize_move_seconds": 0.13776091486215591, "backend_materialize_seconds": 0.7465663785114884, "backend_negative_attach_seconds": 0.673737570643425, "backend_neighbor_sample_from_nodes_seconds": 2.2312203785404563, "backend_patch_inputs_seconds": 0.804864744655788, "backend_remap_dst_mismatch_count": 0.0, "backend_remap_src_mismatch_count": 0.0, "backend_root_remap_seconds": 0.09490425977855921, "backend_sampling_native_seconds": 7.99255586322397, "backend_sampling_request_seconds": 0.10872079338878393, "backend_sampling_seconds": 8.091341089457273, "backend_submit_edge_feature_seconds": 0.39622781053185463, "backend_submit_mailbox_seconds": 0.0, "backend_submit_memory_mailbox_seconds": 0.36843588948249817, "backend_submit_memory_seconds": 0.0, "backend_submit_node_feature_seconds": 0.6586033999919891, "backend_submit_reads_seconds": 1.387335643172264, "backend_train_edge_filter_dropped_edges": 0.0, "backend_train_edge_filter_input_edges": 0.0, "backend_train_edge_filter_kept_edges": 0.0, "backend_wait_edge_feature_seconds": 0.08732155617326498, "backend_wait_mailbox_seconds": 0.0, "backend_wait_memory_mailbox_seconds": 0.12696198094636202, "backend_wait_memory_seconds": 0.0, "backend_wait_node_feature_seconds": 0.0765381446108222, "backend_wait_patch_seconds": 0.3426618529483676, "component_communication_seconds": 5.099686273373663, "component_sampling_seconds": 9.86005592904985, "component_training_seconds": 8.945011982694268, "component_unaccounted_seconds": 0.0, "loss": 0.7287010441741673, "mailbox_replica_index_build_wall_seconds": 0.0, "memory_commit_hook_build_wall_seconds": 2.257712185382843e-05, "memory_replica_index_build_wall_seconds": 0.0, "seconds": 13.112706265412271, "stage_accounted_seconds": 10.303082020021975, "stage_backward_seconds": 2.315715393051505, "stage_batch_wait_seconds": 3.446512060239911, "stage_batches": 1688.0, "stage_encode_seconds": 3.2681991513818502, "stage_finalize_seconds": 0.00010083615779876709, "stage_head_loss_seconds": 0.3794436100870371, "stage_mailbox_commit_row_fallback_count": 0.0, "stage_mailbox_commit_row_path_count": 176.0, "stage_memory_commit_build_seconds": 2.265210758894682, "stage_memory_commit_mailbox_edge_select_seconds": 0.015090174973011017, "stage_memory_commit_replica_build_seconds": 0.0005466043949127197, "stage_memory_commit_row_fallback_count": 0.0, "stage_memory_commit_row_path_count": 598.0, "stage_memory_commit_seconds": 0.001644597388803959, "stage_memory_commit_submit_seconds": 0.6090130470693111, "stage_memory_commit_wait_sync_seconds": 2.227390756830573, "stage_metrics_seconds": 0.0, "stage_optimizer_all_reduce_seconds": 0.06768166273832321, "stage_optimizer_copyback_seconds": 0.2745609022676945, "stage_optimizer_flatten_seconds": 0.15406278613954782, "stage_optimizer_step_seconds": 1.0457852017134428, "stage_optimizer_steps": 422.0, "stage_optimizer_sync_seconds": 0.4931651195511222, "stage_sync_backward_seconds": 0.00017180945724248886, "stage_sync_batch_wait_seconds": 0.00024109985679388046, "stage_sync_encode_seconds": 0.0003235936164855957, "stage_sync_epoch_tail_seconds": 1.7415732145309448e-07, "stage_sync_finalize_seconds": 2.9243528842926025e-07, "stage_sync_head_loss_seconds": 0.0002739289775490761, "stage_sync_memory_commit_seconds": 0.0002713082358241081, "stage_sync_metrics_seconds": 0.0, "stage_sync_optimizer_step_seconds": 0.00021980516612529755, "stage_unaccounted_seconds": 3.0047839349135756, "stage_wall_seconds": 13.112706265412271, "train_epoch_call_wall_seconds": 13.113075458444655, "train_metrics_reduce_wall_seconds": 0.007028370164334774}, "val": {"ap": 0.9735432579262961, "auc": 0.971425398961169, "loss": 0.5156414938074622}}, {"epoch": 11, "test": {"ap": 0.9739801241546436, "auc": 0.9732767408963027, "loss": 0.5163368970494379}, "timing": {"epoch_wall_seconds": 18.568411450833082, "other_wall_seconds": 0.010531915351748466, "test_wall_seconds": 2.699351013638079, "train_call_wall_seconds": 13.239138587377965, "train_metrics_reduce_wall_seconds": 0.007145795971155167, "train_reported_seconds": 13.241398131474853, "train_wrapper_gap_seconds": 0.0, "val_wall_seconds": 2.619389934465289}, "train": {"backend_batch_build_seconds": 1.2230232451111078, "backend_batches": 1688.0, "backend_build_edge_feature_layout_seconds": 0.006739351898431778, "backend_build_mailbox_layout_seconds": 0.0029544709250330925, "backend_build_memory_layout_seconds": 0.5784281315281987, "backend_build_node_feature_layout_seconds": 0.6581601873040199, "backend_compact_fill_seconds": 0.1627659946680069, "backend_compact_index_edges": 42780529.75, "backend_compact_index_frontier_nodes": 10256095.75, "backend_compact_index_seconds": 2.8914447389543056, "backend_compact_index_unique_edges": 9937175.75, "backend_compact_index_unique_nodes": 10256095.75, "backend_compact_root_seconds": 0.7125763315707445, "backend_compact_total_seconds": 3.9164126021787524, "backend_convert_sampling_output_seconds": 0.7771011237055063, "backend_get_sampling_output_seconds": 4.886988873593509, "backend_materialize_create_seconds": 0.6128262029960752, "backend_materialize_move_seconds": 0.137441567145288, "backend_materialize_seconds": 0.74798933416605, "backend_negative_attach_seconds": 0.7089531272649765, "backend_neighbor_sample_from_nodes_seconds": 2.191961718723178, "backend_patch_inputs_seconds": 0.818556553684175, "backend_remap_dst_mismatch_count": 0.0, "backend_remap_src_mismatch_count": 0.0, "backend_root_remap_seconds": 0.09640471450984478, "backend_sampling_native_seconds": 7.869780992157757, "backend_sampling_request_seconds": 0.1118882866576314, "backend_sampling_seconds": 7.956058906391263, "backend_submit_edge_feature_seconds": 0.3770680418238044, "backend_submit_mailbox_seconds": 0.0, "backend_submit_memory_mailbox_seconds": 0.3769651800394058, "backend_submit_memory_seconds": 0.0, "backend_submit_node_feature_seconds": 0.7143819024786353, "backend_submit_reads_seconds": 1.4416659763082862, "backend_train_edge_filter_dropped_edges": 0.0, "backend_train_edge_filter_input_edges": 0.0, "backend_train_edge_filter_kept_edges": 0.0, "backend_wait_edge_feature_seconds": 0.08312185201793909, "backend_wait_mailbox_seconds": 0.0, "backend_wait_memory_mailbox_seconds": 0.13203771878033876, "backend_wait_memory_seconds": 0.0, "backend_wait_node_feature_seconds": 0.0795169547200203, "backend_wait_patch_seconds": 0.34506077133119106, "component_communication_seconds": 5.192808901891112, "component_sampling_seconds": 9.885641251690686, "component_training_seconds": 9.00875904969871, "component_unaccounted_seconds": 0.0, "loss": 0.7267851973067246, "mailbox_replica_index_build_wall_seconds": 0.0, "memory_commit_hook_build_wall_seconds": 2.504885196685791e-05, "memory_replica_index_build_wall_seconds": 0.0, "seconds": 13.241398131474853, "stage_accounted_seconds": 10.412015771493316, "stage_backward_seconds": 2.303255608305335, "stage_batch_wait_seconds": 3.488896138034761, "stage_batches": 1688.0, "stage_encode_seconds": 3.3009315002709627, "stage_finalize_seconds": 0.00011052004992961884, "stage_head_loss_seconds": 0.39695986546576023, "stage_mailbox_commit_row_fallback_count": 0.0, "stage_mailbox_commit_row_path_count": 176.0, "stage_memory_commit_build_seconds": 2.2967364573851228, "stage_memory_commit_mailbox_edge_select_seconds": 0.015123745426535606, "stage_memory_commit_replica_build_seconds": 0.0005569169297814369, "stage_memory_commit_row_fallback_count": 0.0, "stage_memory_commit_row_path_count": 598.0, "stage_memory_commit_seconds": 0.0016528638079762459, "stage_memory_commit_submit_seconds": 0.6236186930909753, "stage_memory_commit_wait_sync_seconds": 2.2592016514390707, "stage_metrics_seconds": 0.0, "stage_optimizer_all_reduce_seconds": 0.06267618108540773, "stage_optimizer_copyback_seconds": 0.269783285446465, "stage_optimizer_flatten_seconds": 0.17461129743605852, "stage_optimizer_step_seconds": 1.0415633246302605, "stage_optimizer_steps": 422.0, "stage_optimizer_sync_seconds": 0.52168710809201, "stage_sync_backward_seconds": 0.00033144187182188034, "stage_sync_batch_wait_seconds": 0.0002512224018573761, "stage_sync_encode_seconds": 0.00032947398722171783, "stage_sync_epoch_tail_seconds": 1.6670674085617065e-07, "stage_sync_finalize_seconds": 2.9709190130233765e-07, "stage_sync_head_loss_seconds": 0.0002793585881590843, "stage_sync_memory_commit_seconds": 0.00027265679091215134, "stage_sync_metrics_seconds": 0.0, "stage_sync_optimizer_step_seconds": 0.00022900663316249847, "stage_unaccounted_seconds": 3.0693490374833345, "stage_wall_seconds": 13.241398131474853, "train_epoch_call_wall_seconds": 13.241768289357424, "train_metrics_reduce_wall_seconds": 0.007145795971155167}, "val": {"ap": 0.9738115929935575, "auc": 0.9717710447344772, "loss": 0.509062346578999}}, {"epoch": 12, "test": {"ap": 0.9744730270833358, "auc": 0.9737804906370106, "loss": 0.5309042702005667}, "timing": {"epoch_wall_seconds": 18.49896067660302, "other_wall_seconds": 0.008037389256060123, "test_wall_seconds": 2.710282288491726, "train_call_wall_seconds": 13.240982090122998, "train_metrics_reduce_wall_seconds": 0.006983648985624313, "train_reported_seconds": 13.240805046632886, "train_wrapper_gap_seconds": 0.00017704349011182785, "val_wall_seconds": 2.5396589087322354}, "train": {"backend_batch_build_seconds": 1.4957647724077106, "backend_batches": 1688.0, "backend_build_edge_feature_layout_seconds": 0.0063861701637506485, "backend_build_mailbox_layout_seconds": 0.0026841601356863976, "backend_build_memory_layout_seconds": 0.5857978947460651, "backend_build_node_feature_layout_seconds": 0.6513319034129381, "backend_compact_fill_seconds": 0.16440069675445557, "backend_compact_index_edges": 42777324.75, "backend_compact_index_frontier_nodes": 10254375.75, "backend_compact_index_seconds": 2.9233441576361656, "backend_compact_index_unique_edges": 9935387.25, "backend_compact_index_unique_nodes": 10254375.75, "backend_compact_root_seconds": 0.7225068751722574, "backend_compact_total_seconds": 3.968801743350923, "backend_convert_sampling_output_seconds": 0.7909307656809688, "backend_get_sampling_output_seconds": 4.958187132142484, "backend_materialize_create_seconds": 0.6124356649816036, "backend_materialize_move_seconds": 0.138114714063704, "backend_materialize_seconds": 0.7499712444841862, "backend_negative_attach_seconds": 0.653765550814569, "backend_neighbor_sample_from_nodes_seconds": 2.265048734843731, "backend_patch_inputs_seconds": 0.8081806618720293, "backend_remap_dst_mismatch_count": 0.0, "backend_remap_src_mismatch_count": 0.0, "backend_root_remap_seconds": 0.09209445398300886, "backend_sampling_native_seconds": 8.03305356297642, "backend_sampling_request_seconds": 0.09781605750322342, "backend_sampling_seconds": 8.123357743956149, "backend_submit_edge_feature_seconds": 0.36584660690277815, "backend_submit_mailbox_seconds": 0.0, "backend_submit_memory_mailbox_seconds": 0.366665824316442, "backend_submit_memory_seconds": 0.0, "backend_submit_node_feature_seconds": 0.6798742078244686, "backend_submit_reads_seconds": 1.3865289287641644, "backend_train_edge_filter_dropped_edges": 0.0, "backend_train_edge_filter_input_edges": 0.0, "backend_train_edge_filter_kept_edges": 0.0, "backend_wait_edge_feature_seconds": 0.08627015352249146, "backend_wait_mailbox_seconds": 0.0, "backend_wait_memory_mailbox_seconds": 0.12772439885884523, "backend_wait_memory_seconds": 0.0, "backend_wait_node_feature_seconds": 0.07733521331101656, "backend_wait_patch_seconds": 0.34043753799051046, "component_communication_seconds": 5.136108617298305, "component_sampling_seconds": 10.272888067178428, "component_training_seconds": 9.011721315793693, "component_unaccounted_seconds": 0.0, "loss": 0.7214823656172549, "mailbox_replica_index_build_wall_seconds": 0.0, "memory_commit_hook_build_wall_seconds": 2.677273005247116e-05, "memory_replica_index_build_wall_seconds": 0.0, "seconds": 13.240805046632886, "stage_accounted_seconds": 10.404033948667347, "stage_backward_seconds": 2.276626305654645, "stage_batch_wait_seconds": 3.4652076344937086, "stage_batches": 1688.0, "stage_encode_seconds": 3.3223647652193904, "stage_finalize_seconds": 0.00012544263154268265, "stage_head_loss_seconds": 0.3873041123151779, "stage_mailbox_commit_row_fallback_count": 0.0, "stage_mailbox_commit_row_path_count": 176.0, "stage_memory_commit_build_seconds": 2.3125209202989936, "stage_memory_commit_mailbox_edge_select_seconds": 0.015692943707108498, "stage_memory_commit_replica_build_seconds": 0.0005481215193867683, "stage_memory_commit_row_fallback_count": 0.0, "stage_memory_commit_row_path_count": 598.0, "stage_memory_commit_seconds": 0.0016544703394174576, "stage_memory_commit_submit_seconds": 0.6497464152052999, "stage_memory_commit_wait_sync_seconds": 2.273903305642307, "stage_metrics_seconds": 0.0, "stage_optimizer_all_reduce_seconds": 0.06309543270617723, "stage_optimizer_copyback_seconds": 0.2799475220963359, "stage_optimizer_flatten_seconds": 0.16930441372096539, "stage_optimizer_step_seconds": 1.0286236964166164, "stage_optimizer_steps": 422.0, "stage_optimizer_sync_seconds": 0.5203851731494069, "stage_sync_backward_seconds": 0.00032954756170511246, "stage_sync_batch_wait_seconds": 0.0002443743869662285, "stage_sync_encode_seconds": 0.00033028051257133484, "stage_sync_epoch_tail_seconds": 1.8347054719924927e-07, "stage_sync_finalize_seconds": 2.7101486921310425e-07, "stage_sync_head_loss_seconds": 0.0002773767337203026, "stage_sync_memory_commit_seconds": 0.0002718791365623474, "stage_sync_metrics_seconds": 0.0, "stage_sync_optimizer_step_seconds": 0.00022958125919103622, "stage_unaccounted_seconds": 3.0775043731555343, "stage_wall_seconds": 13.240805046632886, "train_epoch_call_wall_seconds": 13.241190771572292, "train_metrics_reduce_wall_seconds": 0.006983648985624313}, "val": {"ap": 0.9738618144441492, "auc": 0.9718366193856889, "loss": 0.5214091852645982}}, {"epoch": 13, "test": {"ap": 0.9747949680584451, "auc": 0.9741300062085466, "loss": 0.5142271013253115}, "timing": {"epoch_wall_seconds": 18.69508718699217, "other_wall_seconds": 0.007900597527623177, "test_wall_seconds": 2.7345757531002164, "train_call_wall_seconds": 13.372797791846097, "train_metrics_reduce_wall_seconds": 0.006954400800168514, "train_reported_seconds": 13.372642534784973, "train_wrapper_gap_seconds": 0.00015525706112384796, "val_wall_seconds": 2.5798130445182323}, "train": {"backend_batch_build_seconds": 1.2505042469128966, "backend_batches": 1688.0, "backend_build_edge_feature_layout_seconds": 0.007704566232860088, "backend_build_mailbox_layout_seconds": 0.0026632705703377724, "backend_build_memory_layout_seconds": 0.5999125242233276, "backend_build_node_feature_layout_seconds": 0.634786631911993, "backend_compact_fill_seconds": 0.16727959923446178, "backend_compact_index_edges": 42775645.75, "backend_compact_index_frontier_nodes": 10253526.25, "backend_compact_index_seconds": 2.8946755109354854, "backend_compact_index_unique_edges": 9934739.0, "backend_compact_index_unique_nodes": 10253526.25, "backend_compact_root_seconds": 0.7189890230074525, "backend_compact_total_seconds": 3.930389881134033, "backend_convert_sampling_output_seconds": 0.7805231735110283, "backend_get_sampling_output_seconds": 4.908647439442575, "backend_materialize_create_seconds": 0.6036857273429632, "backend_materialize_move_seconds": 0.14353802613914013, "backend_materialize_seconds": 0.7407979555428028, "backend_negative_attach_seconds": 0.7483002711087465, "backend_neighbor_sample_from_nodes_seconds": 2.2184924194589257, "backend_patch_inputs_seconds": 0.7966289455071092, "backend_remap_dst_mismatch_count": 0.0, "backend_remap_src_mismatch_count": 0.0, "backend_root_remap_seconds": 0.09415112063288689, "backend_sampling_native_seconds": 7.9227170357480645, "backend_sampling_request_seconds": 0.10950258653610945, "backend_sampling_seconds": 8.009173037484288, "backend_submit_edge_feature_seconds": 0.3858378157019615, "backend_submit_mailbox_seconds": 0.0, "backend_submit_memory_mailbox_seconds": 0.3608431564643979, "backend_submit_memory_seconds": 0.0, "backend_submit_node_feature_seconds": 0.7049843678250909, "backend_submit_reads_seconds": 1.4382514217868447, "backend_train_edge_filter_dropped_edges": 0.0, "backend_train_edge_filter_input_edges": 0.0, "backend_train_edge_filter_kept_edges": 0.0, "backend_wait_edge_feature_seconds": 0.08297655917704105, "backend_wait_mailbox_seconds": 0.0, "backend_wait_memory_mailbox_seconds": 0.13055549748241901, "backend_wait_memory_seconds": 0.0, "backend_wait_node_feature_seconds": 0.08171912655234337, "backend_wait_patch_seconds": 0.3377127908170223, "component_communication_seconds": 5.209718992002308, "component_sampling_seconds": 10.007977555505931, "component_training_seconds": 9.129186563193798, "component_unaccounted_seconds": 0.0, "loss": 0.7165681190824057, "mailbox_replica_index_build_wall_seconds": 0.0, "memory_commit_hook_build_wall_seconds": 2.2448599338531494e-05, "memory_replica_index_build_wall_seconds": 0.0, "seconds": 13.372642534784973, "stage_accounted_seconds": 10.447418559342623, "stage_backward_seconds": 2.3259123172611, "stage_batch_wait_seconds": 3.51772010140121, "stage_batches": 1688.0, "stage_encode_seconds": 3.2856512796133757, "stage_finalize_seconds": 0.00010107085108757019, "stage_head_loss_seconds": 0.38243003096431494, "stage_mailbox_commit_row_fallback_count": 0.0, "stage_mailbox_commit_row_path_count": 176.0, "stage_memory_commit_build_seconds": 2.3149369908496737, "stage_memory_commit_mailbox_edge_select_seconds": 0.015929865650832653, "stage_memory_commit_replica_build_seconds": 0.0005428148433566093, "stage_memory_commit_row_fallback_count": 0.0, "stage_memory_commit_row_path_count": 598.0, "stage_memory_commit_seconds": 0.0016535278409719467, "stage_memory_commit_submit_seconds": 0.635567544028163, "stage_memory_commit_wait_sync_seconds": 2.2777882805094123, "stage_metrics_seconds": 0.0, "stage_optimizer_all_reduce_seconds": 0.06458773743361235, "stage_optimizer_copyback_seconds": 0.2687610676512122, "stage_optimizer_flatten_seconds": 0.2478535659611225, "stage_optimizer_step_seconds": 1.132467563264072, "stage_optimizer_steps": 422.0, "stage_optimizer_sync_seconds": 0.581482638604939, "stage_sync_backward_seconds": 0.00016616936773061752, "stage_sync_batch_wait_seconds": 0.0002482142299413681, "stage_sync_encode_seconds": 0.0003278227522969246, "stage_sync_epoch_tail_seconds": 1.6577541828155518e-07, "stage_sync_finalize_seconds": 2.849847078323364e-07, "stage_sync_head_loss_seconds": 0.00027501583099365234, "stage_sync_memory_commit_seconds": 0.0002752672880887985, "stage_sync_metrics_seconds": 0.0, "stage_sync_optimizer_step_seconds": 0.0002189110964536667, "stage_unaccounted_seconds": 3.095210859552026, "stage_wall_seconds": 13.372642534784973, "train_epoch_call_wall_seconds": 13.373010573908687, "train_metrics_reduce_wall_seconds": 0.006954400800168514}, "val": {"ap": 0.9740397351864307, "auc": 0.9720338832077624, "loss": 0.5084106685932388}}, {"epoch": 14, "test": {"ap": 0.9745932562202975, "auc": 0.973886125010573, "loss": 0.5168575655499643}, "timing": {"epoch_wall_seconds": 18.533050063997507, "other_wall_seconds": 0.007965379394590855, "test_wall_seconds": 2.6636399384588003, "train_call_wall_seconds": 13.322957342490554, "train_metrics_reduce_wall_seconds": 0.006991865113377571, "train_reported_seconds": 13.322783348150551, "train_wrapper_gap_seconds": 0.00017399434000253677, "val_wall_seconds": 2.538487403653562}, "train": {"backend_batch_build_seconds": 1.5491056181490421, "backend_batches": 1688.0, "backend_build_edge_feature_layout_seconds": 0.005454699508845806, "backend_build_mailbox_layout_seconds": 0.0025702817365527153, "backend_build_memory_layout_seconds": 0.5205141231417656, "backend_build_node_feature_layout_seconds": 0.5861540697515011, "backend_compact_fill_seconds": 0.163344400934875, "backend_compact_index_edges": 42779735.75, "backend_compact_index_frontier_nodes": 10255936.5, "backend_compact_index_seconds": 2.9555604867637157, "backend_compact_index_unique_edges": 9937175.75, "backend_compact_index_unique_nodes": 10255936.5, "backend_compact_root_seconds": 0.7194566242396832, "backend_compact_total_seconds": 4.009351929649711, "backend_convert_sampling_output_seconds": 0.7771250093355775, "backend_get_sampling_output_seconds": 4.984700397588313, "backend_materialize_create_seconds": 0.604819018393755, "backend_materialize_move_seconds": 0.14161454141139984, "backend_materialize_seconds": 0.7353374399244785, "backend_negative_attach_seconds": 0.7281084544956684, "backend_neighbor_sample_from_nodes_seconds": 2.247873967513442, "backend_patch_inputs_seconds": 0.7950082803145051, "backend_remap_dst_mismatch_count": 0.0, "backend_remap_src_mismatch_count": 0.0, "backend_root_remap_seconds": 0.09771287441253662, "backend_sampling_native_seconds": 8.028361230157316, "backend_sampling_request_seconds": 0.10315249767154455, "backend_sampling_seconds": 8.11101470515132, "backend_submit_edge_feature_seconds": 0.40799439884722233, "backend_submit_mailbox_seconds": 0.0, "backend_submit_memory_mailbox_seconds": 0.38218774925917387, "backend_submit_memory_seconds": 0.0, "backend_submit_node_feature_seconds": 0.7008378962054849, "backend_submit_reads_seconds": 1.4530595876276493, "backend_train_edge_filter_dropped_edges": 0.0, "backend_train_edge_filter_input_edges": 0.0, "backend_train_edge_filter_kept_edges": 0.0, "backend_wait_edge_feature_seconds": 0.0828249342739582, "backend_wait_mailbox_seconds": 0.0, "backend_wait_memory_mailbox_seconds": 0.13600047025829554, "backend_wait_memory_seconds": 0.0, "backend_wait_node_feature_seconds": 0.08277995698153973, "backend_wait_patch_seconds": 0.3391137346625328, "component_communication_seconds": 5.271916839294136, "component_sampling_seconds": 10.38822877779603, "component_training_seconds": 9.091535463929176, "component_unaccounted_seconds": 0.0, "loss": 0.712615904473298, "mailbox_replica_index_build_wall_seconds": 0.0, "memory_commit_hook_build_wall_seconds": 2.5136396288871765e-05, "memory_replica_index_build_wall_seconds": 0.0, "seconds": 13.322783348150551, "stage_accounted_seconds": 10.416562342084944, "stage_backward_seconds": 2.324167162179947, "stage_batch_wait_seconds": 3.513606673106551, "stage_batches": 1688.0, "stage_encode_seconds": 3.2929482012987137, "stage_finalize_seconds": 9.668711572885513e-05, "stage_head_loss_seconds": 0.3874782584607601, "stage_mailbox_commit_row_fallback_count": 0.0, "stage_mailbox_commit_row_path_count": 176.0, "stage_memory_commit_build_seconds": 2.319729082286358, "stage_memory_commit_mailbox_edge_select_seconds": 0.016094129532575607, "stage_memory_commit_replica_build_seconds": 0.0005433550104498863, "stage_memory_commit_row_fallback_count": 0.0, "stage_memory_commit_row_path_count": 598.0, "stage_memory_commit_seconds": 0.0016480637714266777, "stage_memory_commit_submit_seconds": 0.6381936296820641, "stage_memory_commit_wait_sync_seconds": 2.283027857542038, "stage_metrics_seconds": 0.0, "stage_optimizer_all_reduce_seconds": 0.06535886321216822, "stage_optimizer_copyback_seconds": 0.29134863801300526, "stage_optimizer_flatten_seconds": 0.20472174882888794, "stage_optimizer_step_seconds": 1.0898623280227184, "stage_optimizer_steps": 422.0, "stage_optimizer_sync_seconds": 0.5668392889201641, "stage_sync_backward_seconds": 0.00035531818866729736, "stage_sync_batch_wait_seconds": 0.00024038273841142654, "stage_sync_encode_seconds": 0.00031517818570137024, "stage_sync_epoch_tail_seconds": 1.94646418094635e-07, "stage_sync_finalize_seconds": 2.6263296604156494e-07, "stage_sync_head_loss_seconds": 0.00030397623777389526, "stage_sync_memory_commit_seconds": 0.0002769026905298233, "stage_sync_metrics_seconds": 0.0, "stage_sync_optimizer_step_seconds": 0.0002249535173177719, "stage_unaccounted_seconds": 3.106920641846955, "stage_wall_seconds": 13.322783348150551, "train_epoch_call_wall_seconds": 13.323133613914251, "train_metrics_reduce_wall_seconds": 0.006991865113377571}, "val": {"ap": 0.9743153900813263, "auc": 0.9723367101310828, "loss": 0.5081545307554982}}, {"epoch": 15, "test": {"ap": 0.9756884899301942, "auc": 0.9751232008909807, "loss": 0.5179859558967026}, "timing": {"epoch_wall_seconds": 18.41639018431306, "other_wall_seconds": 0.008012523874640465, "test_wall_seconds": 2.6913183219730854, "train_call_wall_seconds": 13.188635354861617, "train_metrics_reduce_wall_seconds": 0.006991853937506676, "train_reported_seconds": 13.188431947492063, "train_wrapper_gap_seconds": 0.00020340736955404282, "val_wall_seconds": 2.528423983603716}, "train": {"backend_batch_build_seconds": 1.1692588096484542, "backend_batches": 1688.0, "backend_build_edge_feature_layout_seconds": 0.005213988944888115, "backend_build_mailbox_layout_seconds": 0.0025074826553463936, "backend_build_memory_layout_seconds": 0.5184664241969585, "backend_build_node_feature_layout_seconds": 0.5973432753235102, "backend_compact_fill_seconds": 0.162974719889462, "backend_compact_index_edges": 42780629.0, "backend_compact_index_frontier_nodes": 10256967.0, "backend_compact_index_seconds": 2.9113520244136453, "backend_compact_index_unique_edges": 9938082.5, "backend_compact_index_unique_nodes": 10256967.0, "backend_compact_root_seconds": 0.7209235718473792, "backend_compact_total_seconds": 3.9582032840698957, "backend_convert_sampling_output_seconds": 0.7823573127388954, "backend_get_sampling_output_seconds": 4.909182921983302, "backend_materialize_create_seconds": 0.6149884406477213, "backend_materialize_move_seconds": 0.13484713900834322, "backend_materialize_seconds": 0.7498355796560645, "backend_negative_attach_seconds": 0.6813075635582209, "backend_neighbor_sample_from_nodes_seconds": 2.20540127158165, "backend_patch_inputs_seconds": 0.8046604637056589, "backend_remap_dst_mismatch_count": 0.0, "backend_remap_src_mismatch_count": 0.0, "backend_root_remap_seconds": 0.09688933473080397, "backend_sampling_native_seconds": 7.902238261885941, "backend_sampling_request_seconds": 0.10092629957944155, "backend_sampling_seconds": 7.999581886455417, "backend_submit_edge_feature_seconds": 0.35997093841433525, "backend_submit_mailbox_seconds": 0.0, "backend_submit_memory_mailbox_seconds": 0.36943758372217417, "backend_submit_memory_seconds": 0.0, "backend_submit_node_feature_seconds": 0.6797600919380784, "backend_submit_reads_seconds": 1.3837741259485483, "backend_train_edge_filter_dropped_edges": 0.0, "backend_train_edge_filter_input_edges": 0.0, "backend_train_edge_filter_kept_edges": 0.0, "backend_wait_edge_feature_seconds": 0.0867036646232009, "backend_wait_mailbox_seconds": 0.0, "backend_wait_memory_mailbox_seconds": 0.13247485365718603, "backend_wait_memory_seconds": 0.0, "backend_wait_node_feature_seconds": 0.08155402448028326, "backend_wait_patch_seconds": 0.34284225292503834, "component_communication_seconds": 5.045987319201231, "component_sampling_seconds": 9.784184603951871, "component_training_seconds": 8.987069624476135, "component_unaccounted_seconds": 0.0, "loss": 0.7101531869851018, "mailbox_replica_index_build_wall_seconds": 0.0, "memory_commit_hook_build_wall_seconds": 2.7630478143692017e-05, "memory_replica_index_build_wall_seconds": 0.0, "seconds": 13.188431947492063, "stage_accounted_seconds": 10.436875910498202, "stage_backward_seconds": 2.3305751625448465, "stage_batch_wait_seconds": 3.461127011105418, "stage_batches": 1688.0, "stage_encode_seconds": 3.2952281553298235, "stage_finalize_seconds": 0.0001011798158288002, "stage_head_loss_seconds": 0.38508628588169813, "stage_mailbox_commit_row_fallback_count": 0.0, "stage_mailbox_commit_row_path_count": 176.0, "stage_memory_commit_build_seconds": 2.2190679628401995, "stage_memory_commit_mailbox_edge_select_seconds": 0.017817875370383263, "stage_memory_commit_replica_build_seconds": 0.0005513019859790802, "stage_memory_commit_row_fallback_count": 0.0, "stage_memory_commit_row_path_count": 598.0, "stage_memory_commit_seconds": 0.0016603879630565643, "stage_memory_commit_submit_seconds": 0.6134003615006804, "stage_memory_commit_wait_sync_seconds": 2.1816270695999265, "stage_metrics_seconds": 0.0, "stage_optimizer_all_reduce_seconds": 0.06718003749847412, "stage_optimizer_copyback_seconds": 0.3133317930623889, "stage_optimizer_flatten_seconds": 0.2108379676938057, "stage_optimizer_step_seconds": 1.1248551718890667, "stage_optimizer_steps": 422.0, "stage_optimizer_sync_seconds": 0.6087720980867743, "stage_sync_backward_seconds": 0.00036316365003585815, "stage_sync_batch_wait_seconds": 0.00024494435638189316, "stage_sync_encode_seconds": 0.0003298809751868248, "stage_sync_epoch_tail_seconds": 1.7974525690078735e-07, "stage_sync_finalize_seconds": 2.980232238769531e-07, "stage_sync_head_loss_seconds": 0.0002964874729514122, "stage_sync_memory_commit_seconds": 0.0002713380381464958, "stage_sync_metrics_seconds": 0.0, "stage_sync_optimizer_step_seconds": 0.00022623781114816666, "stage_unaccounted_seconds": 2.98559077270329, "stage_wall_seconds": 13.188431947492063, "train_epoch_call_wall_seconds": 13.18880498316139, "train_metrics_reduce_wall_seconds": 0.006991853937506676}, "val": {"ap": 0.9746417498403849, "auc": 0.9726931177283297, "loss": 0.5102990306913853}}, {"epoch": 16, "test": {"ap": 0.9756390638688843, "auc": 0.9749987987208325, "loss": 0.519143473949622}, "timing": {"epoch_wall_seconds": 18.455655897036195, "other_wall_seconds": 0.010434968397021294, "test_wall_seconds": 2.6864584144204855, "train_call_wall_seconds": 13.217956660315394, "train_metrics_reduce_wall_seconds": 0.0069384342059493065, "train_reported_seconds": 13.217680313624442, "train_wrapper_gap_seconds": 0.00027634669095277786, "val_wall_seconds": 2.5408058539032936}, "train": {"backend_batch_build_seconds": 1.2327410411089659, "backend_batches": 1688.0, "backend_build_edge_feature_layout_seconds": 0.005269963294267654, "backend_build_mailbox_layout_seconds": 0.0028236256912350655, "backend_build_memory_layout_seconds": 0.5588537780568004, "backend_build_node_feature_layout_seconds": 0.6384842293336987, "backend_compact_fill_seconds": 0.16294532921165228, "backend_compact_index_edges": 42782882.75, "backend_compact_index_frontier_nodes": 10259573.0, "backend_compact_index_seconds": 2.8805561773478985, "backend_compact_index_unique_edges": 9940523.0, "backend_compact_index_unique_nodes": 10259573.0, "backend_compact_root_seconds": 0.72584761492908, "backend_compact_total_seconds": 3.922775919549167, "backend_convert_sampling_output_seconds": 0.7797258263453841, "backend_get_sampling_output_seconds": 4.878208177164197, "backend_materialize_create_seconds": 0.6159699680283666, "backend_materialize_move_seconds": 0.13702974375337362, "backend_materialize_seconds": 0.7509435284882784, "backend_negative_attach_seconds": 0.7315967110916972, "backend_neighbor_sample_from_nodes_seconds": 2.1815696749836206, "backend_patch_inputs_seconds": 0.8024760521948338, "backend_remap_dst_mismatch_count": 0.0, "backend_remap_src_mismatch_count": 0.0, "backend_root_remap_seconds": 0.09763350430876017, "backend_sampling_native_seconds": 7.851371153257787, "backend_sampling_request_seconds": 0.10787562932819128, "backend_sampling_seconds": 7.9314604960381985, "backend_submit_edge_feature_seconds": 0.37776159029453993, "backend_submit_mailbox_seconds": 0.0, "backend_submit_memory_mailbox_seconds": 0.3788237851113081, "backend_submit_memory_seconds": 0.0, "backend_submit_node_feature_seconds": 0.6942006358876824, "backend_submit_reads_seconds": 1.4392283270135522, "backend_train_edge_filter_dropped_edges": 0.0, "backend_train_edge_filter_input_edges": 0.0, "backend_train_edge_filter_kept_edges": 0.0, "backend_wait_edge_feature_seconds": 0.08403044287115335, "backend_wait_mailbox_seconds": 0.0, "backend_wait_memory_mailbox_seconds": 0.13500287290662527, "backend_wait_memory_seconds": 0.0, "backend_wait_node_feature_seconds": 0.07702749781310558, "backend_wait_patch_seconds": 0.3418352687731385, "component_communication_seconds": 5.048817391507328, "component_sampling_seconds": 9.893849325366318, "component_training_seconds": 9.000090781599283, "component_unaccounted_seconds": 0.0, "loss": 0.7076542288488687, "mailbox_replica_index_build_wall_seconds": 0.0, "memory_commit_hook_build_wall_seconds": 2.2061169147491455e-05, "memory_replica_index_build_wall_seconds": 0.0, "seconds": 13.217680313624442, "stage_accounted_seconds": 10.45439488440752, "stage_backward_seconds": 2.314960033632815, "stage_batch_wait_seconds": 3.4961420372128487, "stage_batches": 1688.0, "stage_encode_seconds": 3.288245034404099, "stage_finalize_seconds": 0.00013410300016403198, "stage_head_loss_seconds": 0.38563692942261696, "stage_mailbox_commit_row_fallback_count": 0.0, "stage_mailbox_commit_row_path_count": 176.0, "stage_memory_commit_build_seconds": 2.1858910406008363, "stage_memory_commit_mailbox_edge_select_seconds": 0.015002228319644928, "stage_memory_commit_replica_build_seconds": 0.0005492893978953362, "stage_memory_commit_row_fallback_count": 0.0, "stage_memory_commit_row_path_count": 598.0, "stage_memory_commit_seconds": 0.0016586445271968842, "stage_memory_commit_submit_seconds": 0.6221118979156017, "stage_memory_commit_wait_sync_seconds": 2.148293268866837, "stage_metrics_seconds": 0.0, "stage_optimizer_all_reduce_seconds": 0.07088375557214022, "stage_optimizer_copyback_seconds": 0.2951843375340104, "stage_optimizer_flatten_seconds": 0.20226341113448143, "stage_optimizer_step_seconds": 1.125322999432683, "stage_optimizer_steps": 422.0, "stage_optimizer_sync_seconds": 0.590758666396141, "stage_sync_backward_seconds": 0.00036155618727207184, "stage_sync_batch_wait_seconds": 0.0002488279715180397, "stage_sync_encode_seconds": 0.00032097287476062775, "stage_sync_epoch_tail_seconds": 1.8440186977386475e-07, "stage_sync_finalize_seconds": 2.812594175338745e-07, "stage_sync_head_loss_seconds": 0.0002976255491375923, "stage_sync_memory_commit_seconds": 0.0002744104713201523, "stage_sync_metrics_seconds": 0.0, "stage_sync_optimizer_step_seconds": 0.0002353861927986145, "stage_unaccounted_seconds": 2.959102837368846, "stage_wall_seconds": 13.217680313624442, "train_epoch_call_wall_seconds": 13.218052138574421, "train_metrics_reduce_wall_seconds": 0.0069384342059493065}, "val": {"ap": 0.9748873834408727, "auc": 0.9729505582101741, "loss": 0.5132035348056392}}, {"epoch": 17, "test": {"ap": 0.9757490161230865, "auc": 0.9751587117912505, "loss": 0.5094540293582461}, "timing": {"epoch_wall_seconds": 18.4299032157287, "other_wall_seconds": 0.009292945265769958, "test_wall_seconds": 2.682034643366933, "train_call_wall_seconds": 13.204318028874695, "train_metrics_reduce_wall_seconds": 0.006952734664082527, "train_reported_seconds": 13.204097390174866, "train_wrapper_gap_seconds": 0.0002206386998295784, "val_wall_seconds": 2.534257598221302}, "train": {"backend_batch_build_seconds": 1.2232448356226087, "backend_batches": 1688.0, "backend_build_edge_feature_layout_seconds": 0.005639468319714069, "backend_build_mailbox_layout_seconds": 0.002792096696794033, "backend_build_memory_layout_seconds": 0.5252554463222623, "backend_build_node_feature_layout_seconds": 0.6465833866968751, "backend_compact_fill_seconds": 0.16314264200627804, "backend_compact_index_edges": 42780508.5, "backend_compact_index_frontier_nodes": 10257589.5, "backend_compact_index_seconds": 2.951566468924284, "backend_compact_index_unique_edges": 9938841.5, "backend_compact_index_unique_nodes": 10257589.5, "backend_compact_root_seconds": 0.726635585539043, "backend_compact_total_seconds": 4.010228523053229, "backend_convert_sampling_output_seconds": 0.7802817644551396, "backend_get_sampling_output_seconds": 4.952447427436709, "backend_materialize_create_seconds": 0.6104136798530817, "backend_materialize_move_seconds": 0.13739569019526243, "backend_materialize_seconds": 0.7448551645502448, "backend_negative_attach_seconds": 0.6833397941663861, "backend_neighbor_sample_from_nodes_seconds": 2.2014745213091373, "backend_patch_inputs_seconds": 0.8052433673292398, "backend_remap_dst_mismatch_count": 0.0, "backend_remap_src_mismatch_count": 0.0, "backend_root_remap_seconds": 0.09414764773100615, "backend_sampling_native_seconds": 7.919748052954674, "backend_sampling_request_seconds": 0.09294934291392565, "backend_sampling_seconds": 8.00832106359303, "backend_submit_edge_feature_seconds": 0.3770963856950402, "backend_submit_mailbox_seconds": 0.0, "backend_submit_memory_mailbox_seconds": 0.3555812081322074, "backend_submit_memory_seconds": 0.0, "backend_submit_node_feature_seconds": 0.6705657569691539, "backend_submit_reads_seconds": 1.377333358861506, "backend_train_edge_filter_dropped_edges": 0.0, "backend_train_edge_filter_input_edges": 0.0, "backend_train_edge_filter_kept_edges": 0.0, "backend_wait_edge_feature_seconds": 0.08422625623643398, "backend_wait_mailbox_seconds": 0.0, "backend_wait_memory_mailbox_seconds": 0.12903527915477753, "backend_wait_memory_seconds": 0.0, "backend_wait_node_feature_seconds": 0.07633386738598347, "backend_wait_patch_seconds": 0.3445820529013872, "component_communication_seconds": 5.099570570513606, "component_sampling_seconds": 9.814166287891567, "component_training_seconds": 9.024772775359452, "component_unaccounted_seconds": 0.0, "loss": 0.7085433934607777, "mailbox_replica_index_build_wall_seconds": 0.0, "memory_commit_hook_build_wall_seconds": 2.589542418718338e-05, "memory_replica_index_build_wall_seconds": 0.0, "seconds": 13.204097390174866, "stage_accounted_seconds": 10.412090744823217, "stage_backward_seconds": 2.392123319208622, "stage_batch_wait_seconds": 3.4475452583283186, "stage_batches": 1688.0, "stage_encode_seconds": 3.291924035176635, "stage_finalize_seconds": 0.00011077802628278732, "stage_head_loss_seconds": 0.38777225092053413, "stage_mailbox_commit_row_fallback_count": 0.0, "stage_mailbox_commit_row_path_count": 176.0, "stage_memory_commit_build_seconds": 2.283383121713996, "stage_memory_commit_mailbox_edge_select_seconds": 0.01496118027716875, "stage_memory_commit_replica_build_seconds": 0.0005551157519221306, "stage_memory_commit_row_fallback_count": 0.0, "stage_memory_commit_row_path_count": 598.0, "stage_memory_commit_seconds": 0.0016414765268564224, "stage_memory_commit_submit_seconds": 0.6170955784618855, "stage_memory_commit_wait_sync_seconds": 2.245738768018782, "stage_metrics_seconds": 0.0, "stage_optimizer_all_reduce_seconds": 0.06903528235852718, "stage_optimizer_copyback_seconds": 0.29386754892766476, "stage_optimizer_flatten_seconds": 0.19969715178012848, "stage_optimizer_step_seconds": 1.1037316918373108, "stage_optimizer_steps": 422.0, "stage_optimizer_sync_seconds": 0.5830118237063289, "stage_sync_backward_seconds": 0.00034404080361127853, "stage_sync_batch_wait_seconds": 0.00023566186428070068, "stage_sync_encode_seconds": 0.00030656997114419937, "stage_sync_epoch_tail_seconds": 1.5832483768463135e-07, "stage_sync_finalize_seconds": 2.7194619178771973e-07, "stage_sync_head_loss_seconds": 0.00028655026108026505, "stage_sync_memory_commit_seconds": 0.0002696821466088295, "stage_sync_metrics_seconds": 0.0, "stage_sync_optimizer_step_seconds": 0.00022778287529945374, "stage_unaccounted_seconds": 3.0507848439738154, "stage_wall_seconds": 13.204097390174866, "train_epoch_call_wall_seconds": 13.204477395862341, "train_metrics_reduce_wall_seconds": 0.006952734664082527}, "val": {"ap": 0.9748697948495135, "auc": 0.9729598738554709, "loss": 0.5024843384427103}}, {"epoch": 18, "test": {"ap": 0.9751075390668117, "auc": 0.9745566610400769, "loss": 0.5118515247648412}, "timing": {"epoch_wall_seconds": 18.507848571054637, "other_wall_seconds": 0.009069643914699554, "test_wall_seconds": 2.680960960686207, "train_call_wall_seconds": 13.278640783391893, "train_metrics_reduce_wall_seconds": 0.008017723448574543, "train_reported_seconds": 13.278508338145912, "train_wrapper_gap_seconds": 0.00013244524598121643, "val_wall_seconds": 2.539177183061838}, "train": {"backend_batch_build_seconds": 1.540556580759585, "backend_batches": 1688.0, "backend_build_edge_feature_layout_seconds": 0.007236722856760025, "backend_build_mailbox_layout_seconds": 0.00304208230227232, "backend_build_memory_layout_seconds": 0.6006690468639135, "backend_build_node_feature_layout_seconds": 0.7395283989608288, "backend_compact_fill_seconds": 0.16332285571843386, "backend_compact_index_edges": 42779409.75, "backend_compact_index_frontier_nodes": 10255520.25, "backend_compact_index_seconds": 2.981829034164548, "backend_compact_index_unique_edges": 9936708.5, "backend_compact_index_unique_nodes": 10255520.25, "backend_compact_root_seconds": 0.7272813227027655, "backend_compact_total_seconds": 4.043110177852213, "backend_convert_sampling_output_seconds": 0.784093732945621, "backend_get_sampling_output_seconds": 5.00369920860976, "backend_materialize_create_seconds": 0.6100727552548051, "backend_materialize_move_seconds": 0.13815079629421234, "backend_materialize_seconds": 0.7481710240244865, "backend_negative_attach_seconds": 0.6806852845475078, "backend_neighbor_sample_from_nodes_seconds": 2.2527480591088533, "backend_patch_inputs_seconds": 0.8073060410097241, "backend_remap_dst_mismatch_count": 0.0, "backend_remap_src_mismatch_count": 0.0, "backend_root_remap_seconds": 0.09524333570152521, "backend_sampling_native_seconds": 8.049467235803604, "backend_sampling_request_seconds": 0.09311655163764954, "backend_sampling_seconds": 8.135324756614864, "backend_submit_edge_feature_seconds": 0.38521729595959187, "backend_submit_mailbox_seconds": 0.0, "backend_submit_memory_mailbox_seconds": 0.3669891422614455, "backend_submit_memory_seconds": 0.0, "backend_submit_node_feature_seconds": 0.6740375058725476, "backend_submit_reads_seconds": 1.4201090727001429, "backend_train_edge_filter_dropped_edges": 0.0, "backend_train_edge_filter_input_edges": 0.0, "backend_train_edge_filter_kept_edges": 0.0, "backend_wait_edge_feature_seconds": 0.08379449509084225, "backend_wait_mailbox_seconds": 0.0, "backend_wait_memory_mailbox_seconds": 0.1322927623987198, "backend_wait_memory_seconds": 0.0, "backend_wait_node_feature_seconds": 0.08085313811898232, "backend_wait_patch_seconds": 0.3455831976607442, "component_communication_seconds": 5.130307367071509, "component_sampling_seconds": 10.356566621921957, "component_training_seconds": 9.027901768684387, "component_unaccounted_seconds": 0.0, "loss": 0.7061126027521081, "mailbox_replica_index_build_wall_seconds": 0.0, "memory_commit_hook_build_wall_seconds": 2.2917985916137695e-05, "memory_replica_index_build_wall_seconds": 0.0, "seconds": 13.278508338145912, "stage_accounted_seconds": 10.412014023400843, "stage_backward_seconds": 2.355848011560738, "stage_batch_wait_seconds": 3.4883181508630514, "stage_batches": 1688.0, "stage_encode_seconds": 3.2941815303638577, "stage_finalize_seconds": 0.00011132843792438507, "stage_head_loss_seconds": 0.3825051859021187, "stage_mailbox_commit_row_fallback_count": 0.0, "stage_mailbox_commit_row_path_count": 176.0, "stage_memory_commit_build_seconds": 2.290826328098774, "stage_memory_commit_mailbox_edge_select_seconds": 0.016187448985874653, "stage_memory_commit_replica_build_seconds": 0.0005567101761698723, "stage_memory_commit_row_fallback_count": 0.0, "stage_memory_commit_row_path_count": 598.0, "stage_memory_commit_seconds": 0.001638677902519703, "stage_memory_commit_submit_seconds": 0.6414988776668906, "stage_memory_commit_wait_sync_seconds": 2.2512667048722506, "stage_metrics_seconds": 0.0, "stage_optimizer_all_reduce_seconds": 0.06472897622734308, "stage_optimizer_copyback_seconds": 0.26111751329153776, "stage_optimizer_flatten_seconds": 0.17015130259096622, "stage_optimizer_step_seconds": 1.0222250446677208, "stage_optimizer_steps": 422.0, "stage_optimizer_sync_seconds": 0.5043199323117733, "stage_sync_backward_seconds": 0.00019421614706516266, "stage_sync_batch_wait_seconds": 0.0002426309511065483, "stage_sync_encode_seconds": 0.0003069629892706871, "stage_sync_epoch_tail_seconds": 1.564621925354004e-07, "stage_sync_finalize_seconds": 2.8219074010849e-07, "stage_sync_head_loss_seconds": 0.0002751927822828293, "stage_sync_memory_commit_seconds": 0.00027010031044483185, "stage_sync_metrics_seconds": 0.0, "stage_sync_optimizer_step_seconds": 0.00021765846759080887, "stage_unaccounted_seconds": 3.082849958911538, "stage_wall_seconds": 13.278508338145912, "train_epoch_call_wall_seconds": 13.27986593451351, "train_metrics_reduce_wall_seconds": 0.008017723448574543}, "val": {"ap": 0.975035446291713, "auc": 0.973196196160427, "loss": 0.5020493129268289}}, {"epoch": 19, "test": {"ap": 0.9756975711489106, "auc": 0.9751050267167768, "loss": 0.5041604805737734}, "timing": {"epoch_wall_seconds": 18.63889616727829, "other_wall_seconds": 0.008083490654826164, "test_wall_seconds": 2.6903747795149684, "train_call_wall_seconds": 13.371540574356914, "train_metrics_reduce_wall_seconds": 0.007018078118562698, "train_reported_seconds": 13.371328396722674, "train_wrapper_gap_seconds": 0.00021217763423919678, "val_wall_seconds": 2.5688973227515817}, "train": {"backend_batch_build_seconds": 1.2646786691620946, "backend_batches": 1688.0, "backend_build_edge_feature_layout_seconds": 0.005166447721421719, "backend_build_mailbox_layout_seconds": 0.003009679727256298, "backend_build_memory_layout_seconds": 0.5365449031814933, "backend_build_node_feature_layout_seconds": 0.6515079289674759, "backend_compact_fill_seconds": 0.16332395654171705, "backend_compact_index_edges": 42784528.25, "backend_compact_index_frontier_nodes": 10260710.25, "backend_compact_index_seconds": 2.9720133980736136, "backend_compact_index_unique_edges": 9941869.5, "backend_compact_index_unique_nodes": 10260710.25, "backend_compact_root_seconds": 0.7213782304897904, "backend_compact_total_seconds": 4.025617382489145, "backend_convert_sampling_output_seconds": 0.7818616833537817, "backend_get_sampling_output_seconds": 5.00038486905396, "backend_materialize_create_seconds": 0.7060926184058189, "backend_materialize_move_seconds": 0.15052403043955564, "backend_materialize_seconds": 0.8566166488453746, "backend_negative_attach_seconds": 0.8136677695438266, "backend_neighbor_sample_from_nodes_seconds": 2.211369104683399, "backend_patch_inputs_seconds": 0.8396170865744352, "backend_remap_dst_mismatch_count": 0.0, "backend_remap_src_mismatch_count": 0.0, "backend_root_remap_seconds": 0.101363155990839, "backend_sampling_native_seconds": 8.008199055679142, "backend_sampling_request_seconds": 0.10662195179611444, "backend_sampling_seconds": 8.102380320429802, "backend_submit_edge_feature_seconds": 0.3869693139567971, "backend_submit_mailbox_seconds": 0.0, "backend_submit_memory_mailbox_seconds": 0.3671843633055687, "backend_submit_memory_seconds": 0.0, "backend_submit_node_feature_seconds": 0.8243816923350096, "backend_submit_reads_seconds": 1.5743438769131899, "backend_train_edge_filter_dropped_edges": 0.0, "backend_train_edge_filter_input_edges": 0.0, "backend_train_edge_filter_kept_edges": 0.0, "backend_wait_edge_feature_seconds": 0.08529389556497335, "backend_wait_mailbox_seconds": 0.0, "backend_wait_memory_mailbox_seconds": 0.13149502128362656, "backend_wait_memory_seconds": 0.0, "backend_wait_node_feature_seconds": 0.07835907395929098, "backend_wait_patch_seconds": 0.38059173058718443, "component_communication_seconds": 5.231120143085718, "component_sampling_seconds": 10.1794100003317, "component_training_seconds": 8.979934630915523, "component_unaccounted_seconds": 0.0, "loss": 0.7048414115268755, "mailbox_replica_index_build_wall_seconds": 0.0, "memory_commit_hook_build_wall_seconds": 2.4922192096710205e-05, "memory_replica_index_build_wall_seconds": 0.0, "seconds": 13.371328396722674, "stage_accounted_seconds": 10.546385681256652, "stage_backward_seconds": 2.3446276672184467, "stage_batch_wait_seconds": 3.6490253023803234, "stage_batches": 1688.0, "stage_encode_seconds": 3.2880169795826077, "stage_finalize_seconds": 9.805988520383835e-05, "stage_head_loss_seconds": 0.3879137234762311, "stage_mailbox_commit_row_fallback_count": 0.0, "stage_mailbox_commit_row_path_count": 176.0, "stage_memory_commit_build_seconds": 2.1973475301638246, "stage_memory_commit_mailbox_edge_select_seconds": 0.015458142384886742, "stage_memory_commit_replica_build_seconds": 0.0005471380427479744, "stage_memory_commit_row_fallback_count": 0.0, "stage_memory_commit_row_path_count": 598.0, "stage_memory_commit_seconds": 0.0016548540443181992, "stage_memory_commit_submit_seconds": 0.6330516412854195, "stage_memory_commit_wait_sync_seconds": 2.1598167745396495, "stage_metrics_seconds": 0.0, "stage_optimizer_all_reduce_seconds": 0.06625933200120926, "stage_optimizer_copyback_seconds": 0.2700721714645624, "stage_optimizer_flatten_seconds": 0.16821431834250689, "stage_optimizer_step_seconds": 1.0378300426527858, "stage_optimizer_steps": 422.0, "stage_optimizer_sync_seconds": 0.5064145559445024, "stage_sync_backward_seconds": 0.00016937218606472015, "stage_sync_batch_wait_seconds": 0.0002436470240354538, "stage_sync_encode_seconds": 0.00030034128576517105, "stage_sync_epoch_tail_seconds": 1.695007085800171e-07, "stage_sync_finalize_seconds": 2.551823854446411e-07, "stage_sync_head_loss_seconds": 0.0002741636708378792, "stage_sync_memory_commit_seconds": 0.00026796478778123856, "stage_sync_metrics_seconds": 0.0, "stage_sync_optimizer_step_seconds": 0.00022341962903738022, "stage_unaccounted_seconds": 2.9705658005550504, "stage_wall_seconds": 13.371328396722674, "train_epoch_call_wall_seconds": 13.371686320751905, "train_metrics_reduce_wall_seconds": 0.007018078118562698}, "val": {"ap": 0.9751898798640203, "auc": 0.9733519271864597, "loss": 0.4974498802118681}}, {"epoch": 20, "test": {"ap": 0.9751986454539712, "auc": 0.974589084565392, "loss": 0.5149056694724343}, "timing": {"epoch_wall_seconds": 18.499513410963118, "other_wall_seconds": 0.009136681444942951, "test_wall_seconds": 2.694828325882554, "train_call_wall_seconds": 13.246665633283556, "train_metrics_reduce_wall_seconds": 0.006963476538658142, "train_reported_seconds": 13.246392633765936, "train_wrapper_gap_seconds": 0.00027299951761960983, "val_wall_seconds": 2.5488827703520656}, "train": {"backend_batch_build_seconds": 1.2986969500780106, "backend_batches": 1688.0, "backend_build_edge_feature_layout_seconds": 0.007168191485106945, "backend_build_mailbox_layout_seconds": 0.003054022789001465, "backend_build_memory_layout_seconds": 0.6125045921653509, "backend_build_node_feature_layout_seconds": 0.6860404340550303, "backend_compact_fill_seconds": 0.16315225418657064, "backend_compact_index_edges": 42780178.0, "backend_compact_index_frontier_nodes": 10256137.75, "backend_compact_index_seconds": 2.9076204262673855, "backend_compact_index_unique_edges": 9937194.0, "backend_compact_index_unique_nodes": 10256137.75, "backend_compact_root_seconds": 0.7251355024054646, "backend_compact_total_seconds": 3.9517355831339955, "backend_convert_sampling_output_seconds": 0.7820257348939776, "backend_get_sampling_output_seconds": 4.922336163930595, "backend_materialize_create_seconds": 0.693721791729331, "backend_materialize_move_seconds": 0.148861569352448, "backend_materialize_seconds": 0.842583361081779, "backend_negative_attach_seconds": 0.7408623285591602, "backend_neighbor_sample_from_nodes_seconds": 2.211496204137802, "backend_patch_inputs_seconds": 0.8169137919321656, "backend_remap_dst_mismatch_count": 0.0, "backend_remap_src_mismatch_count": 0.0, "backend_root_remap_seconds": 0.10486802272498608, "backend_sampling_native_seconds": 7.931332780048251, "backend_sampling_request_seconds": 0.10326361283659935, "backend_sampling_seconds": 8.035551391541958, "backend_submit_edge_feature_seconds": 0.36560949869453907, "backend_submit_mailbox_seconds": 0.0, "backend_submit_memory_mailbox_seconds": 0.3718255842104554, "backend_submit_memory_seconds": 0.0, "backend_submit_node_feature_seconds": 0.7461721729487181, "backend_submit_reads_seconds": 1.4715755237266421, "backend_train_edge_filter_dropped_edges": 0.0, "backend_train_edge_filter_input_edges": 0.0, "backend_train_edge_filter_kept_edges": 0.0, "backend_wait_edge_feature_seconds": 0.08656486682593822, "backend_wait_mailbox_seconds": 0.0, "backend_wait_memory_mailbox_seconds": 0.12881136685609818, "backend_wait_memory_seconds": 0.0, "backend_wait_node_feature_seconds": 0.08422575704753399, "backend_wait_patch_seconds": 0.37091529462486506, "component_communication_seconds": 5.159152089618146, "component_sampling_seconds": 9.838238520547748, "component_training_seconds": 8.97776750009507, "component_unaccounted_seconds": 0.0, "loss": 0.702212965972192, "mailbox_replica_index_build_wall_seconds": 0.0, "memory_commit_hook_build_wall_seconds": 2.9071234166622162e-05, "memory_replica_index_build_wall_seconds": 0.0, "seconds": 13.246392633765936, "stage_accounted_seconds": 10.45067052077502, "stage_backward_seconds": 2.373187281191349, "stage_batch_wait_seconds": 3.5368619337677956, "stage_batches": 1688.0, "stage_encode_seconds": 3.2938146060332656, "stage_finalize_seconds": 0.00010096468031406403, "stage_head_loss_seconds": 0.3864707639440894, "stage_mailbox_commit_row_fallback_count": 0.0, "stage_mailbox_commit_row_path_count": 176.0, "stage_memory_commit_build_seconds": 2.2386674182489514, "stage_memory_commit_mailbox_edge_select_seconds": 0.015922355465590954, "stage_memory_commit_replica_build_seconds": 0.0005519334226846695, "stage_memory_commit_row_fallback_count": 0.0, "stage_memory_commit_row_path_count": 598.0, "stage_memory_commit_seconds": 0.001655828207731247, "stage_memory_commit_submit_seconds": 0.6234692446887493, "stage_memory_commit_wait_sync_seconds": 2.199594283476472, "stage_metrics_seconds": 0.0, "stage_optimizer_all_reduce_seconds": 0.06593366339802742, "stage_optimizer_copyback_seconds": 0.2793505862355232, "stage_optimizer_flatten_seconds": 0.1590374568477273, "stage_optimizer_step_seconds": 1.0614567827433348, "stage_optimizer_steps": 422.0, "stage_optimizer_sync_seconds": 0.5073407692834735, "stage_sync_backward_seconds": 0.00016938429325819016, "stage_sync_batch_wait_seconds": 0.00023951102048158646, "stage_sync_encode_seconds": 0.0003034612163901329, "stage_sync_epoch_tail_seconds": 1.434236764907837e-07, "stage_sync_finalize_seconds": 2.896413207054138e-07, "stage_sync_head_loss_seconds": 0.0002746758982539177, "stage_sync_memory_commit_seconds": 0.0002702884376049042, "stage_sync_metrics_seconds": 0.0, "stage_sync_optimizer_step_seconds": 0.0002152957022190094, "stage_unaccounted_seconds": 3.012418422847986, "stage_wall_seconds": 13.246392633765936, "train_epoch_call_wall_seconds": 13.246764278039336, "train_metrics_reduce_wall_seconds": 0.006963476538658142}, "val": {"ap": 0.9750205651459825, "auc": 0.9731592521283439, "loss": 0.5043871173296463}}, {"epoch": 21, "test": {"ap": 0.9758312880450264, "auc": 0.9752711496996227, "loss": 0.5118906818838282}, "timing": {"epoch_wall_seconds": 18.48109759297222, "other_wall_seconds": 0.007928986102342606, "test_wall_seconds": 2.6936855847015977, "train_call_wall_seconds": 13.23405528254807, "train_metrics_reduce_wall_seconds": 0.006944175809621811, "train_reported_seconds": 13.233910391107202, "train_wrapper_gap_seconds": 0.00014489144086837769, "val_wall_seconds": 2.5454277396202087}, "train": {"backend_batch_build_seconds": 1.2564396625384688, "backend_batches": 1688.0, "backend_build_edge_feature_layout_seconds": 0.004941999912261963, "backend_build_mailbox_layout_seconds": 0.0030490728095173836, "backend_build_memory_layout_seconds": 0.5394939817488194, "backend_build_node_feature_layout_seconds": 0.6563221197575331, "backend_compact_fill_seconds": 0.1634731600061059, "backend_compact_index_edges": 42779824.25, "backend_compact_index_frontier_nodes": 10256527.5, "backend_compact_index_seconds": 2.891008305363357, "backend_compact_index_unique_edges": 9937697.0, "backend_compact_index_unique_nodes": 10256527.5, "backend_compact_root_seconds": 0.7193998768925667, "backend_compact_total_seconds": 3.9206607844680548, "backend_convert_sampling_output_seconds": 0.7806075280532241, "backend_get_sampling_output_seconds": 4.887032597325742, "backend_materialize_create_seconds": 0.7035398641601205, "backend_materialize_move_seconds": 0.1506081335246563, "backend_materialize_seconds": 0.8541479976847768, "backend_negative_attach_seconds": 0.6856398936361074, "backend_neighbor_sample_from_nodes_seconds": 2.205185520462692, "backend_patch_inputs_seconds": 0.8320701075717807, "backend_remap_dst_mismatch_count": 0.0, "backend_remap_src_mismatch_count": 0.0, "backend_root_remap_seconds": 0.10359202045947313, "backend_sampling_native_seconds": 7.887781065888703, "backend_sampling_request_seconds": 0.10240446217358112, "backend_sampling_seconds": 7.9786682752892375, "backend_submit_edge_feature_seconds": 0.34612397756427526, "backend_submit_mailbox_seconds": 0.0, "backend_submit_memory_mailbox_seconds": 0.37337219063192606, "backend_submit_memory_seconds": 0.0, "backend_submit_node_feature_seconds": 0.7632967429235578, "backend_submit_reads_seconds": 1.466087467968464, "backend_train_edge_filter_dropped_edges": 0.0, "backend_train_edge_filter_input_edges": 0.0, "backend_train_edge_filter_kept_edges": 0.0, "backend_wait_edge_feature_seconds": 0.08396888431161642, "backend_wait_mailbox_seconds": 0.0, "backend_wait_memory_mailbox_seconds": 0.12821638118475676, "backend_wait_memory_seconds": 0.0, "backend_wait_node_feature_seconds": 0.07964840065687895, "backend_wait_patch_seconds": 0.3854566812515259, "component_communication_seconds": 5.103842499665916, "component_sampling_seconds": 9.821686940267682, "component_training_seconds": 8.997851828113198, "component_unaccounted_seconds": 0.0, "loss": 0.7011936774998196, "mailbox_replica_index_build_wall_seconds": 0.0, "memory_commit_hook_build_wall_seconds": 4.91878017783165e-05, "memory_replica_index_build_wall_seconds": 0.0, "seconds": 13.233910391107202, "stage_accounted_seconds": 10.448931337334216, "stage_backward_seconds": 2.3640564074739814, "stage_batch_wait_seconds": 3.5398014010861516, "stage_batches": 1688.0, "stage_encode_seconds": 3.278023114427924, "stage_finalize_seconds": 8.642207831144333e-05, "stage_head_loss_seconds": 0.38807521667331457, "stage_mailbox_commit_row_fallback_count": 0.0, "stage_mailbox_commit_row_path_count": 176.0, "stage_memory_commit_build_seconds": 2.1972135016694665, "stage_memory_commit_mailbox_edge_select_seconds": 0.014669854193925858, "stage_memory_commit_replica_build_seconds": 0.0005532335489988327, "stage_memory_commit_row_fallback_count": 0.0, "stage_memory_commit_row_path_count": 598.0, "stage_memory_commit_seconds": 0.001646425575017929, "stage_memory_commit_submit_seconds": 0.597162033431232, "stage_memory_commit_wait_sync_seconds": 2.1584177911281586, "stage_metrics_seconds": 0.0, "stage_optimizer_all_reduce_seconds": 0.0648169731721282, "stage_optimizer_copyback_seconds": 0.27813463006168604, "stage_optimizer_flatten_seconds": 0.16806253045797348, "stage_optimizer_step_seconds": 1.0262371143326163, "stage_optimizer_steps": 422.0, "stage_optimizer_sync_seconds": 0.5233046989887953, "stage_sync_backward_seconds": 0.00016972795128822327, "stage_sync_batch_wait_seconds": 0.000241205096244812, "stage_sync_encode_seconds": 0.00030733272433280945, "stage_sync_epoch_tail_seconds": 1.6111880540847778e-07, "stage_sync_finalize_seconds": 2.812594175338745e-07, "stage_sync_head_loss_seconds": 0.0002764938399195671, "stage_sync_memory_commit_seconds": 0.00026963185518980026, "stage_sync_metrics_seconds": 0.0, "stage_sync_optimizer_step_seconds": 0.00021758303046226501, "stage_unaccounted_seconds": 2.939892758615315, "stage_wall_seconds": 13.233910391107202, "train_epoch_call_wall_seconds": 13.234250289388001, "train_metrics_reduce_wall_seconds": 0.006944175809621811}, "val": {"ap": 0.9751816668321444, "auc": 0.9733242937775329, "loss": 0.5034093982116743}}, {"epoch": 22, "test": {"ap": 0.9758742198780244, "auc": 0.9753643320824956, "loss": 0.513220115988092}, "timing": {"epoch_wall_seconds": 18.54396876040846, "other_wall_seconds": 0.007949316874146461, "test_wall_seconds": 2.693840387277305, "train_call_wall_seconds": 13.286678725853562, "train_metrics_reduce_wall_seconds": 0.006960962899029255, "train_reported_seconds": 13.286485367454588, "train_wrapper_gap_seconds": 0.0001933583989739418, "val_wall_seconds": 2.555500330403447}, "train": {"backend_batch_build_seconds": 1.2089081117883325, "backend_batches": 1688.0, "backend_build_edge_feature_layout_seconds": 0.004979407414793968, "backend_build_mailbox_layout_seconds": 0.0029049860313534737, "backend_build_memory_layout_seconds": 0.5406227270141244, "backend_build_node_feature_layout_seconds": 0.637559998780489, "backend_compact_fill_seconds": 0.16283611208200455, "backend_compact_index_edges": 42779095.0, "backend_compact_index_frontier_nodes": 10255388.75, "backend_compact_index_seconds": 2.902337009087205, "backend_compact_index_unique_edges": 9936693.5, "backend_compact_index_unique_nodes": 10255388.75, "backend_compact_root_seconds": 0.7284003896638751, "backend_compact_total_seconds": 3.9537932937964797, "backend_convert_sampling_output_seconds": 0.7810964994132519, "backend_get_sampling_output_seconds": 4.897204606793821, "backend_materialize_create_seconds": 0.7086781673133373, "backend_materialize_move_seconds": 0.15055539552122355, "backend_materialize_seconds": 0.8592335628345609, "backend_negative_attach_seconds": 0.7974281962960958, "backend_neighbor_sample_from_nodes_seconds": 2.184809872880578, "backend_patch_inputs_seconds": 0.838883358053863, "backend_remap_dst_mismatch_count": 0.0, "backend_remap_src_mismatch_count": 0.0, "backend_root_remap_seconds": 0.09982739854604006, "backend_sampling_native_seconds": 7.873211610130966, "backend_sampling_request_seconds": 0.11977034527808428, "backend_sampling_seconds": 7.970999216660857, "backend_submit_edge_feature_seconds": 0.38279822934418917, "backend_submit_mailbox_seconds": 0.0, "backend_submit_memory_mailbox_seconds": 0.3549174917861819, "backend_submit_memory_seconds": 0.0, "backend_submit_node_feature_seconds": 0.7966681644320488, "backend_submit_reads_seconds": 1.5018309550359845, "backend_train_edge_filter_dropped_edges": 0.0, "backend_train_edge_filter_input_edges": 0.0, "backend_train_edge_filter_kept_edges": 0.0, "backend_wait_edge_feature_seconds": 0.08420281577855349, "backend_wait_mailbox_seconds": 0.0, "backend_wait_memory_mailbox_seconds": 0.13207419216632843, "backend_wait_memory_seconds": 0.0, "backend_wait_node_feature_seconds": 0.08181151002645493, "backend_wait_patch_seconds": 0.3871930865570903, "component_communication_seconds": 5.146978806704283, "component_sampling_seconds": 9.969433358870447, "component_training_seconds": 8.951171643100679, "component_unaccounted_seconds": 0.0, "loss": 0.6991888340474305, "mailbox_replica_index_build_wall_seconds": 0.0, "memory_commit_hook_build_wall_seconds": 2.6511959731578827e-05, "memory_replica_index_build_wall_seconds": 0.0, "seconds": 13.286485367454588, "stage_accounted_seconds": 10.492560126818717, "stage_backward_seconds": 2.3476632349193096, "stage_batch_wait_seconds": 3.6031131790950894, "stage_batches": 1688.0, "stage_encode_seconds": 3.2743593407794833, "stage_finalize_seconds": 9.408779442310333e-05, "stage_head_loss_seconds": 0.3829408213496208, "stage_mailbox_commit_row_fallback_count": 0.0, "stage_mailbox_commit_row_path_count": 176.0, "stage_memory_commit_build_seconds": 2.20816414617002, "stage_memory_commit_mailbox_edge_select_seconds": 0.014958611689507961, "stage_memory_commit_replica_build_seconds": 0.0005483534187078476, "stage_memory_commit_row_fallback_count": 0.0, "stage_memory_commit_row_path_count": 598.0, "stage_memory_commit_seconds": 0.001657930202782154, "stage_memory_commit_submit_seconds": 0.6041724635288119, "stage_memory_commit_wait_sync_seconds": 2.170528489165008, "stage_metrics_seconds": 0.0, "stage_optimizer_all_reduce_seconds": 0.0680563086643815, "stage_optimizer_copyback_seconds": 0.26090536918491125, "stage_optimizer_flatten_seconds": 0.1555848428979516, "stage_optimizer_step_seconds": 1.0418949937447906, "stage_optimizer_steps": 422.0, "stage_optimizer_sync_seconds": 0.4999025398865342, "stage_sync_backward_seconds": 0.00016951188445091248, "stage_sync_batch_wait_seconds": 0.00024346448481082916, "stage_sync_encode_seconds": 0.00030484702438116074, "stage_sync_epoch_tail_seconds": 1.9371509552001953e-07, "stage_sync_finalize_seconds": 2.505257725715637e-07, "stage_sync_head_loss_seconds": 0.00027078669518232346, "stage_sync_memory_commit_seconds": 0.00026820413768291473, "stage_sync_metrics_seconds": 0.0, "stage_sync_optimizer_step_seconds": 0.0002186410129070282, "stage_unaccounted_seconds": 2.963258944451809, "stage_wall_seconds": 13.286485367454588, "train_epoch_call_wall_seconds": 13.286858324892819, "train_metrics_reduce_wall_seconds": 0.006960962899029255}, "val": {"ap": 0.9757289336932329, "auc": 0.9739079045223573, "loss": 0.5026426883414388}}, {"epoch": 23, "test": {"ap": 0.9759667468904105, "auc": 0.9754338760983439, "loss": 0.5013320307162674}, "timing": {"epoch_wall_seconds": 18.53802505042404, "other_wall_seconds": 0.008048857562243938, "test_wall_seconds": 2.717842594720423, "train_call_wall_seconds": 13.263749741949141, "train_metrics_reduce_wall_seconds": 0.0070625972002744675, "train_reported_seconds": 13.263545453548431, "train_wrapper_gap_seconds": 0.00020428840070962906, "val_wall_seconds": 2.548383856192231}, "train": {"backend_batch_build_seconds": 1.218087075278163, "backend_batches": 1688.0, "backend_build_edge_feature_layout_seconds": 0.005189084447920322, "backend_build_mailbox_layout_seconds": 0.0030509568750858307, "backend_build_memory_layout_seconds": 0.5384742906317115, "backend_build_node_feature_layout_seconds": 0.6523212743923068, "backend_compact_fill_seconds": 0.16416523419320583, "backend_compact_index_edges": 42778732.5, "backend_compact_index_frontier_nodes": 10256219.25, "backend_compact_index_seconds": 2.907296513207257, "backend_compact_index_unique_edges": 9937537.25, "backend_compact_index_unique_nodes": 10256219.25, "backend_compact_root_seconds": 0.7201167270541191, "backend_compact_total_seconds": 3.941246625036001, "backend_convert_sampling_output_seconds": 0.7809181679040194, "backend_get_sampling_output_seconds": 4.911791015416384, "backend_materialize_create_seconds": 0.7095957268029451, "backend_materialize_move_seconds": 0.15055547840893269, "backend_materialize_seconds": 0.8601512052118778, "backend_negative_attach_seconds": 0.7279897630214691, "backend_neighbor_sample_from_nodes_seconds": 2.217571754939854, "backend_patch_inputs_seconds": 0.8295008353888988, "backend_remap_dst_mismatch_count": 0.0, "backend_remap_src_mismatch_count": 0.0, "backend_root_remap_seconds": 0.10231783427298069, "backend_sampling_native_seconds": 7.925515850074589, "backend_sampling_request_seconds": 0.09917688369750977, "backend_sampling_seconds": 8.025637682527304, "backend_submit_edge_feature_seconds": 0.35176736023277044, "backend_submit_mailbox_seconds": 0.0, "backend_submit_memory_mailbox_seconds": 0.380602078512311, "backend_submit_memory_seconds": 0.0, "backend_submit_node_feature_seconds": 0.8038470866158605, "backend_submit_reads_seconds": 1.4973953776061535, "backend_train_edge_filter_dropped_edges": 0.0, "backend_train_edge_filter_input_edges": 0.0, "backend_train_edge_filter_kept_edges": 0.0, "backend_wait_edge_feature_seconds": 0.0846455842256546, "backend_wait_mailbox_seconds": 0.0, "backend_wait_memory_mailbox_seconds": 0.12552087660878897, "backend_wait_memory_seconds": 0.0, "backend_wait_node_feature_seconds": 0.08120519295334816, "backend_wait_patch_seconds": 0.3830279130488634, "component_communication_seconds": 5.129373415373266, "component_sampling_seconds": 9.874062400311232, "component_training_seconds": 8.996233352459967, "component_unaccounted_seconds": 0.0, "loss": 0.6993347783506765, "mailbox_replica_index_build_wall_seconds": 0.0, "memory_commit_hook_build_wall_seconds": 3.0093826353549957e-05, "memory_replica_index_build_wall_seconds": 0.0, "seconds": 13.263545453548431, "stage_accounted_seconds": 10.44213749282062, "stage_backward_seconds": 2.3416801849380136, "stage_batch_wait_seconds": 3.5571255162358284, "stage_batches": 1688.0, "stage_encode_seconds": 3.289946299046278, "stage_finalize_seconds": 0.00011100992560386658, "stage_head_loss_seconds": 0.3875646274536848, "stage_mailbox_commit_row_fallback_count": 0.0, "stage_mailbox_commit_row_path_count": 176.0, "stage_memory_commit_build_seconds": 2.1942540407180786, "stage_memory_commit_mailbox_edge_select_seconds": 0.015188523568212986, "stage_memory_commit_replica_build_seconds": 0.000551203265786171, "stage_memory_commit_row_fallback_count": 0.0, "stage_memory_commit_row_path_count": 598.0, "stage_memory_commit_seconds": 0.0016460837796330452, "stage_memory_commit_submit_seconds": 0.6190032446756959, "stage_memory_commit_wait_sync_seconds": 2.1562112579122186, "stage_metrics_seconds": 0.0, "stage_optimizer_all_reduce_seconds": 0.06880146637558937, "stage_optimizer_copyback_seconds": 0.25758374482393265, "stage_optimizer_flatten_seconds": 0.16706797759979963, "stage_optimizer_step_seconds": 1.039526367560029, "stage_optimizer_steps": 422.0, "stage_optimizer_sync_seconds": 0.5097318068146706, "stage_sync_backward_seconds": 0.0001739002764225006, "stage_sync_batch_wait_seconds": 0.0002410421147942543, "stage_sync_encode_seconds": 0.0003143344074487686, "stage_sync_epoch_tail_seconds": 1.4901161193847656e-07, "stage_sync_finalize_seconds": 2.728775143623352e-07, "stage_sync_head_loss_seconds": 0.00027464330196380615, "stage_sync_memory_commit_seconds": 0.0002736654132604599, "stage_sync_metrics_seconds": 0.0, "stage_sync_optimizer_step_seconds": 0.00021881982684135437, "stage_unaccounted_seconds": 2.9618835169821978, "stage_wall_seconds": 13.263545453548431, "train_epoch_call_wall_seconds": 13.263919373974204, "train_metrics_reduce_wall_seconds": 0.0070625972002744675}, "val": {"ap": 0.9755090456081834, "auc": 0.9736965309625732, "loss": 0.49432082702829083}}, {"epoch": 24, "test": {"ap": 0.9761999533928787, "auc": 0.9756887114836197, "loss": 0.49931274024261674}, "timing": {"epoch_wall_seconds": 18.490386358462274, "other_wall_seconds": 0.007978872396051884, "test_wall_seconds": 2.6863118931651115, "train_call_wall_seconds": 13.248560326173902, "train_metrics_reduce_wall_seconds": 0.006937780417501926, "train_reported_seconds": 13.248362905345857, "train_wrapper_gap_seconds": 0.00019742082804441452, "val_wall_seconds": 2.547535266727209}, "train": {"backend_batch_build_seconds": 1.3252698574215174, "backend_batches": 1688.0, "backend_build_edge_feature_layout_seconds": 0.004981424659490585, "backend_build_mailbox_layout_seconds": 0.0030285725370049477, "backend_build_memory_layout_seconds": 0.5405925121158361, "backend_build_node_feature_layout_seconds": 0.6437789890915155, "backend_compact_fill_seconds": 0.16320599522441626, "backend_compact_index_edges": 42780229.5, "backend_compact_index_frontier_nodes": 10256927.25, "backend_compact_index_seconds": 2.9278677767142653, "backend_compact_index_unique_edges": 9938202.75, "backend_compact_index_unique_nodes": 10256927.25, "backend_compact_root_seconds": 0.7270897552371025, "backend_compact_total_seconds": 3.9833618393167853, "backend_convert_sampling_output_seconds": 0.7809188086539507, "backend_get_sampling_output_seconds": 4.926221556961536, "backend_materialize_create_seconds": 0.6870826641097665, "backend_materialize_move_seconds": 0.1476197289302945, "backend_materialize_seconds": 0.834702393040061, "backend_negative_attach_seconds": 0.7332616355270147, "backend_neighbor_sample_from_nodes_seconds": 2.201285444200039, "backend_patch_inputs_seconds": 0.8182820118963718, "backend_remap_dst_mismatch_count": 0.0, "backend_remap_src_mismatch_count": 0.0, "backend_root_remap_seconds": 0.10448587127029896, "backend_sampling_native_seconds": 7.915134148672223, "backend_sampling_request_seconds": 0.09892577864229679, "backend_sampling_seconds": 8.014992337673903, "backend_submit_edge_feature_seconds": 0.3572958083823323, "backend_submit_mailbox_seconds": 0.0, "backend_submit_memory_mailbox_seconds": 0.35716087091714144, "backend_submit_memory_seconds": 0.0, "backend_submit_node_feature_seconds": 0.7749137850478292, "backend_submit_reads_seconds": 1.4792921347543597, "backend_train_edge_filter_dropped_edges": 0.0, "backend_train_edge_filter_input_edges": 0.0, "backend_train_edge_filter_kept_edges": 0.0, "backend_wait_edge_feature_seconds": 0.08557937294244766, "backend_wait_mailbox_seconds": 0.0, "backend_wait_memory_mailbox_seconds": 0.13517027720808983, "backend_wait_memory_seconds": 0.0, "backend_wait_node_feature_seconds": 0.07606203388422728, "backend_wait_patch_seconds": 0.3725387491285801, "component_communication_seconds": 5.162797472439706, "component_sampling_seconds": 9.939911133609712, "component_training_seconds": 8.995227815583348, "component_unaccounted_seconds": 0.0, "loss": 0.6987064815528019, "mailbox_replica_index_build_wall_seconds": 0.0, "memory_commit_hook_build_wall_seconds": 2.8681010007858276e-05, "memory_replica_index_build_wall_seconds": 0.0, "seconds": 13.248362905345857, "stage_accounted_seconds": 10.424333308823407, "stage_backward_seconds": 2.3341388450935483, "stage_batch_wait_seconds": 3.534429174847901, "stage_batches": 1688.0, "stage_encode_seconds": 3.2722310526296496, "stage_finalize_seconds": 0.00010229367762804031, "stage_head_loss_seconds": 0.38702699448913336, "stage_mailbox_commit_row_fallback_count": 0.0, "stage_mailbox_commit_row_path_count": 176.0, "stage_memory_commit_build_seconds": 2.2368407752364874, "stage_memory_commit_mailbox_edge_select_seconds": 0.015614903531968594, "stage_memory_commit_replica_build_seconds": 0.0005453759804368019, "stage_memory_commit_row_fallback_count": 0.0, "stage_memory_commit_row_path_count": 598.0, "stage_memory_commit_seconds": 0.0016414802521467209, "stage_memory_commit_submit_seconds": 0.6067493380978703, "stage_memory_commit_wait_sync_seconds": 2.1992160230875015, "stage_metrics_seconds": 0.0, "stage_optimizer_all_reduce_seconds": 0.06434823200106621, "stage_optimizer_copyback_seconds": 0.2770185871049762, "stage_optimizer_flatten_seconds": 0.1640754509717226, "stage_optimizer_step_seconds": 1.0471435878425837, "stage_optimizer_steps": 422.0, "stage_optimizer_sync_seconds": 0.5210678055882454, "stage_sync_backward_seconds": 0.00017027556896209717, "stage_sync_batch_wait_seconds": 0.0002446509897708893, "stage_sync_encode_seconds": 0.0003134245052933693, "stage_sync_epoch_tail_seconds": 1.5832483768463135e-07, "stage_sync_finalize_seconds": 2.8312206268310547e-07, "stage_sync_head_loss_seconds": 0.00028040632605552673, "stage_sync_memory_commit_seconds": 0.00026975758373737335, "stage_sync_metrics_seconds": 0.0, "stage_sync_optimizer_step_seconds": 0.00022436119616031647, "stage_unaccounted_seconds": 2.9955856017768383, "stage_wall_seconds": 13.248362905345857, "train_epoch_call_wall_seconds": 13.248725641518831, "train_metrics_reduce_wall_seconds": 0.006937780417501926}, "val": {"ap": 0.975834276362743, "auc": 0.9740751726311956, "loss": 0.4945969247174534}}, {"epoch": 25, "test": {"ap": 0.9767513384428194, "auc": 0.9761793770319185, "loss": 0.49996561751785606}, "timing": {"epoch_wall_seconds": 18.5245329644531, "other_wall_seconds": 0.008176570758223534, "test_wall_seconds": 2.6809465829283, "train_call_wall_seconds": 13.287051885388792, "train_metrics_reduce_wall_seconds": 0.007165027782320976, "train_reported_seconds": 13.286889717914164, "train_wrapper_gap_seconds": 0.0001621674746274948, "val_wall_seconds": 2.548357925377786}, "train": {"backend_batch_build_seconds": 1.2301566321402788, "backend_batches": 1688.0, "backend_build_edge_feature_layout_seconds": 0.0060611916705966, "backend_build_mailbox_layout_seconds": 0.0028348099440336227, "backend_build_memory_layout_seconds": 0.578573040664196, "backend_build_node_feature_layout_seconds": 0.6643102634698153, "backend_compact_fill_seconds": 0.1637452132999897, "backend_compact_index_edges": 42779407.0, "backend_compact_index_frontier_nodes": 10256288.5, "backend_compact_index_seconds": 2.9508627373725176, "backend_compact_index_unique_edges": 9937245.0, "backend_compact_index_unique_nodes": 10256288.5, "backend_compact_root_seconds": 0.7215338610112667, "backend_compact_total_seconds": 3.995734538882971, "backend_convert_sampling_output_seconds": 0.7917933529242873, "backend_get_sampling_output_seconds": 4.965113471262157, "backend_materialize_create_seconds": 0.6840867698192596, "backend_materialize_move_seconds": 0.1480536675080657, "backend_materialize_seconds": 0.8321404373273253, "backend_negative_attach_seconds": 0.7449716879054904, "backend_neighbor_sample_from_nodes_seconds": 2.1874482771381736, "backend_patch_inputs_seconds": 0.8239380465820432, "backend_remap_dst_mismatch_count": 0.0, "backend_remap_src_mismatch_count": 0.0, "backend_root_remap_seconds": 0.09730933420360088, "backend_sampling_native_seconds": 7.942575334571302, "backend_sampling_request_seconds": 0.12114402465522289, "backend_sampling_seconds": 8.041731632314622, "backend_submit_edge_feature_seconds": 0.3797314176335931, "backend_submit_mailbox_seconds": 0.0, "backend_submit_memory_mailbox_seconds": 0.375958283431828, "backend_submit_memory_seconds": 0.0, "backend_submit_node_feature_seconds": 0.7635404085740447, "backend_submit_reads_seconds": 1.4829053496941924, "backend_train_edge_filter_dropped_edges": 0.0, "backend_train_edge_filter_input_edges": 0.0, "backend_train_edge_filter_kept_edges": 0.0, "backend_wait_edge_feature_seconds": 0.08379631582647562, "backend_wait_mailbox_seconds": 0.0, "backend_wait_memory_mailbox_seconds": 0.13214991614222527, "backend_wait_memory_seconds": 0.0, "backend_wait_node_feature_seconds": 0.08594063483178616, "backend_wait_patch_seconds": 0.3712997371330857, "component_communication_seconds": 5.165889296680689, "component_sampling_seconds": 9.899238523095846, "component_training_seconds": 8.969244742766023, "component_unaccounted_seconds": 0.0, "loss": 0.6979689496211814, "mailbox_replica_index_build_wall_seconds": 0.0, "memory_commit_hook_build_wall_seconds": 2.2377818822860718e-05, "memory_replica_index_build_wall_seconds": 0.0, "seconds": 13.286889717914164, "stage_accounted_seconds": 10.463078477419913, "stage_backward_seconds": 2.3141101729124784, "stage_batch_wait_seconds": 3.568279528990388, "stage_batches": 1688.0, "stage_encode_seconds": 3.2777480697259307, "stage_finalize_seconds": 0.00017252005636692047, "stage_head_loss_seconds": 0.38874977082014084, "stage_mailbox_commit_row_fallback_count": 0.0, "stage_mailbox_commit_row_path_count": 176.0, "stage_memory_commit_build_seconds": 2.212104946374893, "stage_memory_commit_mailbox_edge_select_seconds": 0.01531623862683773, "stage_memory_commit_replica_build_seconds": 0.0005531506612896919, "stage_memory_commit_row_fallback_count": 0.0, "stage_memory_commit_row_path_count": 598.0, "stage_memory_commit_seconds": 0.001631985418498516, "stage_memory_commit_submit_seconds": 0.6337737217545509, "stage_memory_commit_wait_sync_seconds": 2.1750037651509047, "stage_metrics_seconds": 0.0, "stage_optimizer_all_reduce_seconds": 0.07310234475880861, "stage_optimizer_copyback_seconds": 0.2749261138960719, "stage_optimizer_flatten_seconds": 0.1551931519061327, "stage_optimizer_step_seconds": 1.0252937665209174, "stage_optimizer_steps": 422.0, "stage_optimizer_sync_seconds": 0.5127679752185941, "stage_sync_backward_seconds": 0.0001713912934064865, "stage_sync_batch_wait_seconds": 0.00024227239191532135, "stage_sync_encode_seconds": 0.0003132214769721031, "stage_sync_epoch_tail_seconds": 1.816079020500183e-07, "stage_sync_finalize_seconds": 2.905726432800293e-07, "stage_sync_head_loss_seconds": 0.0002841334789991379, "stage_sync_memory_commit_seconds": 0.0002695424482226372, "stage_sync_metrics_seconds": 0.0, "stage_sync_optimizer_step_seconds": 0.00022115185856819153, "stage_unaccounted_seconds": 2.9919904582202435, "stage_wall_seconds": 13.286889717914164, "train_epoch_call_wall_seconds": 13.287332739681005, "train_metrics_reduce_wall_seconds": 0.007165027782320976}, "val": {"ap": 0.9759186787383156, "auc": 0.9741219255696979, "loss": 0.49860396803441376}}, {"epoch": 26, "test": {"ap": 0.9762249046875874, "auc": 0.9756271568243257, "loss": 0.5039850192313844}, "timing": {"epoch_wall_seconds": 18.374598246067762, "other_wall_seconds": 0.007991787046194077, "test_wall_seconds": 2.683005813509226, "train_call_wall_seconds": 13.149681228213012, "train_metrics_reduce_wall_seconds": 0.007022225297987461, "train_reported_seconds": 13.149479324929416, "train_wrapper_gap_seconds": 0.00020190328359603882, "val_wall_seconds": 2.5339194172993302}, "train": {"backend_batch_build_seconds": 1.2029513344168663, "backend_batches": 1688.0, "backend_build_edge_feature_layout_seconds": 0.005541585385799408, "backend_build_mailbox_layout_seconds": 0.002531128004193306, "backend_build_memory_layout_seconds": 0.51582948025316, "backend_build_node_feature_layout_seconds": 0.5970986261963844, "backend_compact_fill_seconds": 0.1653041960671544, "backend_compact_index_edges": 42780617.0, "backend_compact_index_frontier_nodes": 10257922.75, "backend_compact_index_seconds": 2.904568555764854, "backend_compact_index_unique_edges": 9939187.75, "backend_compact_index_unique_nodes": 10257922.75, "backend_compact_root_seconds": 0.7144923396408558, "backend_compact_total_seconds": 3.9453566037118435, "backend_convert_sampling_output_seconds": 0.7957230620086193, "backend_get_sampling_output_seconds": 4.923792409710586, "backend_materialize_create_seconds": 0.6166988480836153, "backend_materialize_move_seconds": 0.13708545546978712, "backend_materialize_seconds": 0.7537843035534024, "backend_negative_attach_seconds": 0.6841526161879301, "backend_neighbor_sample_from_nodes_seconds": 2.211730247363448, "backend_patch_inputs_seconds": 0.8054132834076881, "backend_remap_dst_mismatch_count": 0.0, "backend_remap_src_mismatch_count": 0.0, "backend_root_remap_seconds": 0.09345071390271187, "backend_sampling_native_seconds": 7.9231393514201045, "backend_sampling_request_seconds": 0.10588443744927645, "backend_sampling_seconds": 8.020467515103519, "backend_submit_edge_feature_seconds": 0.36411755811423063, "backend_submit_mailbox_seconds": 0.0, "backend_submit_memory_mailbox_seconds": 0.3621784681454301, "backend_submit_memory_seconds": 0.0, "backend_submit_node_feature_seconds": 0.7092584325000644, "backend_submit_reads_seconds": 1.4098803801462054, "backend_train_edge_filter_dropped_edges": 0.0, "backend_train_edge_filter_input_edges": 0.0, "backend_train_edge_filter_kept_edges": 0.0, "backend_wait_edge_feature_seconds": 0.08772635366767645, "backend_wait_mailbox_seconds": 0.0, "backend_wait_memory_mailbox_seconds": 0.13933738227933645, "backend_wait_memory_seconds": 0.0, "backend_wait_node_feature_seconds": 0.08270689938217402, "backend_wait_patch_seconds": 0.3446157108992338, "component_communication_seconds": 5.083895269781351, "component_sampling_seconds": 9.741871998645365, "component_training_seconds": 8.984254238195717, "component_unaccounted_seconds": 0.0, "loss": 0.6960482770903698, "mailbox_replica_index_build_wall_seconds": 0.0, "memory_commit_hook_build_wall_seconds": 2.9940158128738403e-05, "memory_replica_index_build_wall_seconds": 0.0, "seconds": 13.149479324929416, "stage_accounted_seconds": 10.332385131157935, "stage_backward_seconds": 2.3409351631999016, "stage_batch_wait_seconds": 3.4489165991544724, "stage_batches": 1688.0, "stage_encode_seconds": 3.3044890435412526, "stage_finalize_seconds": 0.0001116311177611351, "stage_head_loss_seconds": 0.38614035677164793, "stage_mailbox_commit_row_fallback_count": 0.0, "stage_mailbox_commit_row_path_count": 176.0, "stage_memory_commit_build_seconds": 2.2408793782815337, "stage_memory_commit_mailbox_edge_select_seconds": 0.01563647948205471, "stage_memory_commit_replica_build_seconds": 0.000551082193851471, "stage_memory_commit_row_fallback_count": 0.0, "stage_memory_commit_row_path_count": 598.0, "stage_memory_commit_seconds": 0.0016734134405851364, "stage_memory_commit_submit_seconds": 0.6062510022893548, "stage_memory_commit_wait_sync_seconds": 2.203425796702504, "stage_metrics_seconds": 0.0, "stage_optimizer_all_reduce_seconds": 0.062192970886826515, "stage_optimizer_copyback_seconds": 0.2630547443404794, "stage_optimizer_flatten_seconds": 0.15604259818792343, "stage_optimizer_step_seconds": 1.032889073714614, "stage_optimizer_steps": 422.0, "stage_optimizer_sync_seconds": 0.49278418347239494, "stage_sync_backward_seconds": 0.00016910117119550705, "stage_sync_batch_wait_seconds": 0.00023947935551404953, "stage_sync_encode_seconds": 0.0003124093636870384, "stage_sync_epoch_tail_seconds": 1.648440957069397e-07, "stage_sync_finalize_seconds": 2.7194619178771973e-07, "stage_sync_head_loss_seconds": 0.0002683717757463455, "stage_sync_memory_commit_seconds": 0.00026941392570734024, "stage_sync_metrics_seconds": 0.0, "stage_sync_optimizer_step_seconds": 0.00021368637681007385, "stage_unaccounted_seconds": 2.9910445464774966, "stage_wall_seconds": 13.149479324929416, "train_epoch_call_wall_seconds": 13.14985346980393, "train_metrics_reduce_wall_seconds": 0.007022225297987461}, "val": {"ap": 0.9755051115624777, "auc": 0.9736565647440217, "loss": 0.4989891135218468}}, {"epoch": 27, "test": {"ap": 0.9763070351864895, "auc": 0.9757293221854204, "loss": 0.4916773628104817}, "timing": {"epoch_wall_seconds": 18.38405558746308, "other_wall_seconds": 0.007864349521696568, "test_wall_seconds": 2.6798208812251687, "train_call_wall_seconds": 13.161243662238121, "train_metrics_reduce_wall_seconds": 0.006920452229678631, "train_reported_seconds": 13.160994316451252, "train_wrapper_gap_seconds": 0.0002493457868695259, "val_wall_seconds": 2.5351266944780946}, "train": {"backend_batch_build_seconds": 1.2594182584434748, "backend_batches": 1688.0, "backend_build_edge_feature_layout_seconds": 0.00521487183868885, "backend_build_mailbox_layout_seconds": 0.002556231804192066, "backend_build_memory_layout_seconds": 0.5383819723501801, "backend_build_node_feature_layout_seconds": 0.6662724828347564, "backend_compact_fill_seconds": 0.16327626630663872, "backend_compact_index_edges": 42781219.75, "backend_compact_index_frontier_nodes": 10257564.0, "backend_compact_index_seconds": 2.894120211713016, "backend_compact_index_unique_edges": 9938975.0, "backend_compact_index_unique_nodes": 10257564.0, "backend_compact_root_seconds": 0.7166360467672348, "backend_compact_total_seconds": 3.9255302203819156, "backend_convert_sampling_output_seconds": 0.7785801785066724, "backend_get_sampling_output_seconds": 4.8954719342291355, "backend_materialize_create_seconds": 0.6177820172160864, "backend_materialize_move_seconds": 0.13871186785399914, "backend_materialize_seconds": 0.755373484455049, "backend_negative_attach_seconds": 0.6304973615333438, "backend_neighbor_sample_from_nodes_seconds": 2.1920946277678013, "backend_patch_inputs_seconds": 0.8116754731163383, "backend_remap_dst_mismatch_count": 0.0, "backend_remap_src_mismatch_count": 0.0, "backend_root_remap_seconds": 0.09300105459988117, "backend_sampling_native_seconds": 7.881824586540461, "backend_sampling_request_seconds": 0.09288736619055271, "backend_sampling_seconds": 7.9650334026664495, "backend_submit_edge_feature_seconds": 0.3774276142939925, "backend_submit_mailbox_seconds": 0.0, "backend_submit_memory_mailbox_seconds": 0.36089575476944447, "backend_submit_memory_seconds": 0.0, "backend_submit_node_feature_seconds": 0.6830995855852962, "backend_submit_reads_seconds": 1.406895018182695, "backend_train_edge_filter_dropped_edges": 0.0, "backend_train_edge_filter_input_edges": 0.0, "backend_train_edge_filter_kept_edges": 0.0, "backend_wait_edge_feature_seconds": 0.08420176710933447, "backend_wait_mailbox_seconds": 0.0, "backend_wait_memory_mailbox_seconds": 0.1292793583124876, "backend_wait_memory_seconds": 0.0, "backend_wait_node_feature_seconds": 0.08278523478657007, "backend_wait_patch_seconds": 0.35197282023727894, "component_communication_seconds": 5.058004543185234, "component_sampling_seconds": 9.787863459438086, "component_training_seconds": 8.993200889788568, "component_unaccounted_seconds": 0.0, "loss": 0.6966387888337199, "mailbox_replica_index_build_wall_seconds": 0.0, "memory_commit_hook_build_wall_seconds": 2.3292377591133118e-05, "memory_replica_index_build_wall_seconds": 0.0, "seconds": 13.160994316451252, "stage_accounted_seconds": 10.313199171796441, "stage_backward_seconds": 2.3331955522298813, "stage_batch_wait_seconds": 3.455787254497409, "stage_batches": 1688.0, "stage_encode_seconds": 3.2881455374881625, "stage_finalize_seconds": 9.904149919748306e-05, "stage_head_loss_seconds": 0.3834423627704382, "stage_mailbox_commit_row_fallback_count": 0.0, "stage_mailbox_commit_row_path_count": 176.0, "stage_memory_commit_build_seconds": 2.212755081243813, "stage_memory_commit_mailbox_edge_select_seconds": 0.01641373336315155, "stage_memory_commit_replica_build_seconds": 0.0005595693364739418, "stage_memory_commit_row_fallback_count": 0.0, "stage_memory_commit_row_path_count": 598.0, "stage_memory_commit_seconds": 0.0016554277390241623, "stage_memory_commit_submit_seconds": 0.6062704669311643, "stage_memory_commit_wait_sync_seconds": 2.174159969203174, "stage_metrics_seconds": 0.0, "stage_optimizer_all_reduce_seconds": 0.06753444205969572, "stage_optimizer_copyback_seconds": 0.27064334601163864, "stage_optimizer_flatten_seconds": 0.17853267956525087, "stage_optimizer_step_seconds": 1.053841625340283, "stage_optimizer_steps": 422.0, "stage_optimizer_sync_seconds": 0.5135586000978947, "stage_sync_backward_seconds": 0.00017161201685667038, "stage_sync_batch_wait_seconds": 0.0002399533987045288, "stage_sync_encode_seconds": 0.0003097662702202797, "stage_sync_epoch_tail_seconds": 1.5925616025924683e-07, "stage_sync_finalize_seconds": 2.998858690261841e-07, "stage_sync_head_loss_seconds": 0.00027383212000131607, "stage_sync_memory_commit_seconds": 0.00027283281087875366, "stage_sync_metrics_seconds": 0.0, "stage_sync_optimizer_step_seconds": 0.0002142312005162239, "stage_unaccounted_seconds": 2.964068094268441, "stage_wall_seconds": 13.160994316451252, "train_epoch_call_wall_seconds": 13.161339703947306, "train_metrics_reduce_wall_seconds": 0.006920452229678631}, "val": {"ap": 0.9756885374472635, "auc": 0.9738763136900355, "loss": 0.49253945348953665}}, {"epoch": 28, "test": {"ap": 0.9763383572874541, "auc": 0.9759288722771, "loss": 0.5028183418749408}, "timing": {"epoch_wall_seconds": 18.501944916322827, "other_wall_seconds": 0.009717503562569618, "test_wall_seconds": 2.699691035784781, "train_call_wall_seconds": 13.25766814686358, "train_metrics_reduce_wall_seconds": 0.006958507001399994, "train_reported_seconds": 13.257528725080192, "train_wrapper_gap_seconds": 0.00013942178338766098, "val_wall_seconds": 2.534868230111897}, "train": {"backend_batch_build_seconds": 1.2694848729297519, "backend_batches": 1688.0, "backend_build_edge_feature_layout_seconds": 0.007234366610646248, "backend_build_mailbox_layout_seconds": 0.003025009296834469, "backend_build_memory_layout_seconds": 0.6053139856085181, "backend_build_node_feature_layout_seconds": 0.7197130359709263, "backend_compact_fill_seconds": 0.16456886380910873, "backend_compact_index_edges": 42780940.75, "backend_compact_index_frontier_nodes": 10257617.0, "backend_compact_index_seconds": 2.9821538776159286, "backend_compact_index_unique_edges": 9938849.75, "backend_compact_index_unique_nodes": 10257617.0, "backend_compact_root_seconds": 0.7237156182527542, "backend_compact_total_seconds": 4.0336033422499895, "backend_convert_sampling_output_seconds": 0.7860153950750828, "backend_get_sampling_output_seconds": 4.996317784301937, "backend_materialize_create_seconds": 0.606694757938385, "backend_materialize_move_seconds": 0.14119725860655308, "backend_materialize_seconds": 0.7478920165449381, "backend_negative_attach_seconds": 0.7551311710849404, "backend_neighbor_sample_from_nodes_seconds": 2.2061981363222003, "backend_patch_inputs_seconds": 0.8021065518260002, "backend_remap_dst_mismatch_count": 0.0, "backend_remap_src_mismatch_count": 0.0, "backend_root_remap_seconds": 0.09493043273687363, "backend_sampling_native_seconds": 7.9913844568654895, "backend_sampling_request_seconds": 0.10383533872663975, "backend_sampling_seconds": 8.092284106649458, "backend_submit_edge_feature_seconds": 0.4025289611890912, "backend_submit_mailbox_seconds": 0.0, "backend_submit_memory_mailbox_seconds": 0.37484608869999647, "backend_submit_memory_seconds": 0.0, "backend_submit_node_feature_seconds": 0.7258904883638024, "backend_submit_reads_seconds": 1.4780645109713078, "backend_train_edge_filter_dropped_edges": 0.0, "backend_train_edge_filter_input_edges": 0.0, "backend_train_edge_filter_kept_edges": 0.0, "backend_wait_edge_feature_seconds": 0.08708908688277006, "backend_wait_mailbox_seconds": 0.0, "backend_wait_memory_mailbox_seconds": 0.13350969273597002, "backend_wait_memory_seconds": 0.0, "backend_wait_node_feature_seconds": 0.07756337430328131, "backend_wait_patch_seconds": 0.34333891700953245, "component_communication_seconds": 5.131613378413022, "component_sampling_seconds": 10.073458284139633, "component_training_seconds": 8.985742163844407, "component_unaccounted_seconds": 0.0, "loss": 0.696707548017468, "mailbox_replica_index_build_wall_seconds": 0.0, "memory_commit_hook_build_wall_seconds": 2.504047006368637e-05, "memory_replica_index_build_wall_seconds": 0.0, "seconds": 13.257528725080192, "stage_accounted_seconds": 10.415953680872917, "stage_backward_seconds": 2.3196810064837337, "stage_batch_wait_seconds": 3.5426850551739335, "stage_batches": 1688.0, "stage_encode_seconds": 3.317901144735515, "stage_finalize_seconds": 9.152106940746307e-05, "stage_head_loss_seconds": 0.38914213329553604, "stage_mailbox_commit_row_fallback_count": 0.0, "stage_mailbox_commit_row_path_count": 176.0, "stage_memory_commit_build_seconds": 2.2644928162917495, "stage_memory_commit_mailbox_edge_select_seconds": 0.015804761089384556, "stage_memory_commit_replica_build_seconds": 0.0005542552098631859, "stage_memory_commit_row_fallback_count": 0.0, "stage_memory_commit_row_path_count": 598.0, "stage_memory_commit_seconds": 0.0016353568062186241, "stage_memory_commit_submit_seconds": 0.6121792225167155, "stage_memory_commit_wait_sync_seconds": 2.22720839176327, "stage_metrics_seconds": 0.0, "stage_optimizer_all_reduce_seconds": 0.060990093275904655, "stage_optimizer_copyback_seconds": 0.27254221867769957, "stage_optimizer_flatten_seconds": 0.16064627841114998, "stage_optimizer_step_seconds": 1.0144777204841375, "stage_optimizer_steps": 422.0, "stage_optimizer_sync_seconds": 0.48559459764510393, "stage_sync_backward_seconds": 0.00016934238374233246, "stage_sync_batch_wait_seconds": 0.00024025607854127884, "stage_sync_encode_seconds": 0.0003122584894299507, "stage_sync_epoch_tail_seconds": 1.8719583749771118e-07, "stage_sync_finalize_seconds": 3.129243850708008e-07, "stage_sync_head_loss_seconds": 0.000272996723651886, "stage_sync_memory_commit_seconds": 0.00027568545192480087, "stage_sync_metrics_seconds": 0.0, "stage_sync_optimizer_step_seconds": 0.0002214927226305008, "stage_unaccounted_seconds": 3.025708387605846, "stage_wall_seconds": 13.257528725080192, "train_epoch_call_wall_seconds": 13.257878520525992, "train_metrics_reduce_wall_seconds": 0.006958507001399994}, "val": {"ap": 0.9757232117596019, "auc": 0.9739637091176211, "loss": 0.4979520270770247}}, {"epoch": 29, "test": {"ap": 0.9764876221503981, "auc": 0.9760178931158755, "loss": 0.49942461773753166}, "timing": {"epoch_wall_seconds": 18.592692545615137, "other_wall_seconds": 0.008078332059085369, "test_wall_seconds": 2.733184822835028, "train_call_wall_seconds": 13.278218185529113, "train_metrics_reduce_wall_seconds": 0.0070813605561852455, "train_reported_seconds": 13.278021033853292, "train_wrapper_gap_seconds": 0.00019715167582035065, "val_wall_seconds": 2.5732112051919103}, "train": {"backend_batch_build_seconds": 1.1944085601717234, "backend_batches": 1688.0, "backend_build_edge_feature_layout_seconds": 0.007257986813783646, "backend_build_mailbox_layout_seconds": 0.0029956717044115067, "backend_build_memory_layout_seconds": 0.599420371465385, "backend_build_node_feature_layout_seconds": 0.6872291229665279, "backend_compact_fill_seconds": 0.16520569287240505, "backend_compact_index_edges": 42782793.75, "backend_compact_index_frontier_nodes": 10259658.25, "backend_compact_index_seconds": 2.8912743600085378, "backend_compact_index_unique_edges": 9941009.0, "backend_compact_index_unique_nodes": 10259658.25, "backend_compact_root_seconds": 0.7199455685913563, "backend_compact_total_seconds": 3.9250896451994777, "backend_convert_sampling_output_seconds": 0.7814909880980849, "backend_get_sampling_output_seconds": 4.895506042055786, "backend_materialize_create_seconds": 0.7098111575469375, "backend_materialize_move_seconds": 0.1504070507362485, "backend_materialize_seconds": 0.85989685729146, "backend_negative_attach_seconds": 0.7456527203321457, "backend_neighbor_sample_from_nodes_seconds": 2.2105168234556913, "backend_patch_inputs_seconds": 0.8165957052260637, "backend_remap_dst_mismatch_count": 0.0, "backend_remap_src_mismatch_count": 0.0, "backend_root_remap_seconds": 0.11121782567352057, "backend_sampling_native_seconds": 7.9006324373185635, "backend_sampling_request_seconds": 0.09339859709143639, "backend_sampling_seconds": 7.994952763430774, "backend_submit_edge_feature_seconds": 0.35830656718462706, "backend_submit_mailbox_seconds": 0.0, "backend_submit_memory_mailbox_seconds": 0.37242300529032946, "backend_submit_memory_seconds": 0.0, "backend_submit_node_feature_seconds": 0.8136831680312753, "backend_submit_reads_seconds": 1.5280372286215425, "backend_train_edge_filter_dropped_edges": 0.0, "backend_train_edge_filter_input_edges": 0.0, "backend_train_edge_filter_kept_edges": 0.0, "backend_wait_edge_feature_seconds": 0.08566016145050526, "backend_wait_mailbox_seconds": 0.0, "backend_wait_memory_mailbox_seconds": 0.13275012001395226, "backend_wait_memory_seconds": 0.0, "backend_wait_node_feature_seconds": 0.07963663246482611, "backend_wait_patch_seconds": 0.384175606071949, "component_communication_seconds": 5.248247815296054, "component_sampling_seconds": 9.852833388373256, "component_training_seconds": 8.941936112008989, "component_unaccounted_seconds": 0.0, "loss": 0.6956251177106989, "mailbox_replica_index_build_wall_seconds": 0.0, "memory_commit_hook_build_wall_seconds": 2.75392085313797e-05, "memory_replica_index_build_wall_seconds": 0.0, "seconds": 13.278021033853292, "stage_accounted_seconds": 10.484279794618487, "stage_backward_seconds": 2.38252136670053, "stage_batch_wait_seconds": 3.590303333476186, "stage_batches": 1688.0, "stage_encode_seconds": 3.2836486445739865, "stage_finalize_seconds": 0.00010936148464679718, "stage_head_loss_seconds": 0.3864383054897189, "stage_mailbox_commit_row_fallback_count": 0.0, "stage_mailbox_commit_row_path_count": 176.0, "stage_memory_commit_build_seconds": 2.2586505291983485, "stage_memory_commit_mailbox_edge_select_seconds": 0.014985382556915283, "stage_memory_commit_replica_build_seconds": 0.0005424423143267632, "stage_memory_commit_row_fallback_count": 0.0, "stage_memory_commit_row_path_count": 598.0, "stage_memory_commit_seconds": 0.0016220500692725182, "stage_memory_commit_submit_seconds": 0.6143661951646209, "stage_memory_commit_wait_sync_seconds": 2.2212567692622542, "stage_metrics_seconds": 0.0, "stage_optimizer_all_reduce_seconds": 0.07050913292914629, "stage_optimizer_copyback_seconds": 0.2642815541476011, "stage_optimizer_flatten_seconds": 0.15830038394778967, "stage_optimizer_step_seconds": 1.0136980256065726, "stage_optimizer_steps": 422.0, "stage_optimizer_sync_seconds": 0.4963668743148446, "stage_sync_backward_seconds": 0.00017114169895648956, "stage_sync_batch_wait_seconds": 0.00024469755589962006, "stage_sync_encode_seconds": 0.0003140680491924286, "stage_sync_epoch_tail_seconds": 1.6298145055770874e-07, "stage_sync_finalize_seconds": 2.7567148208618164e-07, "stage_sync_head_loss_seconds": 0.0002674125134944916, "stage_sync_memory_commit_seconds": 0.00027185026556253433, "stage_sync_metrics_seconds": 0.0, "stage_sync_optimizer_step_seconds": 0.00021924730390310287, "stage_unaccounted_seconds": 3.020684130489826, "stage_wall_seconds": 13.278021033853292, "train_epoch_call_wall_seconds": 13.278407840058208, "train_metrics_reduce_wall_seconds": 0.0070813605561852455}, "val": {"ap": 0.9755542488130112, "auc": 0.9737804970530951, "loss": 0.49857942929322074}}, {"epoch": 30, "test": {"ap": 0.9758465553383713, "auc": 0.9752340979842976, "loss": 0.5061853954737836}, "timing": {"epoch_wall_seconds": 18.456496607512236, "other_wall_seconds": 0.007993577979505062, "test_wall_seconds": 2.6974016465246677, "train_call_wall_seconds": 13.208924506790936, "train_metrics_reduce_wall_seconds": 0.006988689303398132, "train_reported_seconds": 13.208698791451752, "train_wrapper_gap_seconds": 0.00022571533918380737, "val_wall_seconds": 2.542176876217127}, "train": {"backend_batch_build_seconds": 1.2279806146398187, "backend_batches": 1688.0, "backend_build_edge_feature_layout_seconds": 0.007236306555569172, "backend_build_mailbox_layout_seconds": 0.002997377887368202, "backend_build_memory_layout_seconds": 0.575786623172462, "backend_build_node_feature_layout_seconds": 0.6556313810870051, "backend_compact_fill_seconds": 0.16389172058552504, "backend_compact_index_edges": 42782442.25, "backend_compact_index_frontier_nodes": 10258304.5, "backend_compact_index_seconds": 2.9736738819628954, "backend_compact_index_unique_edges": 9939215.25, "backend_compact_index_unique_nodes": 10258304.5, "backend_compact_root_seconds": 0.7152874646708369, "backend_compact_total_seconds": 4.029302565380931, "backend_convert_sampling_output_seconds": 0.7838062308728695, "backend_get_sampling_output_seconds": 5.004788924008608, "backend_materialize_create_seconds": 0.6184488106518984, "backend_materialize_move_seconds": 0.13782162871211767, "backend_materialize_seconds": 0.7562704393640161, "backend_negative_attach_seconds": 0.6962228715419769, "backend_neighbor_sample_from_nodes_seconds": 2.2135758623480797, "backend_patch_inputs_seconds": 0.8072506496682763, "backend_remap_dst_mismatch_count": 0.0, "backend_remap_src_mismatch_count": 0.0, "backend_root_remap_seconds": 0.0947631262242794, "backend_sampling_native_seconds": 8.00065139029175, "backend_sampling_request_seconds": 0.1706174025312066, "backend_sampling_seconds": 8.172194277867675, "backend_submit_edge_feature_seconds": 0.4127556886523962, "backend_submit_mailbox_seconds": 0.0, "backend_submit_memory_mailbox_seconds": 0.36489833518862724, "backend_submit_memory_seconds": 0.0, "backend_submit_node_feature_seconds": 0.7078422522172332, "backend_submit_reads_seconds": 1.4439195524901152, "backend_train_edge_filter_dropped_edges": 0.0, "backend_train_edge_filter_input_edges": 0.0, "backend_train_edge_filter_kept_edges": 0.0, "backend_wait_edge_feature_seconds": 0.08535581175237894, "backend_wait_mailbox_seconds": 0.0, "backend_wait_memory_mailbox_seconds": 0.1290692863985896, "backend_wait_memory_seconds": 0.0, "backend_wait_node_feature_seconds": 0.0851613488048315, "backend_wait_patch_seconds": 0.3455040752887726, "component_communication_seconds": 5.108113133348525, "component_sampling_seconds": 9.86542270053178, "component_training_seconds": 8.967756754718721, "component_unaccounted_seconds": 0.0, "loss": 0.6939252300355672, "mailbox_replica_index_build_wall_seconds": 0.0, "memory_commit_hook_build_wall_seconds": 2.7048401534557343e-05, "memory_replica_index_build_wall_seconds": 0.0, "seconds": 13.208698791451752, "stage_accounted_seconds": 10.386238561943173, "stage_backward_seconds": 2.3199182897806168, "stage_batch_wait_seconds": 3.500288753770292, "stage_batches": 1688.0, "stage_encode_seconds": 3.290845318697393, "stage_finalize_seconds": 0.0001057162880897522, "stage_head_loss_seconds": 0.38874222431331873, "stage_mailbox_commit_row_fallback_count": 0.0, "stage_mailbox_commit_row_path_count": 176.0, "stage_memory_commit_build_seconds": 2.2572538685053587, "stage_memory_commit_mailbox_edge_select_seconds": 0.01497604139149189, "stage_memory_commit_replica_build_seconds": 0.0005480023100972176, "stage_memory_commit_row_fallback_count": 0.0, "stage_memory_commit_row_path_count": 598.0, "stage_memory_commit_seconds": 0.0016294876113533974, "stage_memory_commit_submit_seconds": 0.6127181388437748, "stage_memory_commit_wait_sync_seconds": 2.220174408517778, "stage_metrics_seconds": 0.0, "stage_optimizer_all_reduce_seconds": 0.06616698112338781, "stage_optimizer_copyback_seconds": 0.2603047667071223, "stage_optimizer_flatten_seconds": 0.1599918631836772, "stage_optimizer_step_seconds": 1.0057513806968927, "stage_optimizer_steps": 422.0, "stage_optimizer_sync_seconds": 0.4909488568082452, "stage_sync_backward_seconds": 0.00017140060663223267, "stage_sync_batch_wait_seconds": 0.00023977737873792648, "stage_sync_encode_seconds": 0.00030515994876623154, "stage_sync_epoch_tail_seconds": 1.5832483768463135e-07, "stage_sync_finalize_seconds": 2.7101486921310425e-07, "stage_sync_head_loss_seconds": 0.00026851240545511246, "stage_sync_memory_commit_seconds": 0.0002699475735425949, "stage_sync_metrics_seconds": 0.0, "stage_sync_optimizer_step_seconds": 0.0002151159569621086, "stage_unaccounted_seconds": 3.008418282493949, "stage_wall_seconds": 13.208698791451752, "train_epoch_call_wall_seconds": 13.209044189192355, "train_metrics_reduce_wall_seconds": 0.006988689303398132}, "val": {"ap": 0.9757892307673826, "auc": 0.973984289444968, "loss": 0.5002738515931098}}, {"epoch": 31, "test": {"ap": 0.9761744701181926, "auc": 0.9756094125726893, "loss": 0.49015354255045007}, "timing": {"epoch_wall_seconds": 18.61374048050493, "other_wall_seconds": 0.009583167731761932, "test_wall_seconds": 2.8197793643921614, "train_call_wall_seconds": 13.223676315508783, "train_metrics_reduce_wall_seconds": 0.006892106495797634, "train_reported_seconds": 13.223439213819802, "train_wrapper_gap_seconds": 0.0002371016889810562, "val_wall_seconds": 2.560701632872224}, "train": {"backend_batch_build_seconds": 1.2704515308141708, "backend_batches": 1688.0, "backend_build_edge_feature_layout_seconds": 0.005221587605774403, "backend_build_mailbox_layout_seconds": 0.002521044574677944, "backend_build_memory_layout_seconds": 0.5180156240239739, "backend_build_node_feature_layout_seconds": 0.6105643240734935, "backend_compact_fill_seconds": 0.16435152292251587, "backend_compact_index_edges": 42780194.25, "backend_compact_index_frontier_nodes": 10256329.5, "backend_compact_index_seconds": 2.874136185273528, "backend_compact_index_unique_edges": 9937563.5, "backend_compact_index_unique_nodes": 10256329.5, "backend_compact_root_seconds": 0.7095633950084448, "backend_compact_total_seconds": 3.8960913084447384, "backend_convert_sampling_output_seconds": 0.7780369715765119, "backend_get_sampling_output_seconds": 4.863433852791786, "backend_materialize_create_seconds": 0.6571898004040122, "backend_materialize_move_seconds": 0.139001096598804, "backend_materialize_seconds": 0.7959065530449152, "backend_negative_attach_seconds": 0.7032662481069565, "backend_neighbor_sample_from_nodes_seconds": 2.1865893257781863, "backend_patch_inputs_seconds": 0.8119709696620703, "backend_remap_dst_mismatch_count": 0.0, "backend_remap_src_mismatch_count": 0.0, "backend_root_remap_seconds": 0.09742476884275675, "backend_sampling_native_seconds": 7.841564850881696, "backend_sampling_request_seconds": 0.12919157557189465, "backend_sampling_seconds": 7.924735574051738, "backend_submit_edge_feature_seconds": 0.3855762341991067, "backend_submit_mailbox_seconds": 0.0, "backend_submit_memory_mailbox_seconds": 0.3653601976111531, "backend_submit_memory_seconds": 0.0, "backend_submit_node_feature_seconds": 0.7376161245629191, "backend_submit_reads_seconds": 1.450616984628141, "backend_train_edge_filter_dropped_edges": 0.0, "backend_train_edge_filter_input_edges": 0.0, "backend_train_edge_filter_kept_edges": 0.0, "backend_wait_edge_feature_seconds": 0.08413536567240953, "backend_wait_mailbox_seconds": 0.0, "backend_wait_memory_mailbox_seconds": 0.13044719118624926, "backend_wait_memory_seconds": 0.0, "backend_wait_node_feature_seconds": 0.07864742632955313, "backend_wait_patch_seconds": 0.3581970613449812, "component_communication_seconds": 5.167262393049896, "component_sampling_seconds": 9.881727853789926, "component_training_seconds": 8.969900387339294, "component_unaccounted_seconds": 0.0, "loss": 0.6948177171120712, "mailbox_replica_index_build_wall_seconds": 0.0, "memory_commit_hook_build_wall_seconds": 2.3121945559978485e-05, "memory_replica_index_build_wall_seconds": 0.0, "seconds": 13.223439213819802, "stage_accounted_seconds": 10.435964814387262, "stage_backward_seconds": 2.3721328116953373, "stage_batch_wait_seconds": 3.5307606598362327, "stage_batches": 1688.0, "stage_encode_seconds": 3.2877738596871495, "stage_finalize_seconds": 0.00010717194527387619, "stage_head_loss_seconds": 0.38708864618092775, "stage_mailbox_commit_row_fallback_count": 0.0, "stage_mailbox_commit_row_path_count": 176.0, "stage_memory_commit_build_seconds": 2.273632612079382, "stage_memory_commit_mailbox_edge_select_seconds": 0.015299445949494839, "stage_memory_commit_replica_build_seconds": 0.0005543269217014313, "stage_memory_commit_row_fallback_count": 0.0, "stage_memory_commit_row_path_count": 598.0, "stage_memory_commit_seconds": 0.001637420617043972, "stage_memory_commit_submit_seconds": 0.6075618918985128, "stage_memory_commit_wait_sync_seconds": 2.2359593445435166, "stage_metrics_seconds": 0.0, "stage_optimizer_all_reduce_seconds": 0.06276490073651075, "stage_optimizer_copyback_seconds": 0.27473803237080574, "stage_optimizer_flatten_seconds": 0.14822106901556253, "stage_optimizer_step_seconds": 1.0282786777243018, "stage_optimizer_steps": 422.0, "stage_optimizer_sync_seconds": 0.4970648577436805, "stage_sync_backward_seconds": 0.00016982853412628174, "stage_sync_batch_wait_seconds": 0.00024402327835559845, "stage_sync_encode_seconds": 0.00031092483550310135, "stage_sync_epoch_tail_seconds": 1.5832483768463135e-07, "stage_sync_finalize_seconds": 2.5797635316848755e-07, "stage_sync_head_loss_seconds": 0.00026915688067674637, "stage_sync_memory_commit_seconds": 0.0002721305936574936, "stage_sync_metrics_seconds": 0.0, "stage_sync_optimizer_step_seconds": 0.00021615531295537949, "stage_unaccounted_seconds": 3.0247193472459912, "stage_wall_seconds": 13.223439213819802, "train_epoch_call_wall_seconds": 13.223780065774918, "train_metrics_reduce_wall_seconds": 0.006892106495797634}, "val": {"ap": 0.9757184313877929, "auc": 0.9739245895831817, "loss": 0.4899855088442564}}, {"epoch": 32, "test": {"ap": 0.9766912214765766, "auc": 0.9761880985422253, "loss": 0.5055851011791013}, "timing": {"epoch_wall_seconds": 18.410172862932086, "other_wall_seconds": 0.010503952391445637, "test_wall_seconds": 2.66540065780282, "train_call_wall_seconds": 13.10304197948426, "train_metrics_reduce_wall_seconds": 0.006961695849895477, "train_reported_seconds": 13.105400854721665, "train_wrapper_gap_seconds": 0.0, "val_wall_seconds": 2.63122627325356}, "train": {"backend_batch_build_seconds": 1.181531391106546, "backend_batches": 1688.0, "backend_build_edge_feature_layout_seconds": 0.0062680933624506, "backend_build_mailbox_layout_seconds": 0.002635548822581768, "backend_build_memory_layout_seconds": 0.5540287708863616, "backend_build_node_feature_layout_seconds": 0.6196799427270889, "backend_compact_fill_seconds": 0.16709302365779877, "backend_compact_index_edges": 42782720.75, "backend_compact_index_frontier_nodes": 10258778.5, "backend_compact_index_seconds": 2.921762930229306, "backend_compact_index_unique_edges": 9939870.25, "backend_compact_index_unique_nodes": 10258778.5, "backend_compact_root_seconds": 0.7170198354870081, "backend_compact_total_seconds": 3.96403625048697, "backend_convert_sampling_output_seconds": 0.7835437720641494, "backend_get_sampling_output_seconds": 4.937797363847494, "backend_materialize_create_seconds": 0.6191704235970974, "backend_materialize_move_seconds": 0.13570495788007975, "backend_materialize_seconds": 0.752642841078341, "backend_negative_attach_seconds": 0.6710035381838679, "backend_neighbor_sample_from_nodes_seconds": 2.229518322274089, "backend_patch_inputs_seconds": 0.8013819139450788, "backend_remap_dst_mismatch_count": 0.0, "backend_remap_src_mismatch_count": 0.0, "backend_root_remap_seconds": 0.0988114420324564, "backend_sampling_native_seconds": 7.966302064247429, "backend_sampling_request_seconds": 0.10320090781897306, "backend_sampling_seconds": 8.060697492212057, "backend_submit_edge_feature_seconds": 0.3617914030328393, "backend_submit_mailbox_seconds": 0.0, "backend_submit_memory_mailbox_seconds": 0.364406100474298, "backend_submit_memory_seconds": 0.0, "backend_submit_node_feature_seconds": 0.6315112542361021, "backend_submit_reads_seconds": 1.3437856826931238, "backend_train_edge_filter_dropped_edges": 0.0, "backend_train_edge_filter_input_edges": 0.0, "backend_train_edge_filter_kept_edges": 0.0, "backend_wait_edge_feature_seconds": 0.0848929975181818, "backend_wait_mailbox_seconds": 0.0, "backend_wait_memory_mailbox_seconds": 0.1289046797901392, "backend_wait_memory_seconds": 0.0, "backend_wait_node_feature_seconds": 0.08411246445029974, "backend_wait_patch_seconds": 0.34896618127822876, "component_communication_seconds": 5.0661115581169724, "component_sampling_seconds": 9.792711188085377, "component_training_seconds": 8.95142084825784, "component_unaccounted_seconds": 0.0, "loss": 0.6922473478267825, "mailbox_replica_index_build_wall_seconds": 0.0, "memory_commit_hook_build_wall_seconds": 2.3155473172664642e-05, "memory_replica_index_build_wall_seconds": 0.0, "seconds": 13.105400854721665, "stage_accounted_seconds": 10.315591706894338, "stage_backward_seconds": 2.3642397420480847, "stage_batch_wait_seconds": 3.4131081346422434, "stage_batches": 1688.0, "stage_encode_seconds": 3.294982511550188, "stage_finalize_seconds": 0.0001080445945262909, "stage_head_loss_seconds": 0.3827200559899211, "stage_mailbox_commit_row_fallback_count": 0.0, "stage_mailbox_commit_row_path_count": 176.0, "stage_memory_commit_build_seconds": 2.2811418501660228, "stage_memory_commit_mailbox_edge_select_seconds": 0.01802359614521265, "stage_memory_commit_replica_build_seconds": 0.0005494076758623123, "stage_memory_commit_row_fallback_count": 0.0, "stage_memory_commit_row_path_count": 598.0, "stage_memory_commit_seconds": 0.0016299821436405182, "stage_memory_commit_submit_seconds": 0.6200974695384502, "stage_memory_commit_wait_sync_seconds": 2.2444306537508965, "stage_metrics_seconds": 0.0, "stage_optimizer_all_reduce_seconds": 0.062359439209103584, "stage_optimizer_copyback_seconds": 0.25735916569828987, "stage_optimizer_flatten_seconds": 0.14800957217812538, "stage_optimizer_step_seconds": 0.9999240906909108, "stage_optimizer_steps": 422.0, "stage_optimizer_sync_seconds": 0.4791461806744337, "stage_sync_backward_seconds": 0.00017114821821451187, "stage_sync_batch_wait_seconds": 0.00023904722183942795, "stage_sync_encode_seconds": 0.0003016907721757889, "stage_sync_epoch_tail_seconds": 1.7043203115463257e-07, "stage_sync_finalize_seconds": 2.8777867555618286e-07, "stage_sync_head_loss_seconds": 0.0002821385860443115, "stage_sync_memory_commit_seconds": 0.00026711728423833847, "stage_sync_metrics_seconds": 0.0, "stage_sync_optimizer_step_seconds": 0.0002187015488743782, "stage_unaccounted_seconds": 3.0446746507659554, "stage_wall_seconds": 13.105400854721665, "train_epoch_call_wall_seconds": 13.105785263702273, "train_metrics_reduce_wall_seconds": 0.006961695849895477}, "val": {"ap": 0.9757062738098635, "auc": 0.9739316848722446, "loss": 0.5019368595359001}}, {"epoch": 33, "test": {"ap": 0.9772600723342677, "auc": 0.9768009169328704, "loss": 0.5024175640534271}, "timing": {"epoch_wall_seconds": 18.58593906648457, "other_wall_seconds": 0.007915502414107323, "test_wall_seconds": 2.705413555726409, "train_call_wall_seconds": 13.324124906212091, "train_metrics_reduce_wall_seconds": 0.006913245655596256, "train_reported_seconds": 13.323922356590629, "train_wrapper_gap_seconds": 0.00020254962146282196, "val_wall_seconds": 2.5484851021319628}, "train": {"backend_batch_build_seconds": 1.4678332144394517, "backend_batches": 1688.0, "backend_build_edge_feature_layout_seconds": 0.006850503385066986, "backend_build_mailbox_layout_seconds": 0.0029487665742635727, "backend_build_memory_layout_seconds": 0.6042921002954245, "backend_build_node_feature_layout_seconds": 0.6728412816300988, "backend_compact_fill_seconds": 0.16297543328255415, "backend_compact_index_edges": 42779602.75, "backend_compact_index_frontier_nodes": 10256486.5, "backend_compact_index_seconds": 2.9792412035167217, "backend_compact_index_unique_edges": 9937619.75, "backend_compact_index_unique_nodes": 10256486.5, "backend_compact_root_seconds": 0.7310841204598546, "backend_compact_total_seconds": 4.029861280694604, "backend_convert_sampling_output_seconds": 0.790686178021133, "backend_get_sampling_output_seconds": 5.031573875807226, "backend_materialize_create_seconds": 0.6721517974510789, "backend_materialize_move_seconds": 0.1436032997444272, "backend_materialize_seconds": 0.8157550971955061, "backend_negative_attach_seconds": 0.766178953461349, "backend_neighbor_sample_from_nodes_seconds": 2.244539212435484, "backend_patch_inputs_seconds": 0.8093524212017655, "backend_remap_dst_mismatch_count": 0.0, "backend_remap_src_mismatch_count": 0.0, "backend_root_remap_seconds": 0.11072164960205555, "backend_sampling_native_seconds": 8.083148195408285, "backend_sampling_request_seconds": 0.13321133702993393, "backend_sampling_seconds": 8.18524625711143, "backend_submit_edge_feature_seconds": 0.40560850873589516, "backend_submit_mailbox_seconds": 0.0, "backend_submit_memory_mailbox_seconds": 0.3779584765434265, "backend_submit_memory_seconds": 0.0, "backend_submit_node_feature_seconds": 0.7447039354592562, "backend_submit_reads_seconds": 1.5098411422222853, "backend_train_edge_filter_dropped_edges": 0.0, "backend_train_edge_filter_input_edges": 0.0, "backend_train_edge_filter_kept_edges": 0.0, "backend_wait_edge_feature_seconds": 0.08414460811764002, "backend_wait_mailbox_seconds": 0.0, "backend_wait_memory_mailbox_seconds": 0.132643548771739, "backend_wait_memory_seconds": 0.0, "backend_wait_node_feature_seconds": 0.07849948108196259, "backend_wait_patch_seconds": 0.3675358137115836, "component_communication_seconds": 5.221779294312, "component_sampling_seconds": 10.342477345839143, "component_training_seconds": 8.988317525014281, "component_unaccounted_seconds": 0.0, "loss": 0.6929272628826271, "mailbox_replica_index_build_wall_seconds": 0.0, "memory_commit_hook_build_wall_seconds": 2.288632094860077e-05, "memory_replica_index_build_wall_seconds": 0.0, "seconds": 13.323922356590629, "stage_accounted_seconds": 10.588819529861212, "stage_backward_seconds": 2.485716372728348, "stage_batch_wait_seconds": 3.5639868546277285, "stage_batches": 1688.0, "stage_encode_seconds": 3.2618935694918036, "stage_finalize_seconds": 0.00010900851339101791, "stage_head_loss_seconds": 0.3844136390835047, "stage_mailbox_commit_row_fallback_count": 0.0, "stage_mailbox_commit_row_path_count": 176.0, "stage_memory_commit_build_seconds": 2.247753174044192, "stage_memory_commit_mailbox_edge_select_seconds": 0.015713595785200596, "stage_memory_commit_replica_build_seconds": 0.0005471790209412575, "stage_memory_commit_row_fallback_count": 0.0, "stage_memory_commit_row_path_count": 598.0, "stage_memory_commit_seconds": 0.0016574636101722717, "stage_memory_commit_submit_seconds": 0.6655105380341411, "stage_memory_commit_wait_sync_seconds": 2.2104058610275388, "stage_metrics_seconds": 0.0, "stage_optimizer_all_reduce_seconds": 0.06512003391981125, "stage_optimizer_copyback_seconds": 0.26334465108811855, "stage_optimizer_flatten_seconds": 0.15943544264882803, "stage_optimizer_step_seconds": 1.0314296437427402, "stage_optimizer_steps": 422.0, "stage_optimizer_sync_seconds": 0.5018383115530014, "stage_sync_backward_seconds": 0.0001723235473036766, "stage_sync_batch_wait_seconds": 0.0002475529909133911, "stage_sync_encode_seconds": 0.00031868740916252136, "stage_sync_epoch_tail_seconds": 1.5832483768463135e-07, "stage_sync_finalize_seconds": 2.8870999813079834e-07, "stage_sync_head_loss_seconds": 0.00027418695390224457, "stage_sync_memory_commit_seconds": 0.0002724090591073036, "stage_sync_metrics_seconds": 0.0, "stage_sync_optimizer_step_seconds": 0.0002199951559305191, "stage_unaccounted_seconds": 3.0367584163323045, "stage_wall_seconds": 13.323922356590629, "train_epoch_call_wall_seconds": 13.324272082187235, "train_metrics_reduce_wall_seconds": 0.006913245655596256}, "val": {"ap": 0.976002836688436, "auc": 0.9742817838911205, "loss": 0.4970214281400497}}, {"epoch": 34, "test": {"ap": 0.9769125456783314, "auc": 0.9764923178778646, "loss": 0.5112327620895072}, "timing": {"epoch_wall_seconds": 18.51865724939853, "other_wall_seconds": 0.008013969287276268, "test_wall_seconds": 2.6950789438560605, "train_call_wall_seconds": 13.274017966352403, "train_metrics_reduce_wall_seconds": 0.007015746086835861, "train_reported_seconds": 13.273798941634595, "train_wrapper_gap_seconds": 0.00021902471780776978, "val_wall_seconds": 2.5415463699027896}, "train": {"backend_batch_build_seconds": 1.272935077548027, "backend_batches": 1688.0, "backend_build_edge_feature_layout_seconds": 0.008025606162846088, "backend_build_mailbox_layout_seconds": 0.002904471941292286, "backend_build_memory_layout_seconds": 0.5988623136654496, "backend_build_node_feature_layout_seconds": 0.6534270429983735, "backend_compact_fill_seconds": 0.16308012418448925, "backend_compact_index_edges": 42780668.5, "backend_compact_index_frontier_nodes": 10257728.75, "backend_compact_index_seconds": 2.9083081455901265, "backend_compact_index_unique_edges": 9938694.5, "backend_compact_index_unique_nodes": 10257728.75, "backend_compact_root_seconds": 0.7115934025496244, "backend_compact_total_seconds": 3.9475778294727206, "backend_convert_sampling_output_seconds": 0.7810036726295948, "backend_get_sampling_output_seconds": 4.915392787195742, "backend_materialize_create_seconds": 0.6010399693623185, "backend_materialize_move_seconds": 0.13634050451219082, "backend_materialize_seconds": 0.7328462116420269, "backend_negative_attach_seconds": 0.6974120792001486, "backend_neighbor_sample_from_nodes_seconds": 2.189337291754782, "backend_patch_inputs_seconds": 0.8009095173329115, "backend_remap_dst_mismatch_count": 0.0, "backend_remap_src_mismatch_count": 0.0, "backend_root_remap_seconds": 0.0923477141186595, "backend_sampling_native_seconds": 7.89870694372803, "backend_sampling_request_seconds": 0.12407621648162603, "backend_sampling_seconds": 8.004513064399362, "backend_submit_edge_feature_seconds": 0.4039943339303136, "backend_submit_mailbox_seconds": 0.0, "backend_submit_memory_mailbox_seconds": 0.37127362471073866, "backend_submit_memory_seconds": 0.0, "backend_submit_node_feature_seconds": 0.713503310456872, "backend_submit_reads_seconds": 1.4468127386644483, "backend_train_edge_filter_dropped_edges": 0.0, "backend_train_edge_filter_input_edges": 0.0, "backend_train_edge_filter_kept_edges": 0.0, "backend_wait_edge_feature_seconds": 0.08385233487933874, "backend_wait_mailbox_seconds": 0.0, "backend_wait_memory_mailbox_seconds": 0.13071590196341276, "backend_wait_memory_seconds": 0.0, "backend_wait_node_feature_seconds": 0.08073499705642462, "backend_wait_patch_seconds": 0.3398209298029542, "component_communication_seconds": 5.171074814163148, "component_sampling_seconds": 9.911723005585372, "component_training_seconds": 9.046797005459666, "component_unaccounted_seconds": 0.0, "loss": 0.6911664061707343, "mailbox_replica_index_build_wall_seconds": 0.0, "memory_commit_hook_build_wall_seconds": 2.326071262359619e-05, "memory_replica_index_build_wall_seconds": 0.0, "seconds": 13.273798941634595, "stage_accounted_seconds": 10.58755842037499, "stage_backward_seconds": 2.374743933789432, "stage_batch_wait_seconds": 3.4967218479141593, "stage_batches": 1688.0, "stage_encode_seconds": 3.299342779442668, "stage_finalize_seconds": 0.0001149941235780716, "stage_head_loss_seconds": 0.44213699270039797, "stage_mailbox_commit_row_fallback_count": 0.0, "stage_mailbox_commit_row_path_count": 176.0, "stage_memory_commit_build_seconds": 2.263503186404705, "stage_memory_commit_mailbox_edge_select_seconds": 0.016962796449661255, "stage_memory_commit_replica_build_seconds": 0.0005507189780473709, "stage_memory_commit_row_fallback_count": 0.0, "stage_memory_commit_row_path_count": 598.0, "stage_memory_commit_seconds": 0.0016345353797078133, "stage_memory_commit_submit_seconds": 0.6186460312455893, "stage_memory_commit_wait_sync_seconds": 2.2260257368907332, "stage_metrics_seconds": 0.0, "stage_optimizer_all_reduce_seconds": 0.06405599787831306, "stage_optimizer_copyback_seconds": 0.2771635511890054, "stage_optimizer_flatten_seconds": 0.18310311529785395, "stage_optimizer_step_seconds": 1.0440564937889576, "stage_optimizer_steps": 422.0, "stage_optimizer_sync_seconds": 0.5156154297292233, "stage_sync_backward_seconds": 0.00033145584166049957, "stage_sync_batch_wait_seconds": 0.00024203769862651825, "stage_sync_encode_seconds": 0.0003075767308473587, "stage_sync_epoch_tail_seconds": 1.434236764907837e-07, "stage_sync_finalize_seconds": 2.7567148208618164e-07, "stage_sync_head_loss_seconds": 0.00032711122184991837, "stage_sync_memory_commit_seconds": 0.00027721282094717026, "stage_sync_metrics_seconds": 0.0, "stage_sync_optimizer_step_seconds": 0.00022601988166570663, "stage_unaccounted_seconds": 3.0240576285868883, "stage_wall_seconds": 13.273798941634595, "train_epoch_call_wall_seconds": 13.274146994575858, "train_metrics_reduce_wall_seconds": 0.007015746086835861}, "val": {"ap": 0.9758992494091993, "auc": 0.9741534834043456, "loss": 0.5051798370920799}}, {"epoch": 35, "test": {"ap": 0.9763193162809416, "auc": 0.9758268065212155, "loss": 0.5132264713333411}, "timing": {"epoch_wall_seconds": 18.39473522361368, "other_wall_seconds": 0.007920512929558754, "test_wall_seconds": 2.6625070441514254, "train_call_wall_seconds": 13.19139107875526, "train_metrics_reduce_wall_seconds": 0.006858380511403084, "train_reported_seconds": 13.19127036537975, "train_wrapper_gap_seconds": 0.00012071337550878525, "val_wall_seconds": 2.532916587777436}, "train": {"backend_batch_build_seconds": 1.1551049184054136, "backend_batches": 1688.0, "backend_build_edge_feature_layout_seconds": 0.006690368056297302, "backend_build_mailbox_layout_seconds": 0.002969256602227688, "backend_build_memory_layout_seconds": 0.6002414468675852, "backend_build_node_feature_layout_seconds": 0.6655821893364191, "backend_compact_fill_seconds": 0.16303130518645048, "backend_compact_index_edges": 42782666.5, "backend_compact_index_frontier_nodes": 10260127.0, "backend_compact_index_seconds": 2.898973631672561, "backend_compact_index_unique_edges": 9941138.0, "backend_compact_index_unique_nodes": 10260127.0, "backend_compact_root_seconds": 0.7182286586612463, "backend_compact_total_seconds": 3.9320818996056914, "backend_convert_sampling_output_seconds": 0.7748080678284168, "backend_get_sampling_output_seconds": 4.901169715449214, "backend_materialize_create_seconds": 0.6110625602304935, "backend_materialize_move_seconds": 0.1346917087212205, "backend_materialize_seconds": 0.7419200604781508, "backend_negative_attach_seconds": 0.6710815289989114, "backend_neighbor_sample_from_nodes_seconds": 2.2033813251182437, "backend_patch_inputs_seconds": 0.797766188159585, "backend_remap_dst_mismatch_count": 0.0, "backend_remap_src_mismatch_count": 0.0, "backend_root_remap_seconds": 0.09580265637487173, "backend_sampling_native_seconds": 7.880652606487274, "backend_sampling_request_seconds": 0.0965181952342391, "backend_sampling_seconds": 7.968660965561867, "backend_submit_edge_feature_seconds": 0.35564284212887287, "backend_submit_mailbox_seconds": 0.0, "backend_submit_memory_mailbox_seconds": 0.36163914296776056, "backend_submit_memory_seconds": 0.0, "backend_submit_node_feature_seconds": 0.6980001674965024, "backend_submit_reads_seconds": 1.3954099398106337, "backend_train_edge_filter_dropped_edges": 0.0, "backend_train_edge_filter_input_edges": 0.0, "backend_train_edge_filter_kept_edges": 0.0, "backend_wait_edge_feature_seconds": 0.08393983542919159, "backend_wait_mailbox_seconds": 0.0, "backend_wait_memory_mailbox_seconds": 0.12460694089531898, "backend_wait_memory_seconds": 0.0, "backend_wait_node_feature_seconds": 0.07688487973064184, "backend_wait_patch_seconds": 0.34021648578345776, "component_communication_seconds": 5.111944034695625, "component_sampling_seconds": 9.794847412966192, "component_training_seconds": 9.017361413687468, "component_unaccounted_seconds": 0.0, "loss": 0.6915077576457889, "mailbox_replica_index_build_wall_seconds": 0.0, "memory_commit_hook_build_wall_seconds": 2.6514753699302673e-05, "memory_replica_index_build_wall_seconds": 0.0, "seconds": 13.19127036537975, "stage_accounted_seconds": 10.52847228385508, "stage_backward_seconds": 2.46661339327693, "stage_batch_wait_seconds": 3.4428094420582056, "stage_batches": 1688.0, "stage_encode_seconds": 3.2762274481356144, "stage_finalize_seconds": 8.692778646945953e-05, "stage_head_loss_seconds": 0.4198369216173887, "stage_mailbox_commit_row_fallback_count": 0.0, "stage_mailbox_commit_row_path_count": 176.0, "stage_memory_commit_build_seconds": 2.2756880400702357, "stage_memory_commit_mailbox_edge_select_seconds": 0.01619262620806694, "stage_memory_commit_replica_build_seconds": 0.0005407789722084999, "stage_memory_commit_row_fallback_count": 0.0, "stage_memory_commit_row_path_count": 598.0, "stage_memory_commit_seconds": 0.0016400748863816261, "stage_memory_commit_submit_seconds": 0.6444278145208955, "stage_memory_commit_wait_sync_seconds": 2.236047126352787, "stage_metrics_seconds": 0.0, "stage_optimizer_all_reduce_seconds": 0.06378358043730259, "stage_optimizer_copyback_seconds": 0.26716146152466536, "stage_optimizer_flatten_seconds": 0.17663513496518135, "stage_optimizer_step_seconds": 1.0155439553782344, "stage_optimizer_steps": 422.0, "stage_optimizer_sync_seconds": 0.4967883825302124, "stage_sync_backward_seconds": 0.0003140736371278763, "stage_sync_batch_wait_seconds": 0.00024103280156850815, "stage_sync_encode_seconds": 0.0003103381022810936, "stage_sync_epoch_tail_seconds": 1.9185245037078857e-07, "stage_sync_finalize_seconds": 2.6263296604156494e-07, "stage_sync_head_loss_seconds": 0.00032558105885982513, "stage_sync_memory_commit_seconds": 0.0002737678587436676, "stage_sync_metrics_seconds": 0.0, "stage_sync_optimizer_step_seconds": 0.0002252953127026558, "stage_unaccounted_seconds": 3.041490693576634, "stage_wall_seconds": 13.19127036537975, "train_epoch_call_wall_seconds": 13.191607423126698, "train_metrics_reduce_wall_seconds": 0.006858380511403084}, "val": {"ap": 0.9756846047649279, "auc": 0.9739061420777668, "loss": 0.5067145230925896}}, {"epoch": 36, "test": {"ap": 0.9761059101862334, "auc": 0.975673117528387, "loss": 0.5081261159344153}, "timing": {"epoch_wall_seconds": 18.37948810122907, "other_wall_seconds": 0.011050413362681866, "test_wall_seconds": 2.6859966218471527, "train_call_wall_seconds": 13.103737096302211, "train_metrics_reduce_wall_seconds": 0.007033133879303932, "train_reported_seconds": 13.103556551970541, "train_wrapper_gap_seconds": 0.00018054433166980743, "val_wall_seconds": 2.5787039697170258}, "train": {"backend_batch_build_seconds": 1.249554323963821, "backend_batches": 1688.0, "backend_build_edge_feature_layout_seconds": 0.0050620585680007935, "backend_build_mailbox_layout_seconds": 0.0028463145717978477, "backend_build_memory_layout_seconds": 0.5251742722466588, "backend_build_node_feature_layout_seconds": 0.5999182090163231, "backend_compact_fill_seconds": 0.16312397457659245, "backend_compact_index_edges": 42783595.0, "backend_compact_index_frontier_nodes": 10259702.5, "backend_compact_index_seconds": 2.8923646453768015, "backend_compact_index_unique_edges": 9940750.75, "backend_compact_index_unique_nodes": 10259702.5, "backend_compact_root_seconds": 0.7136404737830162, "backend_compact_total_seconds": 3.927555514499545, "backend_convert_sampling_output_seconds": 0.7774151302874088, "backend_get_sampling_output_seconds": 4.896004210226238, "backend_materialize_create_seconds": 0.6158186001703143, "backend_materialize_move_seconds": 0.13473918195813894, "backend_materialize_seconds": 0.7501292461529374, "backend_negative_attach_seconds": 0.6441962821409106, "backend_neighbor_sample_from_nodes_seconds": 2.197665670886636, "backend_patch_inputs_seconds": 0.8039619205519557, "backend_remap_dst_mismatch_count": 0.0, "backend_remap_src_mismatch_count": 0.0, "backend_root_remap_seconds": 0.09621440153568983, "backend_sampling_native_seconds": 7.885929734446108, "backend_sampling_request_seconds": 0.1104224044829607, "backend_sampling_seconds": 7.980242618359625, "backend_submit_edge_feature_seconds": 0.3739746892824769, "backend_submit_mailbox_seconds": 0.0, "backend_submit_memory_mailbox_seconds": 0.3626078888773918, "backend_submit_memory_seconds": 0.0, "backend_submit_node_feature_seconds": 0.6852426324039698, "backend_submit_reads_seconds": 1.3887128392234445, "backend_train_edge_filter_dropped_edges": 0.0, "backend_train_edge_filter_input_edges": 0.0, "backend_train_edge_filter_kept_edges": 0.0, "backend_wait_edge_feature_seconds": 0.08899777475744486, "backend_wait_mailbox_seconds": 0.0, "backend_wait_memory_mailbox_seconds": 0.12472767475992441, "backend_wait_memory_seconds": 0.0, "backend_wait_node_feature_seconds": 0.08057254366576672, "backend_wait_patch_seconds": 0.34604196064174175, "component_communication_seconds": 5.049799776636064, "component_sampling_seconds": 9.739809773862362, "component_training_seconds": 8.940619927830994, "component_unaccounted_seconds": 0.0, "loss": 0.6917545308857732, "mailbox_replica_index_build_wall_seconds": 0.0, "memory_commit_hook_build_wall_seconds": 2.168118953704834e-05, "memory_replica_index_build_wall_seconds": 0.0, "seconds": 13.103556551970541, "stage_accounted_seconds": 10.324258608743548, "stage_backward_seconds": 2.348159189336002, "stage_batch_wait_seconds": 3.435980634763837, "stage_batches": 1688.0, "stage_encode_seconds": 3.2675332594662905, "stage_finalize_seconds": 0.00010812003165483475, "stage_head_loss_seconds": 0.3837927831336856, "stage_mailbox_commit_row_fallback_count": 0.0, "stage_mailbox_commit_row_path_count": 176.0, "stage_memory_commit_build_seconds": 2.2817617654800415, "stage_memory_commit_mailbox_edge_select_seconds": 0.014880782924592495, "stage_memory_commit_replica_build_seconds": 0.0005441037937998772, "stage_memory_commit_row_fallback_count": 0.0, "stage_memory_commit_row_path_count": 598.0, "stage_memory_commit_seconds": 0.001623637042939663, "stage_memory_commit_submit_seconds": 0.6064868029206991, "stage_memory_commit_wait_sync_seconds": 2.2446868857368827, "stage_metrics_seconds": 0.0, "stage_optimizer_all_reduce_seconds": 0.06083870865404606, "stage_optimizer_copyback_seconds": 0.25713619124144316, "stage_optimizer_flatten_seconds": 0.15897252783179283, "stage_optimizer_step_seconds": 1.0142722707241774, "stage_optimizer_steps": 422.0, "stage_optimizer_sync_seconds": 0.4885409688577056, "stage_sync_backward_seconds": 0.00017095264047384262, "stage_sync_batch_wait_seconds": 0.00025327131152153015, "stage_sync_encode_seconds": 0.0003167465329170227, "stage_sync_epoch_tail_seconds": 1.601874828338623e-07, "stage_sync_finalize_seconds": 2.654269337654114e-07, "stage_sync_head_loss_seconds": 0.0002771196886897087, "stage_sync_memory_commit_seconds": 0.0002719266340136528, "stage_sync_metrics_seconds": 0.0, "stage_sync_optimizer_step_seconds": 0.00022539589554071426, "stage_unaccounted_seconds": 3.032187547534704, "stage_wall_seconds": 13.103556551970541, "train_epoch_call_wall_seconds": 13.103925978764892, "train_metrics_reduce_wall_seconds": 0.007033133879303932}, "val": {"ap": 0.9754185411693298, "auc": 0.9737094546539556, "loss": 0.4982982648705894}}, {"epoch": 37, "test": {"ap": 0.9766286684565443, "auc": 0.97609043056662, "loss": 0.5019388620487668}, "timing": {"epoch_wall_seconds": 18.358226515352726, "other_wall_seconds": 0.007944923825562, "test_wall_seconds": 2.671344604343176, "train_call_wall_seconds": 13.135532226413488, "train_metrics_reduce_wall_seconds": 0.006910770200192928, "train_reported_seconds": 13.135324480943382, "train_wrapper_gap_seconds": 0.00020774547010660172, "val_wall_seconds": 2.5434047607704997}, "train": {"backend_batch_build_seconds": 1.2220888240262866, "backend_batches": 1688.0, "backend_build_edge_feature_layout_seconds": 0.0054132333025336266, "backend_build_mailbox_layout_seconds": 0.002469973638653755, "backend_build_memory_layout_seconds": 0.5167215345427394, "backend_build_node_feature_layout_seconds": 0.6468978580087423, "backend_compact_fill_seconds": 0.16297598090022802, "backend_compact_index_edges": 42780455.0, "backend_compact_index_frontier_nodes": 10258466.5, "backend_compact_index_seconds": 2.9137911554425955, "backend_compact_index_unique_edges": 9939512.0, "backend_compact_index_unique_nodes": 10258466.5, "backend_compact_root_seconds": 0.7148995790630579, "backend_compact_total_seconds": 3.9524826323613524, "backend_convert_sampling_output_seconds": 0.7765960916876793, "backend_get_sampling_output_seconds": 4.920273928903043, "backend_materialize_create_seconds": 0.6174406465142965, "backend_materialize_move_seconds": 0.13376770075410604, "backend_materialize_seconds": 0.7512083472684026, "backend_negative_attach_seconds": 0.6819668440148234, "backend_neighbor_sample_from_nodes_seconds": 2.2032483275979757, "backend_patch_inputs_seconds": 0.8065154096111655, "backend_remap_dst_mismatch_count": 0.0, "backend_remap_src_mismatch_count": 0.0, "backend_root_remap_seconds": 0.09486652910709381, "backend_sampling_native_seconds": 7.915006480179727, "backend_sampling_request_seconds": 0.10086072236299515, "backend_sampling_seconds": 8.016792663373053, "backend_submit_edge_feature_seconds": 0.38124362751841545, "backend_submit_mailbox_seconds": 0.0, "backend_submit_memory_mailbox_seconds": 0.3612984549254179, "backend_submit_memory_seconds": 0.0, "backend_submit_node_feature_seconds": 0.7231878815218806, "backend_submit_reads_seconds": 1.4355929689481854, "backend_train_edge_filter_dropped_edges": 0.0, "backend_train_edge_filter_input_edges": 0.0, "backend_train_edge_filter_kept_edges": 0.0, "backend_wait_edge_feature_seconds": 0.08419382479041815, "backend_wait_mailbox_seconds": 0.0, "backend_wait_memory_mailbox_seconds": 0.12826568819582462, "backend_wait_memory_seconds": 0.0, "backend_wait_node_feature_seconds": 0.08221907541155815, "backend_wait_patch_seconds": 0.3440393153578043, "component_communication_seconds": 5.1841547368094325, "component_sampling_seconds": 9.74766352493316, "component_training_seconds": 8.957740420475602, "component_unaccounted_seconds": 0.0, "loss": 0.6895249574423119, "mailbox_replica_index_build_wall_seconds": 0.0, "memory_commit_hook_build_wall_seconds": 2.5949440896511078e-05, "memory_replica_index_build_wall_seconds": 0.0, "seconds": 13.135324480943382, "stage_accounted_seconds": 10.353478410281241, "stage_backward_seconds": 2.3486929535865784, "stage_batch_wait_seconds": 3.445628749206662, "stage_batches": 1688.0, "stage_encode_seconds": 3.273108934983611, "stage_finalize_seconds": 0.00010364595800638199, "stage_head_loss_seconds": 0.3884051963686943, "stage_mailbox_commit_row_fallback_count": 0.0, "stage_mailbox_commit_row_path_count": 176.0, "stage_memory_commit_build_seconds": 2.3521469961851835, "stage_memory_commit_mailbox_edge_select_seconds": 0.014906429685652256, "stage_memory_commit_replica_build_seconds": 0.000540182925760746, "stage_memory_commit_row_fallback_count": 0.0, "stage_memory_commit_row_path_count": 598.0, "stage_memory_commit_seconds": 0.001644924283027649, "stage_memory_commit_submit_seconds": 0.6085178013890982, "stage_memory_commit_wait_sync_seconds": 2.315718495287001, "stage_metrics_seconds": 0.0, "stage_optimizer_all_reduce_seconds": 0.060709023848176, "stage_optimizer_copyback_seconds": 0.26543156430125237, "stage_optimizer_flatten_seconds": 0.15949541982263327, "stage_optimizer_step_seconds": 1.018122441135347, "stage_optimizer_steps": 422.0, "stage_optimizer_sync_seconds": 0.4943813942372799, "stage_sync_backward_seconds": 0.00017173215746879578, "stage_sync_batch_wait_seconds": 0.00024154502898454666, "stage_sync_encode_seconds": 0.00031735002994537354, "stage_sync_epoch_tail_seconds": 1.5273690223693848e-07, "stage_sync_finalize_seconds": 3.1385570764541626e-07, "stage_sync_head_loss_seconds": 0.0002732491120696068, "stage_sync_memory_commit_seconds": 0.0002735089510679245, "stage_sync_metrics_seconds": 0.0, "stage_sync_optimizer_step_seconds": 0.00021565891802310944, "stage_unaccounted_seconds": 3.1027480075135827, "stage_wall_seconds": 13.135324480943382, "train_epoch_call_wall_seconds": 13.13566714618355, "train_metrics_reduce_wall_seconds": 0.006910770200192928}, "val": {"ap": 0.976002798476713, "auc": 0.9742771405284394, "loss": 0.4967169185084376}}, {"epoch": 38, "test": {"ap": 0.9774173928052171, "auc": 0.9769419153783452, "loss": 0.49974011367356236}, "timing": {"epoch_wall_seconds": 18.383863106369972, "other_wall_seconds": 0.007916937582194805, "test_wall_seconds": 2.6823880448937416, "train_call_wall_seconds": 13.167646830901504, "train_metrics_reduce_wall_seconds": 0.006890889257192612, "train_reported_seconds": 13.167377455160022, "train_wrapper_gap_seconds": 0.000269375741481781, "val_wall_seconds": 2.5259112929925323}, "train": {"backend_batch_build_seconds": 1.2812848947942257, "backend_batches": 1688.0, "backend_build_edge_feature_layout_seconds": 0.006251555867493153, "backend_build_mailbox_layout_seconds": 0.0032447967678308487, "backend_build_memory_layout_seconds": 0.6145403403788805, "backend_build_node_feature_layout_seconds": 0.7419981965795159, "backend_compact_fill_seconds": 0.1626951703801751, "backend_compact_index_edges": 42784121.25, "backend_compact_index_frontier_nodes": 10259246.25, "backend_compact_index_seconds": 2.888917145319283, "backend_compact_index_unique_edges": 9940580.5, "backend_compact_index_unique_nodes": 10259246.25, "backend_compact_root_seconds": 0.7166331568732858, "backend_compact_total_seconds": 3.915606482885778, "backend_convert_sampling_output_seconds": 0.7824888620525599, "backend_get_sampling_output_seconds": 4.883481239899993, "backend_materialize_create_seconds": 0.5962660424411297, "backend_materialize_move_seconds": 0.13549153599888086, "backend_materialize_seconds": 0.729467791505158, "backend_negative_attach_seconds": 0.7096485458314419, "backend_neighbor_sample_from_nodes_seconds": 2.183163721114397, "backend_patch_inputs_seconds": 0.7941233813762665, "backend_remap_dst_mismatch_count": 0.0, "backend_remap_src_mismatch_count": 0.0, "backend_root_remap_seconds": 0.09594637155532837, "backend_sampling_native_seconds": 7.863725800998509, "backend_sampling_request_seconds": 0.15874266251921654, "backend_sampling_seconds": 8.023387554101646, "backend_submit_edge_feature_seconds": 0.4051189664751291, "backend_submit_mailbox_seconds": 0.0, "backend_submit_memory_mailbox_seconds": 0.3688387433066964, "backend_submit_memory_seconds": 0.0, "backend_submit_node_feature_seconds": 0.6762435175478458, "backend_submit_reads_seconds": 1.4384504416957498, "backend_train_edge_filter_dropped_edges": 0.0, "backend_train_edge_filter_input_edges": 0.0, "backend_train_edge_filter_kept_edges": 0.0, "backend_wait_edge_feature_seconds": 0.08455971069633961, "backend_wait_mailbox_seconds": 0.0, "backend_wait_memory_mailbox_seconds": 0.1345822447910905, "backend_wait_memory_seconds": 0.0, "backend_wait_node_feature_seconds": 0.0777409728616476, "backend_wait_patch_seconds": 0.33665732480585575, "component_communication_seconds": 5.244054863229394, "component_sampling_seconds": 9.845734976232052, "component_training_seconds": 8.989844093099236, "component_unaccounted_seconds": 0.0, "loss": 0.6897601418514953, "mailbox_replica_index_build_wall_seconds": 0.0, "memory_commit_hook_build_wall_seconds": 2.5000423192977905e-05, "memory_replica_index_build_wall_seconds": 0.0, "seconds": 13.167377455160022, "stage_accounted_seconds": 10.343146259896457, "stage_backward_seconds": 2.358017726801336, "stage_batch_wait_seconds": 3.4547395342960954, "stage_batches": 1688.0, "stage_encode_seconds": 3.290895886719227, "stage_finalize_seconds": 0.00010431557893753052, "stage_head_loss_seconds": 0.3888045661151409, "stage_mailbox_commit_row_fallback_count": 0.0, "stage_mailbox_commit_row_path_count": 176.0, "stage_memory_commit_build_seconds": 2.3865784956142306, "stage_memory_commit_mailbox_edge_select_seconds": 0.01597424689680338, "stage_memory_commit_replica_build_seconds": 0.0005441727116703987, "stage_memory_commit_row_fallback_count": 0.0, "stage_memory_commit_row_path_count": 598.0, "stage_memory_commit_seconds": 0.0016390159726142883, "stage_memory_commit_submit_seconds": 0.6242905911058187, "stage_memory_commit_wait_sync_seconds": 2.349957429803908, "stage_metrics_seconds": 0.0, "stage_optimizer_all_reduce_seconds": 0.062362522818148136, "stage_optimizer_copyback_seconds": 0.25323494616895914, "stage_optimizer_flatten_seconds": 0.16139594465494156, "stage_optimizer_step_seconds": 1.0464681079611182, "stage_optimizer_steps": 422.0, "stage_optimizer_sync_seconds": 0.4938436187803745, "stage_sync_backward_seconds": 0.0001680627465248108, "stage_sync_batch_wait_seconds": 0.0002445019781589508, "stage_sync_encode_seconds": 0.000309087336063385, "stage_sync_epoch_tail_seconds": 1.7229467630386353e-07, "stage_sync_finalize_seconds": 2.6635825634002686e-07, "stage_sync_head_loss_seconds": 0.00027127843350172043, "stage_sync_memory_commit_seconds": 0.0002745324745774269, "stage_sync_metrics_seconds": 0.0, "stage_sync_optimizer_step_seconds": 0.00022345967590808868, "stage_unaccounted_seconds": 3.1544445417821407, "stage_wall_seconds": 13.167377455160022, "train_epoch_call_wall_seconds": 13.167729092761874, "train_metrics_reduce_wall_seconds": 0.006890889257192612}, "val": {"ap": 0.9757642110353564, "auc": 0.9740298139102296, "loss": 0.4987247729335319}}, {"epoch": 39, "test": {"ap": 0.9767424808354905, "auc": 0.9761979196760052, "loss": 0.5019010583954778}, "timing": {"epoch_wall_seconds": 18.380198672413826, "other_wall_seconds": 0.01094253920018673, "test_wall_seconds": 2.6692291907966137, "train_call_wall_seconds": 13.154231149703264, "train_metrics_reduce_wall_seconds": 0.006998246535658836, "train_reported_seconds": 13.15653878543526, "train_wrapper_gap_seconds": 0.0, "val_wall_seconds": 2.5457957927137613}, "train": {"backend_batch_build_seconds": 1.2353523820638657, "backend_batches": 1688.0, "backend_build_edge_feature_layout_seconds": 0.005898132920265198, "backend_build_mailbox_layout_seconds": 0.002642279490828514, "backend_build_memory_layout_seconds": 0.5153303500264883, "backend_build_node_feature_layout_seconds": 0.6082392446696758, "backend_compact_fill_seconds": 0.16495777666568756, "backend_compact_index_edges": 42782546.25, "backend_compact_index_frontier_nodes": 10258943.5, "backend_compact_index_seconds": 2.9055106388404965, "backend_compact_index_unique_edges": 9940119.25, "backend_compact_index_unique_nodes": 10258943.5, "backend_compact_root_seconds": 0.7196351010352373, "backend_compact_total_seconds": 3.940284613519907, "backend_convert_sampling_output_seconds": 0.7743363464251161, "backend_get_sampling_output_seconds": 4.899604842066765, "backend_materialize_create_seconds": 0.6071727061644197, "backend_materialize_move_seconds": 0.13466373179107904, "backend_materialize_seconds": 0.7418364379554987, "backend_negative_attach_seconds": 0.6928597819060087, "backend_neighbor_sample_from_nodes_seconds": 2.180661279708147, "backend_patch_inputs_seconds": 0.7988803796470165, "backend_remap_dst_mismatch_count": 0.0, "backend_remap_src_mismatch_count": 0.0, "backend_root_remap_seconds": 0.0972352959215641, "backend_sampling_native_seconds": 7.844224265776575, "backend_sampling_request_seconds": 0.10109826736152172, "backend_sampling_seconds": 7.935990140773356, "backend_submit_edge_feature_seconds": 0.3626855257898569, "backend_submit_mailbox_seconds": 0.0, "backend_submit_memory_mailbox_seconds": 0.368087044917047, "backend_submit_memory_seconds": 0.0, "backend_submit_node_feature_seconds": 0.6879953416064382, "backend_submit_reads_seconds": 1.4037312055006623, "backend_train_edge_filter_dropped_edges": 0.0, "backend_train_edge_filter_input_edges": 0.0, "backend_train_edge_filter_kept_edges": 0.0, "backend_wait_edge_feature_seconds": 0.08394449111074209, "backend_wait_mailbox_seconds": 0.0, "backend_wait_memory_mailbox_seconds": 0.13004253432154655, "backend_wait_memory_seconds": 0.0, "backend_wait_node_feature_seconds": 0.08697744458913803, "backend_wait_patch_seconds": 0.34257054794579744, "component_communication_seconds": 5.170421320013702, "component_sampling_seconds": 9.83390075340867, "component_training_seconds": 8.966489063575864, "component_unaccounted_seconds": 0.0, "loss": 0.6912946399672054, "mailbox_replica_index_build_wall_seconds": 0.0, "memory_commit_hook_build_wall_seconds": 2.4995766580104828e-05, "memory_replica_index_build_wall_seconds": 0.0, "seconds": 13.15653878543526, "stage_accounted_seconds": 10.355411808006465, "stage_backward_seconds": 2.369106979109347, "stage_batch_wait_seconds": 3.4503102926537395, "stage_batches": 1688.0, "stage_encode_seconds": 3.2698265155777335, "stage_finalize_seconds": 8.617434650659561e-05, "stage_head_loss_seconds": 0.3858881685882807, "stage_mailbox_commit_row_fallback_count": 0.0, "stage_mailbox_commit_row_path_count": 176.0, "stage_memory_commit_build_seconds": 2.317445761524141, "stage_memory_commit_mailbox_edge_select_seconds": 0.015770559199154377, "stage_memory_commit_replica_build_seconds": 0.0005415836349129677, "stage_memory_commit_row_fallback_count": 0.0, "stage_memory_commit_row_path_count": 598.0, "stage_memory_commit_seconds": 0.0016339868307113647, "stage_memory_commit_submit_seconds": 0.6203292440623045, "stage_memory_commit_wait_sync_seconds": 2.2808112436905503, "stage_metrics_seconds": 0.0, "stage_optimizer_all_reduce_seconds": 0.06468607392162085, "stage_optimizer_copyback_seconds": 0.26424730382859707, "stage_optimizer_flatten_seconds": 0.16187869012355804, "stage_optimizer_step_seconds": 1.0118216034024954, "stage_optimizer_steps": 422.0, "stage_optimizer_sync_seconds": 0.4989914558827877, "stage_sync_backward_seconds": 0.0001658732071518898, "stage_sync_batch_wait_seconds": 0.00024315714836120605, "stage_sync_encode_seconds": 0.000319555401802063, "stage_sync_epoch_tail_seconds": 1.695007085800171e-07, "stage_sync_finalize_seconds": 2.9336661100387573e-07, "stage_sync_head_loss_seconds": 0.00026710517704486847, "stage_sync_memory_commit_seconds": 0.00027141720056533813, "stage_sync_metrics_seconds": 0.0, "stage_sync_optimizer_step_seconds": 0.00022186990827322006, "stage_unaccounted_seconds": 3.085731999948621, "stage_wall_seconds": 13.15653878543526, "train_epoch_call_wall_seconds": 13.156879181042314, "train_metrics_reduce_wall_seconds": 0.006998246535658836}, "val": {"ap": 0.9756756687457717, "auc": 0.973902696181902, "loss": 0.49683150826868683}}, {"epoch": 40, "test": {"ap": 0.9768387142213238, "auc": 0.9762868446943449, "loss": 0.5095362738621505}, "timing": {"epoch_wall_seconds": 18.303198393434286, "other_wall_seconds": 0.007946399040520191, "test_wall_seconds": 2.669599254615605, "train_call_wall_seconds": 13.094521397724748, "train_metrics_reduce_wall_seconds": 0.006951269693672657, "train_reported_seconds": 13.094441739842296, "train_wrapper_gap_seconds": 7.965788245201111e-05, "val_wall_seconds": 2.5311313420534134}, "train": {"backend_batch_build_seconds": 1.1983500383794308, "backend_batches": 1688.0, "backend_build_edge_feature_layout_seconds": 0.005129358731210232, "backend_build_mailbox_layout_seconds": 0.0026236549019813538, "backend_build_memory_layout_seconds": 0.5185043485835195, "backend_build_node_feature_layout_seconds": 0.5988646522164345, "backend_compact_fill_seconds": 0.16305986512452364, "backend_compact_index_edges": 42781848.25, "backend_compact_index_frontier_nodes": 10259568.5, "backend_compact_index_seconds": 2.919863178394735, "backend_compact_index_unique_edges": 9940865.0, "backend_compact_index_unique_nodes": 10259568.5, "backend_compact_root_seconds": 0.7161291679367423, "backend_compact_total_seconds": 3.955985805951059, "backend_convert_sampling_output_seconds": 0.7758300714194775, "backend_get_sampling_output_seconds": 4.936998379416764, "backend_materialize_create_seconds": 0.6090630181133747, "backend_materialize_move_seconds": 0.13373797107487917, "backend_materialize_seconds": 0.7416570074856281, "backend_negative_attach_seconds": 0.6851586503908038, "backend_neighbor_sample_from_nodes_seconds": 2.212792498059571, "backend_patch_inputs_seconds": 0.798395418561995, "backend_remap_dst_mismatch_count": 0.0, "backend_remap_src_mismatch_count": 0.0, "backend_root_remap_seconds": 0.09538752306252718, "backend_sampling_native_seconds": 7.939266378991306, "backend_sampling_request_seconds": 0.1191524351015687, "backend_sampling_seconds": 8.037948153913021, "backend_submit_edge_feature_seconds": 0.3897129828110337, "backend_submit_mailbox_seconds": 0.0, "backend_submit_memory_mailbox_seconds": 0.35746013280004263, "backend_submit_memory_seconds": 0.0, "backend_submit_node_feature_seconds": 0.6550344368442893, "backend_submit_reads_seconds": 1.3797654574736953, "backend_train_edge_filter_dropped_edges": 0.0, "backend_train_edge_filter_input_edges": 0.0, "backend_train_edge_filter_kept_edges": 0.0, "backend_wait_edge_feature_seconds": 0.08424546383321285, "backend_wait_mailbox_seconds": 0.0, "backend_wait_memory_mailbox_seconds": 0.1351654827594757, "backend_wait_memory_seconds": 0.0, "backend_wait_node_feature_seconds": 0.07969511020928621, "backend_wait_patch_seconds": 0.3421893510967493, "component_communication_seconds": 5.089440755546093, "component_sampling_seconds": 9.767587109468877, "component_training_seconds": 8.939875679090619, "component_unaccounted_seconds": 0.0, "loss": 0.6905730900606273, "mailbox_replica_index_build_wall_seconds": 0.0, "memory_commit_hook_build_wall_seconds": 2.6893801987171173e-05, "memory_replica_index_build_wall_seconds": 0.0, "seconds": 13.094441739842296, "stage_accounted_seconds": 10.315920688211918, "stage_backward_seconds": 2.3468303699046373, "stage_batch_wait_seconds": 3.427749299444258, "stage_batches": 1688.0, "stage_encode_seconds": 3.268576269969344, "stage_finalize_seconds": 0.00010781921446323395, "stage_head_loss_seconds": 0.38058763928711414, "stage_mailbox_commit_row_fallback_count": 0.0, "stage_mailbox_commit_row_path_count": 176.0, "stage_memory_commit_build_seconds": 2.2777125844731927, "stage_memory_commit_mailbox_edge_select_seconds": 0.015221862122416496, "stage_memory_commit_replica_build_seconds": 0.0005453238263726234, "stage_memory_commit_row_fallback_count": 0.0, "stage_memory_commit_row_path_count": 598.0, "stage_memory_commit_seconds": 0.0016209306195378304, "stage_memory_commit_submit_seconds": 0.6070881970226765, "stage_memory_commit_wait_sync_seconds": 2.2402304960414767, "stage_metrics_seconds": 0.0, "stage_optimizer_all_reduce_seconds": 0.06203584652394056, "stage_optimizer_copyback_seconds": 0.2636064486578107, "stage_optimizer_flatten_seconds": 0.16960613429546356, "stage_optimizer_step_seconds": 1.0193231841549277, "stage_optimizer_steps": 422.0, "stage_optimizer_sync_seconds": 0.49619619082659483, "stage_sync_backward_seconds": 0.0001638820394873619, "stage_sync_batch_wait_seconds": 0.0002454826608300209, "stage_sync_encode_seconds": 0.00031432975083589554, "stage_sync_epoch_tail_seconds": 1.816079020500183e-07, "stage_sync_finalize_seconds": 2.7939677238464355e-07, "stage_sync_head_loss_seconds": 0.0002692127600312233, "stage_sync_memory_commit_seconds": 0.0002702958881855011, "stage_sync_metrics_seconds": 0.0, "stage_sync_optimizer_step_seconds": 0.00022173579782247543, "stage_unaccounted_seconds": 3.027041006833315, "stage_wall_seconds": 13.094441739842296, "train_epoch_call_wall_seconds": 13.094770634546876, "train_metrics_reduce_wall_seconds": 0.006951269693672657}, "val": {"ap": 0.9759980237049949, "auc": 0.9742204450020202, "loss": 0.5031416883522815}}, {"epoch": 41, "test": {"ap": 0.9777612115832819, "auc": 0.9773464589202695, "loss": 0.4910238479179415}, "timing": {"epoch_wall_seconds": 18.303825077600777, "other_wall_seconds": 0.00796482153236866, "test_wall_seconds": 2.6667243195697665, "train_call_wall_seconds": 13.099420044571161, "train_metrics_reduce_wall_seconds": 0.00701794121414423, "train_reported_seconds": 13.099208042025566, "train_wrapper_gap_seconds": 0.00021200254559516907, "val_wall_seconds": 2.5297158919274807}, "train": {"backend_batch_build_seconds": 1.170989466831088, "backend_batches": 1688.0, "backend_build_edge_feature_layout_seconds": 0.0055404165759682655, "backend_build_mailbox_layout_seconds": 0.002696393057703972, "backend_build_memory_layout_seconds": 0.5101234503090382, "backend_build_node_feature_layout_seconds": 0.5954943895339966, "backend_compact_fill_seconds": 0.16269627958536148, "backend_compact_index_edges": 42781678.25, "backend_compact_index_frontier_nodes": 10257645.25, "backend_compact_index_seconds": 2.886600789614022, "backend_compact_index_unique_edges": 9939057.5, "backend_compact_index_unique_nodes": 10257645.25, "backend_compact_root_seconds": 0.713846423663199, "backend_compact_total_seconds": 3.911357224918902, "backend_convert_sampling_output_seconds": 0.7791535248979926, "backend_get_sampling_output_seconds": 4.880766671150923, "backend_materialize_create_seconds": 0.6066109538078308, "backend_materialize_move_seconds": 0.13451481238007545, "backend_materialize_seconds": 0.7394040171056986, "backend_negative_attach_seconds": 0.6424885438755155, "backend_neighbor_sample_from_nodes_seconds": 2.2008270248770714, "backend_patch_inputs_seconds": 0.8060071943327785, "backend_remap_dst_mismatch_count": 0.0, "backend_remap_src_mismatch_count": 0.0, "backend_root_remap_seconds": 0.09278534166514874, "backend_sampling_native_seconds": 7.876292017288506, "backend_sampling_request_seconds": 0.10471834242343903, "backend_sampling_seconds": 7.965699116699398, "backend_submit_edge_feature_seconds": 0.3612294541671872, "backend_submit_mailbox_seconds": 0.0, "backend_submit_memory_mailbox_seconds": 0.36150681879371405, "backend_submit_memory_seconds": 0.0, "backend_submit_node_feature_seconds": 0.6763933803886175, "backend_submit_reads_seconds": 1.3733050776645541, "backend_train_edge_filter_dropped_edges": 0.0, "backend_train_edge_filter_input_edges": 0.0, "backend_train_edge_filter_kept_edges": 0.0, "backend_wait_edge_feature_seconds": 0.08554319012910128, "backend_wait_mailbox_seconds": 0.0, "backend_wait_memory_mailbox_seconds": 0.13134852703660727, "backend_wait_memory_seconds": 0.0, "backend_wait_node_feature_seconds": 0.07756918575614691, "backend_wait_patch_seconds": 0.34447434451431036, "component_communication_seconds": 5.126635178923607, "component_sampling_seconds": 9.675860493443906, "component_training_seconds": 8.959868281148374, "component_unaccounted_seconds": 0.0, "loss": 0.6892449781475191, "mailbox_replica_index_build_wall_seconds": 0.0, "memory_commit_hook_build_wall_seconds": 2.2375956177711487e-05, "memory_replica_index_build_wall_seconds": 0.0, "seconds": 13.099208042025566, "stage_accounted_seconds": 10.306948062963784, "stage_backward_seconds": 2.3583057206124067, "stage_batch_wait_seconds": 3.3991138599812984, "stage_batches": 1688.0, "stage_encode_seconds": 3.265151613391936, "stage_finalize_seconds": 0.00013897381722927094, "stage_head_loss_seconds": 0.38330794870853424, "stage_mailbox_commit_row_fallback_count": 0.0, "stage_mailbox_commit_row_path_count": 176.0, "stage_memory_commit_build_seconds": 2.3316491208970547, "stage_memory_commit_mailbox_edge_select_seconds": 0.014945672824978828, "stage_memory_commit_replica_build_seconds": 0.0005475757643580437, "stage_memory_commit_row_fallback_count": 0.0, "stage_memory_commit_row_path_count": 598.0, "stage_memory_commit_seconds": 0.0016476185992360115, "stage_memory_commit_submit_seconds": 0.6291598025709391, "stage_memory_commit_wait_sync_seconds": 2.2949590580537915, "stage_metrics_seconds": 0.0, "stage_optimizer_all_reduce_seconds": 0.06374423950910568, "stage_optimizer_copyback_seconds": 0.27710051368921995, "stage_optimizer_flatten_seconds": 0.1558562107384205, "stage_optimizer_step_seconds": 1.0146172558888793, "stage_optimizer_steps": 422.0, "stage_optimizer_sync_seconds": 0.5055474741384387, "stage_sync_backward_seconds": 0.0001668594777584076, "stage_sync_batch_wait_seconds": 0.0002475110813975334, "stage_sync_encode_seconds": 0.0003073709085583687, "stage_sync_epoch_tail_seconds": 1.564621925354004e-07, "stage_sync_finalize_seconds": 2.9616057872772217e-07, "stage_sync_head_loss_seconds": 0.00026533380150794983, "stage_sync_memory_commit_seconds": 0.0002677040174603462, "stage_sync_metrics_seconds": 0.0, "stage_sync_optimizer_step_seconds": 0.00022364966571331024, "stage_unaccounted_seconds": 3.110896366648376, "stage_wall_seconds": 13.099208042025566, "train_epoch_call_wall_seconds": 13.099571513943374, "train_metrics_reduce_wall_seconds": 0.00701794121414423}, "val": {"ap": 0.9762356507585905, "auc": 0.9745245656517671, "loss": 0.4905931469561024}}, {"epoch": 42, "test": {"ap": 0.9773850120926446, "auc": 0.9768982025512738, "loss": 0.5045006221837618}, "timing": {"epoch_wall_seconds": 18.361081443727016, "other_wall_seconds": 0.007947243750095367, "test_wall_seconds": 2.6804028330370784, "train_call_wall_seconds": 13.143728560768068, "train_metrics_reduce_wall_seconds": 0.006907397881150246, "train_reported_seconds": 13.143501605838537, "train_wrapper_gap_seconds": 0.00022695492953062057, "val_wall_seconds": 2.529002806171775}, "train": {"backend_batch_build_seconds": 1.262759163044393, "backend_batches": 1688.0, "backend_build_edge_feature_layout_seconds": 0.0049950135871768, "backend_build_mailbox_layout_seconds": 0.0026682838797569275, "backend_build_memory_layout_seconds": 0.5191105762496591, "backend_build_node_feature_layout_seconds": 0.5872407089918852, "backend_compact_fill_seconds": 0.16305755265057087, "backend_compact_index_edges": 42783249.5, "backend_compact_index_frontier_nodes": 10260128.0, "backend_compact_index_seconds": 2.9022901812568307, "backend_compact_index_unique_edges": 9941519.5, "backend_compact_index_unique_nodes": 10260128.0, "backend_compact_root_seconds": 0.7195676472038031, "backend_compact_total_seconds": 3.935932577587664, "backend_convert_sampling_output_seconds": 0.7709918012842536, "backend_get_sampling_output_seconds": 4.906245660036802, "backend_materialize_create_seconds": 0.5949619887396693, "backend_materialize_move_seconds": 0.14036920480430126, "backend_materialize_seconds": 0.7278428785502911, "backend_negative_attach_seconds": 0.6646300721913576, "backend_neighbor_sample_from_nodes_seconds": 2.2109751803800464, "backend_patch_inputs_seconds": 0.7926827045157552, "backend_remap_dst_mismatch_count": 0.0, "backend_remap_src_mismatch_count": 0.0, "backend_root_remap_seconds": 0.10026000067591667, "backend_sampling_native_seconds": 7.902530305087566, "backend_sampling_request_seconds": 0.1059315325692296, "backend_sampling_seconds": 8.001985315233469, "backend_submit_edge_feature_seconds": 0.36718357261270285, "backend_submit_mailbox_seconds": 0.0, "backend_submit_memory_mailbox_seconds": 0.36510645784437656, "backend_submit_memory_seconds": 0.0, "backend_submit_node_feature_seconds": 0.6804324071854353, "backend_submit_reads_seconds": 1.3923367634415627, "backend_train_edge_filter_dropped_edges": 0.0, "backend_train_edge_filter_input_edges": 0.0, "backend_train_edge_filter_kept_edges": 0.0, "backend_wait_edge_feature_seconds": 0.08990232925862074, "backend_wait_mailbox_seconds": 0.0, "backend_wait_memory_mailbox_seconds": 0.12975335773080587, "backend_wait_memory_seconds": 0.0, "backend_wait_node_feature_seconds": 0.07811451237648726, "backend_wait_patch_seconds": 0.3385783424600959, "component_communication_seconds": 5.160395352169871, "component_sampling_seconds": 9.849872226826847, "component_training_seconds": 8.975266815163195, "component_unaccounted_seconds": 0.0, "loss": 0.6858003347299958, "mailbox_replica_index_build_wall_seconds": 0.0, "memory_commit_hook_build_wall_seconds": 2.3096799850463867e-05, "memory_replica_index_build_wall_seconds": 0.0, "seconds": 13.143501605838537, "stage_accounted_seconds": 10.352667236700654, "stage_backward_seconds": 2.3605159167200327, "stage_batch_wait_seconds": 3.446095953695476, "stage_batches": 1688.0, "stage_encode_seconds": 3.270808898843825, "stage_finalize_seconds": 0.00010749790817499161, "stage_head_loss_seconds": 0.38347385730594397, "stage_mailbox_commit_row_fallback_count": 0.0, "stage_mailbox_commit_row_path_count": 176.0, "stage_memory_commit_build_seconds": 2.327574184164405, "stage_memory_commit_mailbox_edge_select_seconds": 0.015379507094621658, "stage_memory_commit_replica_build_seconds": 0.0005580512806773186, "stage_memory_commit_row_fallback_count": 0.0, "stage_memory_commit_row_path_count": 598.0, "stage_memory_commit_seconds": 0.0016210516914725304, "stage_memory_commit_submit_seconds": 0.6118509145453572, "stage_memory_commit_wait_sync_seconds": 2.290555906482041, "stage_metrics_seconds": 0.0, "stage_optimizer_all_reduce_seconds": 0.06401441153138876, "stage_optimizer_copyback_seconds": 0.27068416588008404, "stage_optimizer_flatten_seconds": 0.1608334183692932, "stage_optimizer_step_seconds": 1.0345629202201962, "stage_optimizer_steps": 422.0, "stage_optimizer_sync_seconds": 0.5025577079504728, "stage_sync_backward_seconds": 0.00016443617641925812, "stage_sync_batch_wait_seconds": 0.00024048704653978348, "stage_sync_encode_seconds": 0.0003101695328950882, "stage_sync_epoch_tail_seconds": 1.8812716007232666e-07, "stage_sync_finalize_seconds": 2.766028046607971e-07, "stage_sync_head_loss_seconds": 0.0002695377916097641, "stage_sync_memory_commit_seconds": 0.00026835594326257706, "stage_sync_metrics_seconds": 0.0, "stage_sync_optimizer_step_seconds": 0.00022204872220754623, "stage_unaccounted_seconds": 3.088495071977377, "stage_wall_seconds": 13.143501605838537, "train_epoch_call_wall_seconds": 13.143834600225091, "train_metrics_reduce_wall_seconds": 0.006907397881150246}, "val": {"ap": 0.9761918659041136, "auc": 0.9744556361456033, "loss": 0.497828405265781}}, {"epoch": 43, "test": {"ap": 0.9772847207130009, "auc": 0.9768059252345928, "loss": 0.4989890898154541}, "timing": {"epoch_wall_seconds": 18.368546665646136, "other_wall_seconds": 0.007931326515972614, "test_wall_seconds": 2.70186588447541, "train_call_wall_seconds": 13.120403986424208, "train_metrics_reduce_wall_seconds": 0.006901991553604603, "train_reported_seconds": 13.120274867862463, "train_wrapper_gap_seconds": 0.00012911856174468994, "val_wall_seconds": 2.5383454682305455}, "train": {"backend_batch_build_seconds": 1.2313914988189936, "backend_batches": 1688.0, "backend_build_edge_feature_layout_seconds": 0.006914576515555382, "backend_build_mailbox_layout_seconds": 0.0028944266960024834, "backend_build_memory_layout_seconds": 0.5640525044873357, "backend_build_node_feature_layout_seconds": 0.651805654168129, "backend_compact_fill_seconds": 0.16441663913428783, "backend_compact_index_edges": 42780388.5, "backend_compact_index_frontier_nodes": 10256484.75, "backend_compact_index_seconds": 2.908439425751567, "backend_compact_index_unique_edges": 9937690.25, "backend_compact_index_unique_nodes": 10256484.75, "backend_compact_root_seconds": 0.7148190904408693, "backend_compact_total_seconds": 3.93940260540694, "backend_convert_sampling_output_seconds": 0.7802987219765782, "backend_get_sampling_output_seconds": 4.910715741105378, "backend_materialize_create_seconds": 0.6130738509818912, "backend_materialize_move_seconds": 0.13641543872654438, "backend_materialize_seconds": 0.7444882243871689, "backend_negative_attach_seconds": 0.6905253194272518, "backend_neighbor_sample_from_nodes_seconds": 2.212610673159361, "backend_patch_inputs_seconds": 0.8018717123195529, "backend_remap_dst_mismatch_count": 0.0, "backend_remap_src_mismatch_count": 0.0, "backend_root_remap_seconds": 0.09301132801920176, "backend_sampling_native_seconds": 7.919370793737471, "backend_sampling_request_seconds": 0.11731336265802383, "backend_sampling_seconds": 8.022332437336445, "backend_submit_edge_feature_seconds": 0.393572349101305, "backend_submit_mailbox_seconds": 0.0, "backend_submit_memory_mailbox_seconds": 0.35369148664176464, "backend_submit_memory_seconds": 0.0, "backend_submit_node_feature_seconds": 0.6595324883237481, "backend_submit_reads_seconds": 1.380010393448174, "backend_train_edge_filter_dropped_edges": 0.0, "backend_train_edge_filter_input_edges": 0.0, "backend_train_edge_filter_kept_edges": 0.0, "backend_wait_edge_feature_seconds": 0.08422954380512238, "backend_wait_mailbox_seconds": 0.0, "backend_wait_memory_mailbox_seconds": 0.13055619597434998, "backend_wait_memory_seconds": 0.0, "backend_wait_node_feature_seconds": 0.08187495358288288, "backend_wait_patch_seconds": 0.3431660821661353, "component_communication_seconds": 5.135665023699403, "component_sampling_seconds": 9.729405467398465, "component_training_seconds": 8.945953955873847, "component_unaccounted_seconds": 0.0, "loss": 0.6862592829382532, "mailbox_replica_index_build_wall_seconds": 0.0, "memory_commit_hook_build_wall_seconds": 2.2510066628456116e-05, "memory_replica_index_build_wall_seconds": 0.0, "seconds": 13.120274867862463, "stage_accounted_seconds": 10.314103060401976, "stage_backward_seconds": 2.315888185054064, "stage_batch_wait_seconds": 3.4309865217655897, "stage_batches": 1688.0, "stage_encode_seconds": 3.2601838251575828, "stage_finalize_seconds": 0.00010216515511274338, "stage_head_loss_seconds": 0.38628000766038895, "stage_mailbox_commit_row_fallback_count": 0.0, "stage_mailbox_commit_row_path_count": 176.0, "stage_memory_commit_build_seconds": 2.3150808047503233, "stage_memory_commit_mailbox_edge_select_seconds": 0.01842600852251053, "stage_memory_commit_replica_build_seconds": 0.0005466174334287643, "stage_memory_commit_row_fallback_count": 0.0, "stage_memory_commit_row_path_count": 598.0, "stage_memory_commit_seconds": 0.001627306453883648, "stage_memory_commit_submit_seconds": 0.6208936981856823, "stage_memory_commit_wait_sync_seconds": 2.274400617927313, "stage_metrics_seconds": 0.0, "stage_optimizer_all_reduce_seconds": 0.06453075166791677, "stage_optimizer_copyback_seconds": 0.26599502842873335, "stage_optimizer_flatten_seconds": 0.15435686986893415, "stage_optimizer_step_seconds": 1.0023827124387026, "stage_optimizer_steps": 422.0, "stage_optimizer_sync_seconds": 0.49018183536827564, "stage_sync_backward_seconds": 0.00016517098993062973, "stage_sync_batch_wait_seconds": 0.00024487823247909546, "stage_sync_encode_seconds": 0.00031294673681259155, "stage_sync_epoch_tail_seconds": 1.8440186977386475e-07, "stage_sync_finalize_seconds": 2.8219074010849e-07, "stage_sync_head_loss_seconds": 0.00026985909789800644, "stage_sync_memory_commit_seconds": 0.0002732500433921814, "stage_sync_metrics_seconds": 0.0, "stage_sync_optimizer_step_seconds": 0.00021956022828817368, "stage_unaccounted_seconds": 3.0758730517700315, "stage_wall_seconds": 13.120274867862463, "train_epoch_call_wall_seconds": 13.12062519788742, "train_metrics_reduce_wall_seconds": 0.006901991553604603}, "val": {"ap": 0.9757402768038073, "auc": 0.9740025116626931, "loss": 0.49776139423589816}}, {"epoch": 44, "test": {"ap": 0.9771792969276131, "auc": 0.9766287736565409, "loss": 0.500475377691063}, "timing": {"epoch_wall_seconds": 18.388102734461427, "other_wall_seconds": 0.010533425956964493, "test_wall_seconds": 2.6670626057311893, "train_call_wall_seconds": 13.161133146844804, "train_metrics_reduce_wall_seconds": 0.007066383026540279, "train_reported_seconds": 13.163268808275461, "train_wrapper_gap_seconds": 0.0, "val_wall_seconds": 2.5493735559284687}, "train": {"backend_batch_build_seconds": 1.1438226317986846, "backend_batches": 1688.0, "backend_build_edge_feature_layout_seconds": 0.005733362399041653, "backend_build_mailbox_layout_seconds": 0.0027221860364079475, "backend_build_memory_layout_seconds": 0.5344705879688263, "backend_build_node_feature_layout_seconds": 0.6589202117174864, "backend_compact_fill_seconds": 0.16257629729807377, "backend_compact_index_edges": 42780621.75, "backend_compact_index_frontier_nodes": 10257407.5, "backend_compact_index_seconds": 2.9081963915377855, "backend_compact_index_unique_edges": 9938718.0, "backend_compact_index_unique_nodes": 10257407.5, "backend_compact_root_seconds": 0.7192752538248897, "backend_compact_total_seconds": 3.9340419368818402, "backend_convert_sampling_output_seconds": 0.7721525225788355, "backend_get_sampling_output_seconds": 4.913299570791423, "backend_materialize_create_seconds": 0.6567833619192243, "backend_materialize_move_seconds": 0.14182964153587818, "backend_materialize_seconds": 0.7986130034551024, "backend_negative_attach_seconds": 0.7557078534737229, "backend_neighbor_sample_from_nodes_seconds": 2.2067617997527122, "backend_patch_inputs_seconds": 0.8169926945120096, "backend_remap_dst_mismatch_count": 0.0, "backend_remap_src_mismatch_count": 0.0, "backend_root_remap_seconds": 0.10290231835097075, "backend_sampling_native_seconds": 7.9060965096578, "backend_sampling_request_seconds": 0.09031877759844065, "backend_sampling_seconds": 7.997380060143769, "backend_submit_edge_feature_seconds": 0.34647110011428595, "backend_submit_mailbox_seconds": 0.0, "backend_submit_memory_mailbox_seconds": 0.37890837993472815, "backend_submit_memory_seconds": 0.0, "backend_submit_node_feature_seconds": 0.763198247179389, "backend_submit_reads_seconds": 1.4542528493329883, "backend_train_edge_filter_dropped_edges": 0.0, "backend_train_edge_filter_input_edges": 0.0, "backend_train_edge_filter_kept_edges": 0.0, "backend_wait_edge_feature_seconds": 0.08282754477113485, "backend_wait_mailbox_seconds": 0.0, "backend_wait_memory_mailbox_seconds": 0.124693613499403, "backend_wait_memory_seconds": 0.0, "backend_wait_node_feature_seconds": 0.07975945435464382, "backend_wait_patch_seconds": 0.3704751543700695, "component_communication_seconds": 5.200171730481088, "component_sampling_seconds": 9.821506202220917, "component_training_seconds": 8.955188767053187, "component_unaccounted_seconds": 0.0, "loss": 0.6865316901479569, "mailbox_replica_index_build_wall_seconds": 0.0, "memory_commit_hook_build_wall_seconds": 2.5602057576179504e-05, "memory_replica_index_build_wall_seconds": 0.0, "seconds": 13.163268808275461, "stage_accounted_seconds": 10.416044525802135, "stage_backward_seconds": 2.36543111782521, "stage_batch_wait_seconds": 3.4947645161300898, "stage_batches": 1688.0, "stage_encode_seconds": 3.273137241601944, "stage_finalize_seconds": 9.2322938144207e-05, "stage_head_loss_seconds": 0.3861420461907983, "stage_mailbox_commit_row_fallback_count": 0.0, "stage_mailbox_commit_row_path_count": 176.0, "stage_memory_commit_build_seconds": 2.3196447137743235, "stage_memory_commit_mailbox_edge_select_seconds": 0.015366530045866966, "stage_memory_commit_replica_build_seconds": 0.0005402276292443275, "stage_memory_commit_row_fallback_count": 0.0, "stage_memory_commit_row_path_count": 598.0, "stage_memory_commit_seconds": 0.0016415882855653763, "stage_memory_commit_submit_seconds": 0.6002960409969091, "stage_memory_commit_wait_sync_seconds": 2.2820587791502476, "stage_metrics_seconds": 0.0, "stage_optimizer_all_reduce_seconds": 0.06333711557090282, "stage_optimizer_copyback_seconds": 0.26200616266578436, "stage_optimizer_flatten_seconds": 0.15032528806477785, "stage_optimizer_step_seconds": 1.0139821618795395, "stage_optimizer_steps": 422.0, "stage_optimizer_sync_seconds": 0.4902656115591526, "stage_sync_backward_seconds": 0.0001673176884651184, "stage_sync_batch_wait_seconds": 0.00023827794939279556, "stage_sync_encode_seconds": 0.00030679162591695786, "stage_sync_epoch_tail_seconds": 1.7136335372924805e-07, "stage_sync_finalize_seconds": 2.8032809495925903e-07, "stage_sync_head_loss_seconds": 0.00027380045503377914, "stage_sync_memory_commit_seconds": 0.0002712598070502281, "stage_sync_metrics_seconds": 0.0, "stage_sync_optimizer_step_seconds": 0.00022513791918754578, "stage_unaccounted_seconds": 3.0653595961630344, "stage_wall_seconds": 13.163268808275461, "train_epoch_call_wall_seconds": 13.1636254042387, "train_metrics_reduce_wall_seconds": 0.007066383026540279}, "val": {"ap": 0.9762214085807502, "auc": 0.9744806220112197, "loss": 0.49534952682866296}}, {"epoch": 45, "test": {"ap": 0.9769720790684723, "auc": 0.9764934300383639, "loss": 0.5124908989634027}, "timing": {"epoch_wall_seconds": 18.41670711990446, "other_wall_seconds": 0.008226289413869381, "test_wall_seconds": 2.680590075440705, "train_call_wall_seconds": 13.174759643152356, "train_metrics_reduce_wall_seconds": 0.007115066051483154, "train_reported_seconds": 13.174574268050492, "train_wrapper_gap_seconds": 0.00018537510186433792, "val_wall_seconds": 2.553131111897528}, "train": {"backend_batch_build_seconds": 1.1811604294925928, "backend_batches": 1688.0, "backend_build_edge_feature_layout_seconds": 0.006856935098767281, "backend_build_mailbox_layout_seconds": 0.003028150647878647, "backend_build_memory_layout_seconds": 0.5763242691755295, "backend_build_node_feature_layout_seconds": 0.6608041096478701, "backend_compact_fill_seconds": 0.16290536429733038, "backend_compact_index_edges": 42781821.75, "backend_compact_index_frontier_nodes": 10258119.5, "backend_compact_index_seconds": 2.9010646967217326, "backend_compact_index_unique_edges": 9939450.5, "backend_compact_index_unique_nodes": 10258119.5, "backend_compact_root_seconds": 0.7208522204309702, "backend_compact_total_seconds": 3.9359881868585944, "backend_convert_sampling_output_seconds": 0.7785857114940882, "backend_get_sampling_output_seconds": 4.903349840082228, "backend_materialize_create_seconds": 0.6139539843425155, "backend_materialize_move_seconds": 0.1383701777085662, "backend_materialize_seconds": 0.7450205627828836, "backend_negative_attach_seconds": 0.7130638342350721, "backend_neighbor_sample_from_nodes_seconds": 2.187256434932351, "backend_patch_inputs_seconds": 0.7966582775115967, "backend_remap_dst_mismatch_count": 0.0, "backend_remap_src_mismatch_count": 0.0, "backend_root_remap_seconds": 0.09601778723299503, "backend_sampling_native_seconds": 7.884057335555553, "backend_sampling_request_seconds": 0.10355428885668516, "backend_sampling_seconds": 7.981678359210491, "backend_submit_edge_feature_seconds": 0.3595074722543359, "backend_submit_mailbox_seconds": 0.0, "backend_submit_memory_mailbox_seconds": 0.3669017795473337, "backend_submit_memory_seconds": 0.0, "backend_submit_node_feature_seconds": 0.7123947255313396, "backend_submit_reads_seconds": 1.4133814377710223, "backend_train_edge_filter_dropped_edges": 0.0, "backend_train_edge_filter_input_edges": 0.0, "backend_train_edge_filter_kept_edges": 0.0, "backend_wait_edge_feature_seconds": 0.08429709728807211, "backend_wait_mailbox_seconds": 0.0, "backend_wait_memory_mailbox_seconds": 0.12917378544807434, "backend_wait_memory_seconds": 0.0, "backend_wait_node_feature_seconds": 0.08134681731462479, "backend_wait_patch_seconds": 0.34088375978171825, "component_communication_seconds": 5.116623385809362, "component_sampling_seconds": 9.811806893907487, "component_training_seconds": 8.984628013335168, "component_unaccounted_seconds": 0.0, "loss": 0.6872816423916421, "mailbox_replica_index_build_wall_seconds": 0.0, "memory_commit_hook_build_wall_seconds": 2.22744420170784e-05, "memory_replica_index_build_wall_seconds": 0.0, "seconds": 13.174574268050492, "stage_accounted_seconds": 10.428858991712332, "stage_backward_seconds": 2.381485566496849, "stage_batch_wait_seconds": 3.447548276744783, "stage_batches": 1688.0, "stage_encode_seconds": 3.294557380490005, "stage_finalize_seconds": 0.00010242592543363571, "stage_head_loss_seconds": 0.40768277645111084, "stage_mailbox_commit_row_fallback_count": 0.0, "stage_mailbox_commit_row_path_count": 176.0, "stage_memory_commit_build_seconds": 2.2853690776973963, "stage_memory_commit_mailbox_edge_select_seconds": 0.015736548230051994, "stage_memory_commit_replica_build_seconds": 0.0005383342504501343, "stage_memory_commit_row_fallback_count": 0.0, "stage_memory_commit_row_path_count": 598.0, "stage_memory_commit_seconds": 0.0016346368938684464, "stage_memory_commit_submit_seconds": 0.6268971273675561, "stage_memory_commit_wait_sync_seconds": 2.2488687681034207, "stage_metrics_seconds": 0.0, "stage_optimizer_all_reduce_seconds": 0.06385946646332741, "stage_optimizer_copyback_seconds": 0.2797105675563216, "stage_optimizer_flatten_seconds": 0.17411088664084673, "stage_optimizer_step_seconds": 1.0277240741997957, "stage_optimizer_steps": 422.0, "stage_optimizer_sync_seconds": 0.5096088964492083, "stage_sync_backward_seconds": 0.00017176009714603424, "stage_sync_batch_wait_seconds": 0.0002483716234564781, "stage_sync_encode_seconds": 0.00032144878059625626, "stage_sync_epoch_tail_seconds": 1.648440957069397e-07, "stage_sync_finalize_seconds": 2.775341272354126e-07, "stage_sync_head_loss_seconds": 0.0002826554700732231, "stage_sync_memory_commit_seconds": 0.0002751387655735016, "stage_sync_metrics_seconds": 0.0, "stage_sync_optimizer_step_seconds": 0.00022495724260807037, "stage_unaccounted_seconds": 3.059332516975701, "stage_wall_seconds": 13.174574268050492, "train_epoch_call_wall_seconds": 13.174906918779016, "train_metrics_reduce_wall_seconds": 0.007115066051483154}, "val": {"ap": 0.9757453709411595, "auc": 0.9739918139525608, "loss": 0.505032451230694}}, {"epoch": 46, "test": {"ap": 0.976994800420922, "auc": 0.976568334592774, "loss": 0.5006483750925823}, "timing": {"epoch_wall_seconds": 18.373173681087792, "other_wall_seconds": 0.008237126283347607, "test_wall_seconds": 2.6751708844676614, "train_call_wall_seconds": 13.156941288150847, "train_metrics_reduce_wall_seconds": 0.007142709568142891, "train_reported_seconds": 13.156502813100815, "train_wrapper_gap_seconds": 0.0004384750500321388, "val_wall_seconds": 2.532824382185936}, "train": {"backend_batch_build_seconds": 1.2360002137720585, "backend_batches": 1688.0, "backend_build_edge_feature_layout_seconds": 0.00516345351934433, "backend_build_mailbox_layout_seconds": 0.0025838157162070274, "backend_build_memory_layout_seconds": 0.5152593329548836, "backend_build_node_feature_layout_seconds": 0.6002178359776735, "backend_compact_fill_seconds": 0.16267504449933767, "backend_compact_index_edges": 42782340.75, "backend_compact_index_frontier_nodes": 10258302.0, "backend_compact_index_seconds": 2.885054800659418, "backend_compact_index_unique_edges": 9939646.0, "backend_compact_index_unique_nodes": 10258302.0, "backend_compact_root_seconds": 0.7140913978219032, "backend_compact_total_seconds": 3.914073972031474, "backend_convert_sampling_output_seconds": 0.774035569280386, "backend_get_sampling_output_seconds": 4.880947715602815, "backend_materialize_create_seconds": 0.5999365374445915, "backend_materialize_move_seconds": 0.13552386779338121, "backend_materialize_seconds": 0.7332533625885844, "backend_negative_attach_seconds": 0.698574885725975, "backend_neighbor_sample_from_nodes_seconds": 2.1972892498597503, "backend_patch_inputs_seconds": 0.8063466465100646, "backend_remap_dst_mismatch_count": 0.0, "backend_remap_src_mismatch_count": 0.0, "backend_root_remap_seconds": 0.09529150184243917, "backend_sampling_native_seconds": 7.8665069825947285, "backend_sampling_request_seconds": 0.11874892003834248, "backend_sampling_seconds": 7.940131257288158, "backend_submit_edge_feature_seconds": 0.37455796636641026, "backend_submit_mailbox_seconds": 0.0, "backend_submit_memory_mailbox_seconds": 0.3696730686351657, "backend_submit_memory_seconds": 0.0, "backend_submit_node_feature_seconds": 0.6911835446953773, "backend_submit_reads_seconds": 1.4017286328598857, "backend_train_edge_filter_dropped_edges": 0.0, "backend_train_edge_filter_input_edges": 0.0, "backend_train_edge_filter_kept_edges": 0.0, "backend_wait_edge_feature_seconds": 0.08648503758013248, "backend_wait_mailbox_seconds": 0.0, "backend_wait_memory_mailbox_seconds": 0.1334545537829399, "backend_wait_memory_seconds": 0.0, "backend_wait_node_feature_seconds": 0.08368656132370234, "backend_wait_patch_seconds": 0.34994249511510134, "component_communication_seconds": 5.104740931652486, "component_sampling_seconds": 9.858563077636063, "component_training_seconds": 8.993163487873971, "component_unaccounted_seconds": 0.0, "loss": 0.6873769342051863, "mailbox_replica_index_build_wall_seconds": 0.0, "memory_commit_hook_build_wall_seconds": 2.2081658244132996e-05, "memory_replica_index_build_wall_seconds": 0.0, "seconds": 13.156502813100815, "stage_accounted_seconds": 10.426764010451734, "stage_backward_seconds": 2.3863767627626657, "stage_batch_wait_seconds": 3.458346546627581, "stage_batches": 1688.0, "stage_encode_seconds": 3.2956442879512906, "stage_finalize_seconds": 0.00019155070185661316, "stage_head_loss_seconds": 0.4042418198660016, "stage_mailbox_commit_row_fallback_count": 0.0, "stage_mailbox_commit_row_path_count": 176.0, "stage_memory_commit_build_seconds": 2.279154611751437, "stage_memory_commit_mailbox_edge_select_seconds": 0.01715869829058647, "stage_memory_commit_replica_build_seconds": 0.000538364052772522, "stage_memory_commit_row_fallback_count": 0.0, "stage_memory_commit_row_path_count": 598.0, "stage_memory_commit_seconds": 0.0016345921903848648, "stage_memory_commit_submit_seconds": 0.5977988615632057, "stage_memory_commit_wait_sync_seconds": 2.239885216578841, "stage_metrics_seconds": 0.0, "stage_optimizer_all_reduce_seconds": 0.06343770306557417, "stage_optimizer_copyback_seconds": 0.261483121663332, "stage_optimizer_flatten_seconds": 0.15379166323691607, "stage_optimizer_step_seconds": 1.0070030055940151, "stage_optimizer_steps": 422.0, "stage_optimizer_sync_seconds": 0.4874679744243622, "stage_sync_backward_seconds": 0.00017279665917158127, "stage_sync_batch_wait_seconds": 0.0002506924793124199, "stage_sync_encode_seconds": 0.00031406059861183167, "stage_sync_epoch_tail_seconds": 1.51805579662323e-07, "stage_sync_finalize_seconds": 3.0640512704849243e-07, "stage_sync_head_loss_seconds": 0.0002804417163133621, "stage_sync_memory_commit_seconds": 0.0002733767032623291, "stage_sync_metrics_seconds": 0.0, "stage_sync_optimizer_step_seconds": 0.00022363383322954178, "stage_unaccounted_seconds": 3.022082523442805, "stage_wall_seconds": 13.156502813100815, "train_epoch_call_wall_seconds": 13.156901921145618, "train_metrics_reduce_wall_seconds": 0.007142709568142891}, "val": {"ap": 0.975749838234093, "auc": 0.9740645177051376, "loss": 0.4950952772051096}}, {"epoch": 47, "test": {"ap": 0.976843390341889, "auc": 0.9762920829920906, "loss": 0.5113506054675038}, "timing": {"epoch_wall_seconds": 18.692633000202477, "other_wall_seconds": 0.008201858960092068, "test_wall_seconds": 2.69030215870589, "train_call_wall_seconds": 13.44044860266149, "train_metrics_reduce_wall_seconds": 0.007097288966178894, "train_reported_seconds": 13.440315563231707, "train_wrapper_gap_seconds": 0.0001330394297838211, "val_wall_seconds": 2.5536803798750043}, "train": {"backend_batch_build_seconds": 1.291239645332098, "backend_batches": 1688.0, "backend_build_edge_feature_layout_seconds": 0.007554695941507816, "backend_build_mailbox_layout_seconds": 0.0032654348760843277, "backend_build_memory_layout_seconds": 0.6707223216071725, "backend_build_node_feature_layout_seconds": 0.8263092348352075, "backend_compact_fill_seconds": 0.16284977551549673, "backend_compact_index_edges": 42779981.25, "backend_compact_index_frontier_nodes": 10257612.5, "backend_compact_index_seconds": 2.8921427354216576, "backend_compact_index_unique_edges": 9938583.25, "backend_compact_index_unique_nodes": 10257612.5, "backend_compact_root_seconds": 0.7113057132810354, "backend_compact_total_seconds": 3.929047977551818, "backend_convert_sampling_output_seconds": 0.7769320942461491, "backend_get_sampling_output_seconds": 4.896223886869848, "backend_materialize_create_seconds": 0.7887767171487212, "backend_materialize_move_seconds": 0.17133288085460663, "backend_materialize_seconds": 0.9601095980033278, "backend_negative_attach_seconds": 0.8758988408371806, "backend_neighbor_sample_from_nodes_seconds": 2.192396603524685, "backend_patch_inputs_seconds": 0.865237032994628, "backend_remap_dst_mismatch_count": 0.0, "backend_remap_src_mismatch_count": 0.0, "backend_root_remap_seconds": 0.11831730976700783, "backend_sampling_native_seconds": 7.882482440210879, "backend_sampling_request_seconds": 0.10516113974153996, "backend_sampling_seconds": 7.963329917751253, "backend_submit_edge_feature_seconds": 0.39835256338119507, "backend_submit_mailbox_seconds": 0.0, "backend_submit_memory_mailbox_seconds": 0.36258829571306705, "backend_submit_memory_seconds": 0.0, "backend_submit_node_feature_seconds": 0.9374811723828316, "backend_submit_reads_seconds": 1.6584984734654427, "backend_train_edge_filter_dropped_edges": 0.0, "backend_train_edge_filter_input_edges": 0.0, "backend_train_edge_filter_kept_edges": 0.0, "backend_wait_edge_feature_seconds": 0.0860478924587369, "backend_wait_mailbox_seconds": 0.0, "backend_wait_memory_mailbox_seconds": 0.13211339339613914, "backend_wait_memory_seconds": 0.0, "backend_wait_node_feature_seconds": 0.07801548484712839, "backend_wait_patch_seconds": 0.42771125584840775, "component_communication_seconds": 5.385575495660305, "component_sampling_seconds": 9.82134114485234, "component_training_seconds": 8.981165362522006, "component_unaccounted_seconds": 0.0, "loss": 0.6876487653720154, "mailbox_replica_index_build_wall_seconds": 0.0, "memory_commit_hook_build_wall_seconds": 2.3445114493370056e-05, "memory_replica_index_build_wall_seconds": 0.0, "seconds": 13.440315563231707, "stage_accounted_seconds": 10.705967210233212, "stage_backward_seconds": 2.3728782376274467, "stage_batch_wait_seconds": 3.7357337698340416, "stage_batches": 1688.0, "stage_encode_seconds": 3.297134363092482, "stage_finalize_seconds": 0.00011314265429973602, "stage_head_loss_seconds": 0.3919192813336849, "stage_mailbox_commit_row_fallback_count": 0.0, "stage_mailbox_commit_row_path_count": 176.0, "stage_memory_commit_build_seconds": 2.2987318001687527, "stage_memory_commit_mailbox_edge_select_seconds": 0.014957264065742493, "stage_memory_commit_replica_build_seconds": 0.0005508009344339371, "stage_memory_commit_row_fallback_count": 0.0, "stage_memory_commit_row_path_count": 598.0, "stage_memory_commit_seconds": 0.001637798734009266, "stage_memory_commit_submit_seconds": 0.6100785452872515, "stage_memory_commit_wait_sync_seconds": 2.2615633299574256, "stage_metrics_seconds": 0.0, "stage_optimizer_all_reduce_seconds": 0.059492784552276134, "stage_optimizer_copyback_seconds": 0.273364189080894, "stage_optimizer_flatten_seconds": 0.1586758503690362, "stage_optimizer_step_seconds": 1.0049188192933798, "stage_optimizer_steps": 422.0, "stage_optimizer_sync_seconds": 0.5063866935670376, "stage_sync_backward_seconds": 0.0001736767590045929, "stage_sync_batch_wait_seconds": 0.00025140587240457535, "stage_sync_encode_seconds": 0.00032038241624832153, "stage_sync_epoch_tail_seconds": 1.6111880540847778e-07, "stage_sync_finalize_seconds": 2.9709190130233765e-07, "stage_sync_head_loss_seconds": 0.00027749501168727875, "stage_sync_memory_commit_seconds": 0.0002712039276957512, "stage_sync_metrics_seconds": 0.0, "stage_sync_optimizer_step_seconds": 0.00022219307720661163, "stage_unaccounted_seconds": 3.0563778886571527, "stage_wall_seconds": 13.440315563231707, "train_epoch_call_wall_seconds": 13.44068488292396, "train_metrics_reduce_wall_seconds": 0.007097288966178894}, "val": {"ap": 0.9757660918004076, "auc": 0.9740372885024194, "loss": 0.5051837458529256}}, {"epoch": 48, "test": {"ap": 0.9769134521217275, "auc": 0.9763517936464216, "loss": 0.49883494052019983}, "timing": {"epoch_wall_seconds": 18.450965164229274, "other_wall_seconds": 0.00837576761841774, "test_wall_seconds": 2.6876309318467975, "train_call_wall_seconds": 13.20967205800116, "train_metrics_reduce_wall_seconds": 0.007262079976499081, "train_reported_seconds": 13.20944350771606, "train_wrapper_gap_seconds": 0.0002285502851009369, "val_wall_seconds": 2.545286406762898}, "train": {"backend_batch_build_seconds": 1.1884002666920424, "backend_batches": 1688.0, "backend_build_edge_feature_layout_seconds": 0.007226409390568733, "backend_build_mailbox_layout_seconds": 0.003068661317229271, "backend_build_memory_layout_seconds": 0.601096460595727, "backend_build_node_feature_layout_seconds": 0.6764519298449159, "backend_compact_fill_seconds": 0.16521942149847746, "backend_compact_index_edges": 42778349.25, "backend_compact_index_frontier_nodes": 10255074.0, "backend_compact_index_seconds": 2.919319309294224, "backend_compact_index_unique_edges": 9935818.0, "backend_compact_index_unique_nodes": 10255074.0, "backend_compact_root_seconds": 0.7122935717925429, "backend_compact_total_seconds": 3.954902664758265, "backend_convert_sampling_output_seconds": 0.7817049268633127, "backend_get_sampling_output_seconds": 4.934774308465421, "backend_materialize_create_seconds": 0.6158865736797452, "backend_materialize_move_seconds": 0.141034166328609, "backend_materialize_seconds": 0.7569207400083542, "backend_negative_attach_seconds": 0.6433601006865501, "backend_neighbor_sample_from_nodes_seconds": 2.236390477977693, "backend_patch_inputs_seconds": 0.8101884415373206, "backend_remap_dst_mismatch_count": 0.0, "backend_remap_src_mismatch_count": 0.0, "backend_root_remap_seconds": 0.09719926863908768, "backend_sampling_native_seconds": 7.967544740997255, "backend_sampling_request_seconds": 0.09309992380440235, "backend_sampling_seconds": 8.060580732300878, "backend_submit_edge_feature_seconds": 0.34610791504383087, "backend_submit_mailbox_seconds": 0.0, "backend_submit_memory_mailbox_seconds": 0.39225468318909407, "backend_submit_memory_seconds": 0.0, "backend_submit_node_feature_seconds": 0.7197631178423762, "backend_submit_reads_seconds": 1.4173524612560868, "backend_train_edge_filter_dropped_edges": 0.0, "backend_train_edge_filter_input_edges": 0.0, "backend_train_edge_filter_kept_edges": 0.0, "backend_wait_edge_feature_seconds": 0.08654855843633413, "backend_wait_mailbox_seconds": 0.0, "backend_wait_memory_mailbox_seconds": 0.13033162150532007, "backend_wait_memory_seconds": 0.0, "backend_wait_node_feature_seconds": 0.0776031631976366, "backend_wait_patch_seconds": 0.3512523854151368, "component_communication_seconds": 5.158827620558441, "component_sampling_seconds": 9.817133788950741, "component_training_seconds": 9.013890581205487, "component_unaccounted_seconds": 0.0, "loss": 0.6864733447572349, "mailbox_replica_index_build_wall_seconds": 0.0, "memory_commit_hook_build_wall_seconds": 2.3145228624343872e-05, "memory_replica_index_build_wall_seconds": 0.0, "seconds": 13.20944350771606, "stage_accounted_seconds": 10.455941165797412, "stage_backward_seconds": 2.4006888987496495, "stage_batch_wait_seconds": 3.4755195919424295, "stage_batches": 1688.0, "stage_encode_seconds": 3.3041495215147734, "stage_finalize_seconds": 9.983032941818237e-05, "stage_head_loss_seconds": 0.39820051193237305, "stage_mailbox_commit_row_fallback_count": 0.0, "stage_mailbox_commit_row_path_count": 176.0, "stage_memory_commit_build_seconds": 2.2949455296620727, "stage_memory_commit_mailbox_edge_select_seconds": 0.014906889759004116, "stage_memory_commit_replica_build_seconds": 0.0005459543317556381, "stage_memory_commit_row_fallback_count": 0.0, "stage_memory_commit_row_path_count": 598.0, "stage_memory_commit_seconds": 0.0016406653448939323, "stage_memory_commit_submit_seconds": 0.6221172660589218, "stage_memory_commit_wait_sync_seconds": 2.2582631949335337, "stage_metrics_seconds": 0.0, "stage_optimizer_all_reduce_seconds": 0.06375400070101023, "stage_optimizer_copyback_seconds": 0.2638610675930977, "stage_optimizer_flatten_seconds": 0.15330235566943884, "stage_optimizer_step_seconds": 1.0055670412257314, "stage_optimizer_steps": 422.0, "stage_optimizer_sync_seconds": 0.480573620647192, "stage_sync_backward_seconds": 0.00017449818551540375, "stage_sync_batch_wait_seconds": 0.00023901090025901794, "stage_sync_encode_seconds": 0.0003050547093153, "stage_sync_epoch_tail_seconds": 1.5087425708770752e-07, "stage_sync_finalize_seconds": 3.25031578540802e-07, "stage_sync_head_loss_seconds": 0.000276343896985054, "stage_sync_memory_commit_seconds": 0.0002718959003686905, "stage_sync_metrics_seconds": 0.0, "stage_sync_optimizer_step_seconds": 0.00023793429136276245, "stage_unaccounted_seconds": 3.0672545172274113, "stage_wall_seconds": 13.20944350771606, "train_epoch_call_wall_seconds": 13.209799739532173, "train_metrics_reduce_wall_seconds": 0.007262079976499081}, "val": {"ap": 0.9760796146680439, "auc": 0.9743265314030071, "loss": 0.4926872610707175}}, {"epoch": 49, "test": {"ap": 0.9770375877200108, "auc": 0.9765266826896708, "loss": 0.4903468224643306}, "timing": {"epoch_wall_seconds": 18.431031144224107, "other_wall_seconds": 0.008107217028737068, "test_wall_seconds": 2.6735585341230035, "train_call_wall_seconds": 13.202667932026088, "train_metrics_reduce_wall_seconds": 0.0069973161444067955, "train_reported_seconds": 13.202443439513445, "train_wrapper_gap_seconds": 0.00022449251264333725, "val_wall_seconds": 2.5466974610462785}, "train": {"backend_batch_build_seconds": 1.1863559996709228, "backend_batches": 1688.0, "backend_build_edge_feature_layout_seconds": 0.006646318361163139, "backend_build_mailbox_layout_seconds": 0.0026909569278359413, "backend_build_memory_layout_seconds": 0.5950170326977968, "backend_build_node_feature_layout_seconds": 0.6549896206706762, "backend_compact_fill_seconds": 0.16653121169656515, "backend_compact_index_edges": 42778894.5, "backend_compact_index_frontier_nodes": 10255719.0, "backend_compact_index_seconds": 2.895438013598323, "backend_compact_index_unique_edges": 9937009.75, "backend_compact_index_unique_nodes": 10255719.0, "backend_compact_root_seconds": 0.7165574906393886, "backend_compact_total_seconds": 3.9150664741173387, "backend_convert_sampling_output_seconds": 0.7842978006228805, "backend_get_sampling_output_seconds": 4.898806557059288, "backend_materialize_create_seconds": 0.6153705874457955, "backend_materialize_move_seconds": 0.13642148301005363, "backend_materialize_seconds": 0.7480662893503904, "backend_negative_attach_seconds": 0.6657879510894418, "backend_neighbor_sample_from_nodes_seconds": 2.197182811796665, "backend_patch_inputs_seconds": 0.8095957422628999, "backend_remap_dst_mismatch_count": 0.0, "backend_remap_src_mismatch_count": 0.0, "backend_root_remap_seconds": 0.09411471709609032, "backend_sampling_native_seconds": 7.867283558472991, "backend_sampling_request_seconds": 0.10485915746539831, "backend_sampling_seconds": 7.956860524602234, "backend_submit_edge_feature_seconds": 0.36344068963080645, "backend_submit_mailbox_seconds": 0.0, "backend_submit_memory_mailbox_seconds": 0.3637240333482623, "backend_submit_memory_seconds": 0.0, "backend_submit_node_feature_seconds": 0.7120980434119701, "backend_submit_reads_seconds": 1.4208285938948393, "backend_train_edge_filter_dropped_edges": 0.0, "backend_train_edge_filter_input_edges": 0.0, "backend_train_edge_filter_kept_edges": 0.0, "backend_wait_edge_feature_seconds": 0.08423704467713833, "backend_wait_mailbox_seconds": 0.0, "backend_wait_memory_mailbox_seconds": 0.13125869911164045, "backend_wait_memory_seconds": 0.0, "backend_wait_node_feature_seconds": 0.07881877943873405, "backend_wait_patch_seconds": 0.3528685597702861, "component_communication_seconds": 5.173770632594824, "component_sampling_seconds": 9.760232644155622, "component_training_seconds": 9.025045618414879, "component_unaccounted_seconds": 0.0, "loss": 0.6858098125923867, "mailbox_replica_index_build_wall_seconds": 0.0, "memory_commit_hook_build_wall_seconds": 2.425163984298706e-05, "memory_replica_index_build_wall_seconds": 0.0, "seconds": 13.202443439513445, "stage_accounted_seconds": 10.420791568234563, "stage_backward_seconds": 2.385195524431765, "stage_batch_wait_seconds": 3.4528715321794152, "stage_batches": 1688.0, "stage_encode_seconds": 3.294923116452992, "stage_finalize_seconds": 9.294692426919937e-05, "stage_head_loss_seconds": 0.3980702729895711, "stage_mailbox_commit_row_fallback_count": 0.0, "stage_mailbox_commit_row_path_count": 176.0, "stage_memory_commit_build_seconds": 2.318344671279192, "stage_memory_commit_mailbox_edge_select_seconds": 0.01778437290340662, "stage_memory_commit_replica_build_seconds": 0.0005489150062203407, "stage_memory_commit_row_fallback_count": 0.0, "stage_memory_commit_row_path_count": 598.0, "stage_memory_commit_seconds": 0.0016290349885821342, "stage_memory_commit_submit_seconds": 0.622311394661665, "stage_memory_commit_wait_sync_seconds": 2.2815449284389615, "stage_metrics_seconds": 0.0, "stage_optimizer_all_reduce_seconds": 0.06290602497756481, "stage_optimizer_copyback_seconds": 0.2694018529728055, "stage_optimizer_flatten_seconds": 0.1655362918972969, "stage_optimizer_step_seconds": 1.0252690222114325, "stage_optimizer_steps": 422.0, "stage_optimizer_sync_seconds": 0.5028945738449693, "stage_sync_backward_seconds": 0.00017769262194633484, "stage_sync_batch_wait_seconds": 0.00024289730936288834, "stage_sync_encode_seconds": 0.00031913165003061295, "stage_sync_epoch_tail_seconds": 1.862645149230957e-07, "stage_sync_finalize_seconds": 2.868473529815674e-07, "stage_sync_head_loss_seconds": 0.0002824394032359123, "stage_sync_memory_commit_seconds": 0.0002763429656624794, "stage_sync_metrics_seconds": 0.0, "stage_sync_optimizer_step_seconds": 0.0002264631912112236, "stage_unaccounted_seconds": 3.0877860048785806, "stage_wall_seconds": 13.202443439513445, "train_epoch_call_wall_seconds": 13.202793459407985, "train_metrics_reduce_wall_seconds": 0.0069973161444067955}, "val": {"ap": 0.976335192800421, "auc": 0.9745971425803749, "loss": 0.48451845872808585}}], "execution_plan": "temporal_sampling", "rank": 0}
